player_id,season,gameweek,minutes,goals_scored,assists,clean_sheets,goals_conceded,own_goals,penalties_saved,penalties_missed,yellow_cards,red_cards,saves,bonus,bps,influence,creativity,threat,ict_index,total_points,now_cost,selected_by_percent,transfers_in,transfers_out,first_name,second_name,web_name,element_type,team_id,code,name,short_name,strength_overall_home,strength_overall_away,strength_attack_home,strength_attack_away,strength_defence_home,strength_defence_away
1,2026/27,1,90,0,0,1,0,0,0,0,0,0,1,0,24,11.8,0.0,0.0,1.2,6,61,42.9,218440,75764,David,Raya Martín,Raya,1,1,154561,Arsenal,ARS,4,5,0,0,0,0
2,2026/27,1,0,0,0,0,0,0,0,0,0,0,0,0,0,0.0,0.0,0.0,0.0,0,49,0.1,157,328,Kepa,Arrizabalaga Revuelta,Arrizabalaga,1,1,109745,Arsenal,ARS,4,5,0,0,0,0
3,2026/27,1,0,0,0,0,0,0,0,0,0,0,0,0,0,0.0,0.0,0.0,0.0,0,49,0.0,69,149,Illan,Meslier,Meslier,1,1,437495,Arsenal,ARS,4,5,0,0,0,0
4,2026/27,1,90,0,0,1,0,0,0,0,1,0,0,0,21,6.6,1.8,1.0,0.9,5,80,22.7,45788,101649,Gabriel,dos Santos Magalhães,Gabriel,2,1,226597,Arsenal,ARS,4,5,0,0,0,0
5,2026/27,1,0,0,0,0,0,0,0,0,0,0,0,0,0,0.0,0.0,0.0,0.0,0,65,0.5,23944,6887,Jurriën,Timber,J.Timber,2,1,445122,Arsenal,ARS,4,5,0,0,0,0
6,2026/27,1,0,0,0,0,0,0,0,0,0,0,0,0,0,0.0,0.0,0.0,0.0,0,59,0.2,522,1363,William,Saliba,Saliba,2,1,462424,Arsenal,ARS,4,5,0,0,0,0
7,2026/27,1,90,0,0,1,0,0,0,0,0,0,0,0,15,11.0,22.9,7.0,4.1,3,54,0.6,1732,6401,Myles,Lewis-Skelly,Lewis-Skelly,3,1,499169,Arsenal,ARS,4,5,0,0,0,0
8,2026/27,1,80,0,1,1,0,0,0,0,0,0,0,0,31,26.0,12.2,4.0,4.2,9,59,50.9,150962,86848,Riccardo,Calafiori,Calafiori,2,1,466075,Arsenal,ARS,4,5,0,0,0,0
9,2026/27,1,9,0,0,0,0,0,0,0,0,0,0,0,3,0.4,0.5,0.0,0.1,1,52,0.9,2211,7112,Piero,Hincapié,Hincapie,2,1,448104,Arsenal,ARS,4,5,0,0,0,0
10,2026/27,1,90,0,1,1,0,0,0,0,0,0,0,2,37,33.2,26.8,13.0,7.3,11,55,4.6,3950,99727,Benjamin,White,White,2,1,198869,Arsenal,ARS,4,5,0,0,0,0
11,2026/27,1,90,0,0,1,0,0,0,0,0,0,0,0,27,14.4,0.6,0.0,1.5,6,53,1.6,2956,14592,Cristhian,Mosquera,Mosquera,2,1,500040,Arsenal,ARS,4,5,0,0,0,0
12,2026/27,1,67,1,0,1,0,0,0,0,0,0,0,1,36,42.8,26.1,33.0,10.2,9,96,15.5,304055,68164,Bukayo,Saka,Saka,3,1,223340,Arsenal,ARS,4,5,0,0,0,0
13,2026/27,1,67,0,0,1,0,0,0,0,0,0,0,0,10,6.8,6.4,2.0,1.5,3,74,11.0,8639,137432,Declan,Rice,Rice,3,1,204480,Arsenal,ARS,4,5,0,0,0,0
14,2026/27,1,14,0,0,0,0,0,0,0,0,0,0,0,4,0.0,1.8,1.0,0.1,1,62,1.0,5964,8713,Eberechi,Eze,Eze,3,1,232413,Arsenal,ARS,4,5,0,0,0,0
15,2026/27,1,75,1,0,1,0,0,0,0,0,0,0,3,41,50.6,41.5,31.0,12.3,11,68,20.0,150212,136964,Martin,Ødegaard,Ødegaard,3,1,184029,Arsenal,ARS,4,5,0,0,0,0
16,2026/27,1,22,0,0,0,0,0,0,0,0,0,0,0,8,9.4,43.1,0.0,5.3,1,62,0.2,1042,1877,Noni,Madueke,Madueke,3,1,248857,Arsenal,ARS,4,5,0,0,0,0
17,2026/27,1,14,0,0,0,0,0,0,0,0,0,0,0,5,3.6,1.2,14.0,1.9,1,57,0.4,2251,3536,Mikel,Merino Zazón,Merino,3,1,195384,Arsenal,ARS,4,5,0,0,0,0
18,2026/27,1,0,0,0,0,0,0,0,0,0,0,0,0,0,0.0,0.0,0.0,0.0,0,63,0.1,0,701,Gabriel,Martinelli Silva,Martinelli,3,1,444145,Arsenal,ARS,4,5,0,0,0,0
19,2026/27,1,22,0,0,0,0,0,0,0,0,0,0,0,3,3.8,2.3,0.0,0.6,1,53,0.6,662,4836,Martín,Zubimendi Ibáñez,Zubimendi,3,1,481655,Arsenal,ARS,4,5,0,0,0,0
20,2026/27,1,0,0,0,0,0,0,0,0,0,0,0,0,0,0.0,0.0,0.0,0.0,0,53,0.1,506,834,Max,Dowman,Dowman,3,1,616077,Arsenal,ARS,4,5,0,0,0,0
21,2026/27,1,0,0,0,0,0,0,0,0,0,0,0,0,0,0.0,0.0,0.0,0.0,0,48,0.0,88,496,Christian,Nørgaard,Nørgaard,3,9,128295,Everton,EVE,3,3,0,0,0,0
22,2026/27,1,0,0,0,0,0,0,0,0,0,0,0,0,0,0.0,0.0,0.0,0.0,0,54,0.0,0,61,Ethan,Nwaneri,Nwaneri,3,1,499175,Arsenal,ARS,4,5,0,0,0,0
23,2026/27,1,0,0,0,0,0,0,0,0,0,0,0,0,0,0.0,0.0,0.0,0.0,0,55,0.0,0,46,Fábio,Ferreira Vieira,Fábio Vieira,3,1,438098,Arsenal,ARS,4,5,0,0,0,0
24,2026/27,1,0,0,0,0,0,0,0,0,0,0,0,0,0,0.0,0.0,0.0,0.0,0,55,0.0,0,28,Reiss,Nelson,Nelson,3,1,200641,Arsenal,ARS,4,5,0,0,0,0
25,2026/27,1,0,0,0,0,0,0,0,0,0,0,0,0,0,0.0,0.0,0.0,0.0,0,71,3.6,58982,24570,Viktor,Gyökeres,Gyökeres,4,1,224117,Arsenal,ARS,4,5,0,0,0,0
26,2026/27,1,90,1,0,1,0,0,0,0,0,0,0,0,34,37.2,13.2,25.0,7.5,6,76,7.4,53137,143798,Kai,Havertz,Havertz,4,1,219847,Arsenal,ARS,4,5,0,0,0,0
27,2026/27,1,0,0,0,0,0,0,0,0,0,0,0,0,0,0.0,0.0,0.0,0.0,0,59,0.1,0,1198,Gabriel,Fernando de Jesus,G.Jesus,4,1,205651,Arsenal,ARS,4,5,0,0,0,0
28,2026/27,1,0,0,0,0,0,0,0,0,0,0,0,0,0,0.0,0.0,0.0,0.0,0,50,4.7,13016,29580,Emiliano,Martínez Romero,Martinez,1,6,98980,Chelsea,CHE,4,4,0,0,0,0
29,2026/27,1,90,0,0,0,4,0,0,0,0,0,3,0,1,28.2,0.0,0.0,2.8,1,45,0.1,92,1365,Marco,Bizot,M.Bizot,1,2,72147,Aston Villa,AVL,3,3,0,0,0,0
30,2026/27,1,0,0,0,0,0,0,0,0,0,0,0,0,0,0.0,0.0,0.0,0.0,0,45,0.0,0,296,Lucas,Digne,Digne,2,2,101188,Aston Villa,AVL,3,3,0,0,0,0
31,2026/27,1,0,0,0,0,0,0,0,0,0,0,0,0,0,0.0,0.0,0.0,0.0,0,46,18.3,113440,165784,Ezri,Konsa Ngoyo,Konsa,2,1,199798,Arsenal,ARS,4,5,0,0,0,0
32,2026/27,1,90,0,0,0,4,0,0,0,1,0,0,0,-8,12.0,1.1,0.0,1.3,-1,44,4.7,4393,39181,Matty,Cash,Cash,2,2,199796,Aston Villa,AVL,3,3,0,0,0,0
33,2026/27,1,16,0,0,0,0,0,0,0,0,0,0,0,5,2.0,0.0,0.0,0.2,1,45,0.4,3356,2223,Tyrone,Mings,Mings,2,2,149484,Aston Villa,AVL,3,3,0,0,0,0
34,2026/27,1,73,0,0,0,4,0,0,0,0,0,0,0,-14,0.0,0.7,0.0,0.0,0,44,0.3,67,4465,Pau,Torres,Pau,2,2,244954,Aston Villa,AVL,3,3,0,0,0,0
35,2026/27,1,16,0,0,0,0,0,0,0,0,0,0,0,3,2.2,0.5,0.0,0.3,1,49,0.1,218,558,Lamare,Bogarde,Bogarde,3,2,515597,Aston Villa,AVL,3,3,0,0,0,0
36,2026/27,1,81,0,0,0,4,0,0,0,0,0,0,0,-9,9.2,0.8,3.0,1.3,0,44,0.5,64,9925,Ian,Maatsen,Maatsen,2,2,441302,Aston Villa,AVL,3,3,0,0,0,0
37,2026/27,1,90,0,0,0,4,1,0,0,0,0,0,0,-13,1.8,0.1,0.0,0.2,-2,45,0.3,2085,2120,Victor,Lindelöf,Lindelöf,2,2,184667,Aston Villa,AVL,3,3,0,0,0,0
38,2026/27,1,0,0,0,0,0,0,0,0,0,0,0,0,0,0.0,0.0,0.0,0.0,0,40,1.5,2366,8553,Andrés,García,A.García,2,2,606798,Aston Villa,AVL,3,3,0,0,0,0
39,2026/27,1,0,0,0,0,0,0,0,0,0,0,0,0,0,0.0,0.0,0.0,0.0,0,40,0.1,0,790,Kosta,Nedeljkovic,Nedeljkovic,2,2,578545,Aston Villa,AVL,3,3,0,0,0,0
40,2026/27,1,81,1,0,0,2,0,0,0,0,0,0,1,37,48.8,53.5,29.0,13.1,8,78,41.7,305769,100493,Morgan,Rogers,Rogers,3,6,244850,Chelsea,CHE,4,4,0,0,0,0
41,2026/27,1,85,0,0,0,4,0,0,0,0,0,0,0,4,0.0,16.3,8.0,2.2,2,59,1.1,23053,7971,Emiliano,Buendía Stati,Buendía,3,2,195546,Aston Villa,AVL,3,3,0,0,0,0
42,2026/27,1,27,0,0,0,0,0,0,0,0,0,0,0,3,3.2,1.8,7.0,1.2,1,54,0.0,138,335,Evann,Guessand,Guessand,3,8,485337,Crystal Palace,CRY,2,3,0,0,0,0
43,2026/27,1,66,0,0,0,2,0,0,0,0,0,0,0,13,5.0,11.3,4.0,2.0,2,58,1.4,4587,14404,Youri,Tielemans,Tielemans,3,16,166989,Man Utd,MUN,4,4,0,0,0,0
44,2026/27,1,0,0,0,0,0,0,0,0,0,0,0,0,0,0.0,0.0,0.0,0.0,0,54,0.0,0,637,Leon,Bailey,Bailey,3,2,215711,Aston Villa,AVL,3,3,0,0,0,0
45,2026/27,1,81,0,0,0,4,0,0,0,1,0,0,0,8,1.6,2.4,1.0,0.5,1,54,2.2,12680,15139,John,McGinn,McGinn,3,2,122806,Aston Villa,AVL,3,3,0,0,0,0
46,2026/27,1,73,0,0,0,4,0,0,0,0,0,0,0,11,9.4,21.4,7.0,3.8,2,50,0.2,760,2596,Ross,Barkley,Barkley,3,2,88894,Aston Villa,AVL,3,3,0,0,0,0
47,2026/27,1,90,0,0,0,4,0,0,0,0,0,0,0,9,11.2,2.8,0.0,1.4,2,50,0.3,1906,2340,Boubacar,Kamara,Kamara,3,2,226944,Aston Villa,AVL,3,3,0,0,0,0
48,2026/27,1,0,0,0,0,0,0,0,0,0,0,0,0,0,0.0,0.0,0.0,0.0,0,49,0.0,71,127,Amadou,Onana,Onana,3,2,449871,Aston Villa,AVL,3,3,0,0,0,0
49,2026/27,1,0,0,0,0,0,0,0,0,0,0,0,0,0,0.0,0.0,0.0,0.0,0,50,0.0,0,12,Samuel,Iling-Junior,Iling Jr,3,2,469247,Aston Villa,AVL,3,3,0,0,0,0
50,2026/27,1,0,0,0,0,0,0,0,0,0,0,0,0,0,0.0,0.0,0.0,0.0,0,45,0.5,779,4603,Bradley,Burrowes,Burrowes,3,2,645618,Aston Villa,AVL,3,3,0,0,0,0
51,2026/27,1,90,0,0,0,4,0,0,0,0,0,0,0,12,10.6,11.6,2.0,2.4,2,45,1.1,4324,14885,George,Hemmings,George Hemmings,3,2,577285,Aston Villa,AVL,3,3,0,0,0,0
52,2026/27,1,8,0,0,0,0,0,0,0,0,0,0,0,5,4.0,0.0,0.0,0.4,1,50,0.0,76,1033,Alysson Edward Franco,da Rocha dos Santos,Alysson,3,2,653481,Aston Villa,AVL,3,3,0,0,0,0
53,2026/27,1,0,0,0,0,0,0,0,0,0,0,0,0,0,0.0,0.0,0.0,0.0,0,59,0.6,46967,6278,Johan,Manzambi,Manzambi,3,2,614071,Aston Villa,AVL,3,3,0,0,0,0
54,2026/27,1,39,0,0,0,4,0,0,0,0,1,0,0,-2,1.0,11.0,0.0,1.2,-2,55,0.0,645,282,Joao,Gomes,Gomes,3,2,448089,Aston Villa,AVL,3,3,0,0,0,0
55,2026/27,1,0,0,0,0,0,0,0,0,0,0,0,0,0,0.0,0.0,0.0,0.0,0,78,2.4,0,16290,Ollie,Watkins,Watkins,4,2,178301,Aston Villa,AVL,3,3,0,0,0,0
56,2026/27,1,0,0,0,0,0,0,0,0,0,0,0,0,0,0.0,0.0,0.0,0.0,0,55,0.2,2633,2416,Tammy,Abraham,Abraham,4,2,173879,Aston Villa,AVL,3,3,0,0,0,0
57,2026/27,1,90,0,0,0,2,0,0,0,0,0,4,0,13,36.8,0.0,0.0,3.7,2,45,2.9,10231,19044,Đorđe,Petrović,Petrović,1,3,457569,Bournemouth,BOU,3,3,0,0,0,0
58,2026/27,1,0,0,0,0,0,0,0,0,0,0,0,0,0,0.0,0.0,0.0,0.0,0,40,3.5,13484,11395,Fraser,Forster,Forster,1,3,40383,Bournemouth,BOU,3,3,0,0,0,0
59,2026/27,1,0,0,0,0,0,0,0,0,0,0,0,0,0,0.0,0.0,0.0,0.0,0,40,0.1,0,874,Will,Dennis,Dennis,1,3,444172,Bournemouth,BOU,3,3,0,0,0,0
60,2026/27,1,90,0,0,0,2,0,0,0,0,0,0,0,0,11.6,0.3,0.0,1.2,1,55,0.8,5129,4680,James,Hill,Hill,2,3,463981,Bournemouth,BOU,3,3,0,0,0,0
61,2026/27,1,90,0,0,0,2,0,0,0,0,0,0,0,0,15.4,1.3,0.0,1.7,1,54,3.0,7888,19087,Adrien,Truffert,Truffert,2,3,494521,Bournemouth,BOU,3,3,0,0,0,0
62,2026/27,1,0,0,0,0,0,0,0,0,0,0,0,0,0,0.0,0.0,0.0,0.0,0,49,0.2,608,1213,Bafodé,Diakité,Diakité,2,3,242882,Bournemouth,BOU,3,3,0,0,0,0
63,2026/27,1,0,0,0,0,0,0,0,0,0,0,0,0,0,0.0,0.0,0.0,0.0,0,49,0.0,55,85,Veljko,Milosavljevic,Milosavljević,2,3,620487,Bournemouth,BOU,3,3,0,0,0,0
64,2026/27,1,90,0,0,0,2,0,0,0,0,0,0,0,4,7.0,0.6,0.0,0.8,1,45,0.1,700,760,Adam,Smith,Smith,2,3,54469,Bournemouth,BOU,3,3,0,0,0,0
65,2026/27,1,0,0,0,0,0,0,0,0,0,0,0,0,0,0.0,0.0,0.0,0.0,0,44,0.0,64,90,Julián,Araujo Zúñiga,J.Araujo,2,3,436893,Bournemouth,BOU,3,3,0,0,0,0
66,2026/27,1,0,0,0,0,0,0,0,0,0,0,0,0,0,0.0,0.0,0.0,0.0,0,40,0.3,1004,1529,Julio,Soler Barreto,Soler,2,3,575901,Bournemouth,BOU,3,3,0,0,0,0
67,2026/27,1,88,0,0,0,1,0,0,0,0,0,0,0,9,6.2,11.3,17.0,3.5,2,63,1.5,7367,14442,Rayan Vitor,Simplício Rocha,Rayan,3,3,499604,Bournemouth,BOU,3,3,0,0,0,0
68,2026/27,1,90,1,0,0,2,0,0,0,0,0,0,3,32,40.0,17.2,18.0,7.5,10,61,7.0,136781,73492,Marcus,Tavernier,Tavernier,3,3,201658,Bournemouth,BOU,3,3,0,0,0,0
69,2026/27,1,90,0,0,0,2,0,0,0,0,0,0,0,17,11.4,4.8,0.0,1.6,2,61,5.0,26658,122749,Alex,Scott,Scott,3,3,503139,Bournemouth,BOU,3,3,0,0,0,0
70,2026/27,1,74,0,0,1,0,0,0,0,0,0,0,0,15,11.0,14.3,17.0,4.2,3,60,0.8,2351,28600,Justin,Kluivert,Kluivert,3,3,222683,Bournemouth,BOU,3,3,0,0,0,0
71,2026/27,1,75,0,0,1,0,0,0,0,0,0,0,0,8,4.6,2.1,0.0,0.7,3,50,0.2,363,1580,Lewis,Cook,Cook,3,3,155408,Bournemouth,BOU,3,3,0,0,0,0
72,2026/27,1,1,0,0,0,1,0,0,0,0,0,0,0,3,0.2,0.1,2.0,0.2,1,49,0.1,200,557,Ben,Gannon-Doak,Gannon-Doak,3,3,496208,Bournemouth,BOU,3,3,0,0,0,0
73,2026/27,1,15,0,0,0,2,0,0,0,0,0,0,0,4,3.6,0.6,0.0,0.4,1,50,0.3,1699,2228,Tyler,Adams,Adams,3,3,200785,Bournemouth,BOU,3,3,0,0,0,0
74,2026/27,1,0,0,0,0,0,0,0,0,0,0,0,0,0,0.0,0.0,0.0,0.0,0,50,0.1,272,472,David,Brooks,Brooks,3,3,111317,Bournemouth,BOU,3,3,0,0,0,0
75,2026/27,1,0,0,0,0,0,0,0,0,0,0,0,0,0,0.0,0.0,0.0,0.0,0,50,0.0,578,356,Ryan,Christie,Christie,3,3,158499,Bournemouth,BOU,3,3,0,0,0,0
76,2026/27,1,15,0,0,0,2,0,0,0,0,0,0,0,5,2.8,0.6,0.0,0.3,1,49,0.0,41,79,Alex,Tóth,Tóth.A,3,3,614574,Bournemouth,BOU,3,3,0,0,0,0
77,2026/27,1,0,0,0,0,0,0,0,0,0,0,0,0,0,0.0,0.0,0.0,0.0,0,49,0.0,38,98,Amine,Adli,Adli,3,3,489888,Bournemouth,BOU,3,3,0,0,0,0
78,2026/27,1,0,0,0,0,0,0,0,0,0,0,0,0,0,0.0,0.0,0.0,0.0,0,74,0.2,264,1113,Junior,Kroupi,Kroupi.Jr,3,3,560262,Bournemouth,BOU,3,3,0,0,0,0
79,2026/27,1,74,0,1,1,0,0,0,0,1,0,0,0,17,19.4,11.9,2.0,3.3,4,60,3.3,33530,31109,Francisco Evanilson,de Lima Barbosa,Evanilson,4,3,444102,Bournemouth,BOU,3,3,0,0,0,0
80,2026/27,1,0,0,0,0,0,0,0,0,0,0,0,0,0,0.0,0.0,0.0,0.0,0,55,0.0,0,66,Enes,Ünal,Enes Ünal,4,3,168636,Bournemouth,BOU,3,3,0,0,0,0
81,2026/27,1,0,0,0,0,0,0,0,0,0,0,0,0,0,0.0,0.0,0.0,0.0,0,60,0.1,1200,927,Álvaro,Rodríguez,Rodríguez,4,3,561245,Bournemouth,BOU,3,3,0,0,0,0
82,2026/27,1,90,0,0,1,0,0,0,0,0,0,4,0,34,31.4,0.0,0.0,3.1,7,50,6.1,30178,23213,Caoimhín,Kelleher,Kelleher,1,4,200720,Brentford,BRE,3,3,0,0,0,0
83,2026/27,1,0,0,0,0,0,0,0,0,0,0,0,0,0,0.0,0.0,0.0,0.0,0,45,0.1,415,494,Hákon Rafn,Valdimarsson,Valdimarsson,1,4,507433,Brentford,BRE,3,3,0,0,0,0
84,2026/27,1,90,0,0,1,0,0,0,0,0,0,0,0,21,11.6,21.5,17.0,5.0,6,54,0.9,149,13679,Nathan,Collins,Collins,2,4,432830,Brentford,BRE,3,3,0,0,0,0
85,2026/27,1,0,0,0,0,0,0,0,0,0,0,0,0,0,0.0,0.0,0.0,0.0,0,49,0.1,60,489,Sepp,van den Berg,Van den Berg,2,4,444765,Brentford,BRE,3,3,0,0,0,0
86,2026/27,1,90,1,0,1,0,0,0,0,0,0,0,2,37,47.2,15.9,19.0,8.2,10,55,1.6,5634,17569,Keane,Lewis-Potter,Lewis-Potter,3,4,249231,Brentford,BRE,3,3,0,0,0,0
87,2026/27,1,90,0,0,1,0,0,0,0,0,0,0,0,29,20.0,0.9,35.0,5.6,8,45,3.8,20840,37037,Kristoffer,Ajer,Ajer,2,4,191866,Brentford,BRE,3,3,0,0,0,0
88,2026/27,1,75,1,0,1,0,0,0,0,0,0,0,1,36,33.8,1.5,46.0,8.1,13,46,7.6,26178,33960,Michael,Kayode,Kayode,2,4,607464,Brentford,BRE,3,3,0,0,0,0
89,2026/27,1,0,0,0,0,0,0,0,0,0,0,0,0,0,0.0,0.0,0.0,0.0,0,44,0.2,213,849,Rico,Henry,Henry,2,4,194010,Brentford,BRE,3,3,0,0,0,0
90,2026/27,1,14,0,0,0,0,0,0,0,0,0,0,0,2,0.0,0.3,0.0,0.0,1,45,0.1,271,372,Aaron,Hickey,Hickey,2,4,472713,Brentford,BRE,3,3,0,0,0,0
91,2026/27,1,0,0,0,0,0,0,0,0,0,0,0,0,0,0.0,0.0,0.0,0.0,0,45,0.1,675,384,Ethan,Pinnock,Pinnock,2,7,231065,Coventry City,COV,2,2,0,0,0,0
92,2026/27,1,0,0,0,0,0,0,0,0,0,0,0,0,0,0.0,0.0,0.0,0.0,0,44,0.0,80,109,Kim,Ji-soo,Ji-soo,2,4,570241,Brentford,BRE,3,3,0,0,0,0
93,2026/27,1,0,0,0,0,0,0,0,0,0,0,0,0,0,0.0,0.0,0.0,0.0,0,45,0.5,29279,4600,Jannik,Schuster,Schuster,2,4,513086,Brentford,BRE,3,3,0,0,0,0
94,2026/27,1,90,0,0,1,0,0,0,0,0,0,0,0,17,14.4,11.8,59.0,8.5,3,62,13.8,637758,56338,Kevin,Schade,Schade,3,4,513418,Brentford,BRE,3,3,0,0,0,0
95,2026/27,1,66,0,0,1,0,0,0,0,0,0,0,0,6,1.0,30.8,15.0,4.7,3,63,0.4,1356,5450,Dango,Ouattara,O.Dango,3,4,533463,Brentford,BRE,3,3,0,0,0,0
96,2026/27,1,14,0,0,0,0,0,0,0,0,0,0,0,6,7.6,26.3,0.0,3.4,1,54,0.4,1926,4673,Mikkel,Damsgaard,Damsgaard,3,4,440089,Brentford,BRE,3,3,0,0,0,0
97,2026/27,1,66,0,1,1,0,0,0,0,0,0,0,0,22,12.6,46.2,13.0,7.2,6,54,0.1,23,910,Mathias,Jensen,Jensen,3,4,207283,Brentford,BRE,3,3,0,0,0,0
98,2026/27,1,90,1,0,1,0,0,0,0,1,0,0,0,35,53.2,38.8,24.0,11.6,9,50,2.5,29062,27030,Vitaly,Janelt,Janelt,3,4,204580,Brentford,BRE,3,3,0,0,0,0
99,2026/27,1,0,0,0,0,0,0,0,0,0,0,0,0,0,0.0,0.0,0.0,0.0,0,50,0.0,12,10,Antoni,Milambo,Milambo,3,4,543295,Brentford,BRE,3,3,0,0,0,0
100,2026/27,1,0,0,0,0,0,0,0,0,0,0,0,0,0,0.0,0.0,0.0,0.0,0,50,0.0,780,227,Fábio,Freitas Gouveia Carvalho,Carvalho,3,4,244858,Brentford,BRE,3,3,0,0,0,0
101,2026/27,1,0,0,0,0,0,0,0,0,0,0,0,0,0,0.0,0.0,0.0,0.0,0,49,0.0,670,213,Jordan,Henderson,Henderson,3,6,56979,Chelsea,CHE,4,4,0,0,0,0
102,2026/27,1,23,0,0,0,0,0,0,0,0,0,0,0,7,2.2,0.8,3.0,0.6,1,48,0.6,2125,5630,Yehor,Yarmoliuk,Yarmoliuk,3,4,508395,Brentford,BRE,3,3,0,0,0,0
103,2026/27,1,0,0,0,0,0,0,0,0,0,0,0,0,0,0.0,0.0,0.0,0.0,0,49,0.0,16,150,Josh,Dasilva,Dasilva,3,4,183656,Brentford,BRE,3,3,0,0,0,0
104,2026/27,1,90,0,0,0,3,0,0,0,0,0,0,0,8,3.6,1.6,0.0,0.5,2,49,0.1,238,679,Frank,Onyeka,Onyeka,3,7,428580,Coventry City,COV,2,2,0,0,0,0
105,2026/27,1,23,0,0,0,0,0,0,0,0,0,0,0,9,10.6,34.9,1.0,4.7,1,59,0.2,3632,935,Jaidon,Anthony,Anthony,3,4,444180,Brentford,BRE,3,3,0,0,0,0
106,2026/27,1,82,0,0,1,0,0,0,1,0,0,0,0,-3,2.2,4.0,8.0,1.4,0,78,9.4,103209,59005,Igor Thiago,Nascimento Rodrigues,Thiago,4,4,502500,Brentford,BRE,3,3,0,0,0,0
107,2026/27,1,0,0,0,0,0,0,0,0,0,0,0,0,0,0.0,0.0,0.0,0.0,0,45,0.8,1149,12805,Kaye,Furo,Furo,4,4,593174,Brentford,BRE,3,3,0,0,0,0
108,2026/27,1,7,0,0,0,0,0,0,0,0,0,0,0,4,2.2,10.3,5.0,1.8,1,54,0.3,1733,3191,Callum,Wilson,Wilson,4,4,75115,Brentford,BRE,3,3,0,0,0,0
109,2026/27,1,90,0,0,1,0,0,0,0,0,0,0,0,25,6.6,0.0,0.0,0.7,6,45,21.5,115860,129605,Bart,Verbruggen,Verbruggen,1,5,489639,Brighton,BHA,3,4,0,0,0,0
110,2026/27,1,90,0,0,0,3,0,0,0,0,0,2,0,0,14.2,0.0,0.0,1.4,1,45,0.7,3975,8371,Carl,Rushworth,Rushworth,1,7,472739,Coventry City,COV,2,2,0,0,0,0
111,2026/27,1,0,0,0,0,0,0,0,0,0,0,0,0,0,0.0,0.0,0.0,0.0,0,40,4.1,11516,23272,Jason,Steele,Steele,1,5,49262,Brighton,BHA,3,4,0,0,0,0
112,2026/27,1,90,0,0,0,3,0,0,0,0,0,0,0,3,28.2,2.8,2.0,3.3,1,49,6.1,28219,75606,Jan Paul,van Hecke,Van Hecke,2,19,469142,Spurs,TOT,2,3,0,0,0,0
113,2026/27,1,0,0,0,0,0,0,0,0,0,0,0,0,0,0.0,0.0,0.0,0.0,0,44,1.5,7104,12012,Ferdi,Kadıoğlu,F.Kadıoğlu,2,5,231416,Brighton,BHA,3,4,0,0,0,0
114,2026/27,1,90,0,0,1,0,0,0,0,0,0,0,0,29,15.2,7.3,6.0,2.9,6,45,0.3,4125,1471,Olivier,Boscagli,Boscagli,2,5,204120,Brighton,BHA,3,4,0,0,0,0
115,2026/27,1,77,1,1,1,0,0,0,0,0,0,0,2,46,40.6,45.3,43.0,12.9,17,50,29.4,478970,41522,Maxim,De Cuyper,De Cuyper,2,5,465730,Brighton,BHA,3,4,0,0,0,0
116,2026/27,1,90,0,0,1,0,0,0,0,0,0,0,0,24,13.4,6.4,0.0,2.0,6,45,1.5,9581,16139,Lewis,Dunk,Dunk,2,5,83299,Brighton,BHA,3,4,0,0,0,0
117,2026/27,1,0,0,0,0,0,0,0,0,0,0,0,0,0,0.0,0.0,0.0,0.0,0,45,0.0,151,129,Diego,Coppola,Coppola,2,5,550090,Brighton,BHA,3,4,0,0,0,0
118,2026/27,1,0,0,0,0,0,0,0,0,0,0,0,0,0,0.0,0.0,0.0,0.0,0,45,0.0,0,395,Igor Julio,dos Santos de Paulo,Igor,2,5,223434,Brighton,BHA,3,4,0,0,0,0
119,2026/27,1,26,0,0,0,0,0,0,0,0,0,0,0,7,8.2,1.9,18.0,2.8,1,45,0.0,249,178,João Pedro,Loureiro da Costa,Costinha,2,5,451490,Brighton,BHA,3,4,0,0,0,0
120,2026/27,1,0,0,0,0,0,0,0,0,0,0,0,0,0,0.0,0.0,0.0,0.0,0,50,0.1,1514,582,Michael,Svoboda,Svoboda,2,5,454490,Brighton,BHA,3,4,0,0,0,0
121,2026/27,1,0,0,0,0,0,0,0,0,0,0,0,0,0,0.0,0.0,0.0,0.0,0,59,0.0,168,222,Mitoma,Kaoru,Mitoma,3,5,451340,Brighton,BHA,3,4,0,0,0,0
122,2026/27,1,0,0,0,0,0,0,0,0,0,0,0,0,0,0.0,0.0,0.0,0.0,0,58,0.0,59,296,Yankuba,Minteh,Minteh,3,5,592031,Brighton,BHA,3,4,0,0,0,0
123,2026/27,1,63,2,0,1,0,0,0,0,0,0,0,3,54,72.8,13.4,59.0,14.5,16,59,0.5,458,9036,Jack,Hinshelwood,Hinshelwood,3,5,532529,Brighton,BHA,3,4,0,0,0,0
124,2026/27,1,90,0,0,1,0,0,0,0,1,0,0,0,18,21.0,56.9,8.0,8.6,2,59,32.4,1144037,23635,Pascal,Groß,Groß,3,5,60307,Brighton,BHA,3,4,0,0,0,0
125,2026/27,1,90,0,1,1,0,0,0,0,0,0,0,0,22,19.8,11.4,15.0,4.6,5,53,0.5,4047,5865,Georginio,Rutter,Georginio,4,5,463067,Brighton,BHA,3,4,0,0,0,0
126,2026/27,1,0,0,0,0,0,0,0,0,0,0,0,0,0,0.0,0.0,0.0,0.0,0,54,0.1,535,696,Matt,O'Riley,O'Riley,3,5,219249,Brighton,BHA,3,4,0,0,0,0
127,2026/27,1,85,0,1,1,0,0,0,0,0,0,0,0,27,33.0,25.1,41.0,9.9,6,50,3.8,18854,59954,Diego,Gómez Amarilla,Gomez,3,5,514254,Brighton,BHA,3,4,0,0,0,0
128,2026/27,1,0,0,0,0,0,0,0,0,0,0,0,0,0,0.0,0.0,0.0,0.0,0,50,0.0,0,10,Facundo,Buonanotte,Buonanotte,3,5,536916,Brighton,BHA,3,4,0,0,0,0
129,2026/27,1,63,0,0,1,0,0,0,0,1,0,0,0,8,0.0,15.0,6.0,1.7,2,54,0.4,3919,3118,Yasin,Ayari,Ayari,3,5,509416,Brighton,BHA,3,4,0,0,0,0
130,2026/27,1,77,0,0,1,0,0,0,0,0,0,0,1,32,16.6,26.3,6.0,4.9,7,49,0.2,37,2699,Mats,Wieffer,Wieffer,2,5,467779,Brighton,BHA,3,4,0,0,0,0
131,2026/27,1,0,0,0,0,0,0,0,0,0,0,0,0,0,0.0,0.0,0.0,0.0,0,49,0.1,2631,1054,Carlos,Baleba,Baleba,3,16,535301,Man Utd,MUN,4,4,0,0,0,0
132,2026/27,1,0,0,0,0,0,0,0,0,0,0,0,0,0,0.0,0.0,0.0,0.0,0,45,0.0,0,290,Harry,Howell,Howell,3,5,597320,Brighton,BHA,3,4,0,0,0,0
133,2026/27,1,0,0,0,0,0,0,0,0,0,0,0,0,0,0.0,0.0,0.0,0.0,0,50,0.0,0,6,Tom,Watson,Watson,3,5,549074,Brighton,BHA,3,4,0,0,0,0
134,2026/27,1,0,0,0,0,0,0,0,0,0,0,0,0,0,0.0,0.0,0.0,0.0,0,45,0.2,445,1856,Nehemiah,Oriola,Oriola,3,5,556637,Brighton,BHA,3,4,0,0,0,0
135,2026/27,1,12,0,0,0,0,0,0,0,0,0,0,0,3,0.2,1.3,0.0,0.2,1,48,0.0,30,544,Zadok,Yohanna,Yohanna,3,5,700308,Brighton,BHA,3,4,0,0,0,0
136,2026/27,1,0,0,0,0,0,0,0,0,0,0,0,0,0,0.0,0.0,0.0,0.0,0,59,1.0,14206,14234,Danny,Welbeck,Welbeck,4,6,50175,Chelsea,CHE,4,4,0,0,0,0
137,2026/27,1,0,0,0,0,0,0,0,0,0,0,0,0,0,0.0,0.0,0.0,0.0,0,54,0.0,49,73,Stefanos,Tzimas,Tzimas,4,5,608181,Brighton,BHA,3,4,0,0,0,0
138,2026/27,1,26,0,0,0,0,0,0,0,0,0,0,0,-1,0.0,0.4,10.0,0.9,1,56,6.4,532072,39096,Charalampos,Kostoulas,Kostoulas,4,5,647850,Brighton,BHA,3,4,0,0,0,0
139,2026/27,1,0,0,0,0,0,0,0,0,0,0,0,0,0,0.0,0.0,0.0,0.0,0,50,0.0,183,320,Evan,Ferguson,Ferguson,4,5,487117,Brighton,BHA,3,4,0,0,0,0
140,2026/27,1,90,0,0,0,2,0,0,0,0,0,4,0,6,21.4,0.0,0.0,2.1,2,49,0.7,0,6779,Robert,Lynch Sánchez,Sánchez,1,6,215059,Chelsea,CHE,4,4,0,0,0,0
141,2026/27,1,0,0,0,0,0,0,0,0,0,0,0,0,0,0.0,0.0,0.0,0.0,0,50,0.0,0,36,Filip,Jörgensen,Jörgensen,1,6,508479,Chelsea,CHE,4,4,0,0,0,0
142,2026/27,1,90,0,0,0,2,0,0,0,1,0,0,0,5,23.4,16.8,19.0,5.9,0,53,5.5,1142,107354,Reece,James,James,2,6,225796,Chelsea,CHE,4,4,0,0,0,0
143,2026/27,1,0,0,0,0,0,0,0,0,0,0,0,0,0,0.0,0.0,0.0,0.0,0,55,0.1,0,396,Trevoh,Chalobah,Chalobah,2,6,180736,Chelsea,CHE,4,4,0,0,0,0
144,2026/27,1,75,0,0,0,2,0,0,0,0,0,0,0,2,7.2,9.8,6.0,2.3,1,49,0.9,2268,8710,Malo,Gusto,Gusto,2,6,482609,Chelsea,CHE,4,4,0,0,0,0
145,2026/27,1,0,0,0,0,0,0,0,0,0,0,0,0,0,0.0,0.0,0.0,0.0,0,50,0.2,4288,1764,Wesley,Fofana,Fofana,2,6,444463,Chelsea,CHE,4,4,0,0,0,0
146,2026/27,1,0,0,0,0,0,0,0,0,0,0,0,0,0,0.0,0.0,0.0,0.0,0,45,0.0,0,57,Benoît,Badiashile Mukinayi,B.Badiashile,2,6,242880,Chelsea,CHE,4,4,0,0,0,0
147,2026/27,1,0,0,0,0,0,0,0,0,0,0,0,0,0,0.0,0.0,0.0,0.0,0,44,0.1,156,751,Tosin,Adarabioyo,Tosin,2,19,109646,Spurs,TOT,2,3,0,0,0,0
148,2026/27,1,64,0,0,0,2,0,0,0,0,0,0,0,5,8.4,12.3,11.0,3.2,1,45,0.8,1452,10832,Jorrel,Hato,Hato,2,6,551210,Chelsea,CHE,4,4,0,0,0,0
149,2026/27,1,90,0,0,0,2,0,0,0,1,0,0,0,6,6.0,1.6,7.0,1.5,0,48,0.9,2066,7847,Levi,Samuels Colwill,Colwill,2,6,460028,Chelsea,CHE,4,4,0,0,0,0
150,2026/27,1,0,0,0,0,0,0,0,0,0,0,0,0,0,0.0,0.0,0.0,0.0,0,45,0.0,0,231,Mamadou,Sarr,M.Sarr,2,6,574458,Chelsea,CHE,4,4,0,0,0,0
151,2026/27,1,90,0,0,0,2,0,0,0,0,0,0,0,13,33.2,2.2,2.0,3.7,3,45,0.3,611,2697,Josh,Acheampong,Acheampong,2,6,577016,Chelsea,CHE,4,4,0,0,0,0
152,2026/27,1,0,0,0,0,0,0,0,0,0,0,0,0,0,0.0,0.0,0.0,0.0,0,53,0.6,642,6370,Marco,Palestra,Palestra,2,6,620109,Chelsea,CHE,4,4,0,0,0,0
153,2026/27,1,0,0,0,0,0,0,0,0,0,0,0,0,0,0.0,0.0,0.0,0.0,0,45,0.1,41,1160,Axel,Disasi,Disasi,2,8,220362,Crystal Palace,CRY,2,3,0,0,0,0
154,2026/27,1,82,1,1,0,2,0,0,0,0,0,0,3,60,65.2,41.3,54.0,16.1,13,97,24.3,71416,316825,Cole,Palmer,Palmer,3,6,244851,Chelsea,CHE,4,4,0,0,0,0
155,2026/27,1,25,0,0,0,0,0,0,0,0,0,0,0,6,3.4,12.0,0.0,1.5,1,69,3.7,44758,22526,Enzo,Fernández,Enzo,3,15,448047,Man City,MCI,4,5,0,0,0,0
156,2026/27,1,14,0,0,0,0,0,0,0,0,0,0,0,9,5.2,4.1,4.0,1.3,1,65,1.4,9902,13159,Pedro,Lomba Neto,Neto,3,6,247632,Chelsea,CHE,4,4,0,0,0,0
157,2026/27,1,7,0,0,0,0,0,0,0,0,0,0,0,3,0.2,0.4,0.0,0.1,1,63,0.7,2966,5294,Estêvão,Almeida de Oliveira Gonçalves,Estêvão,3,6,624773,Chelsea,CHE,4,4,0,0,0,0
158,2026/27,1,0,0,0,0,0,0,0,0,0,0,0,0,0,0.0,0.0,0.0,0.0,0,58,0.0,164,333,Jamie,Bynoe-Gittens,Gittens,3,6,463936,Chelsea,CHE,4,4,0,0,0,0
159,2026/27,1,0,0,0,0,0,0,0,0,0,0,0,0,0,0.0,0.0,0.0,0.0,0,53,1.0,657,12610,Moisés,Caicedo Corozo,Caicedo,3,6,486672,Chelsea,CHE,4,4,0,0,0,0
160,2026/27,1,4,0,0,0,0,0,0,0,0,0,0,0,2,0.0,0.0,0.0,0.0,1,58,0.3,764,3467,Alejandro,Garnacho Ferreyra,Garnacho,3,2,493105,Aston Villa,AVL,3,3,0,0,0,0
161,2026/27,1,64,0,0,0,2,0,0,0,1,0,0,0,8,13.6,21.9,33.0,6.9,1,50,0.2,779,3255,Roméo,Lavia,Lavia,3,6,514356,Chelsea,CHE,4,4,0,0,0,0
162,2026/27,1,66,0,0,0,2,0,0,0,0,0,0,0,17,11.4,4.2,2.0,1.8,2,48,0.5,1247,6911,Andrey,Nascimento dos Santos,Andrey Santos,3,16,532605,Man Utd,MUN,4,4,0,0,0,0
163,2026/27,1,0,0,0,0,0,0,0,0,0,0,0,0,0,0.0,0.0,0.0,0.0,0,45,0.1,0,995,Dário,Luís Essugo,D.Essugo,3,6,491007,Chelsea,CHE,4,4,0,0,0,0
164,2026/27,1,8,0,0,0,0,0,0,0,0,0,0,0,2,1.2,0.3,2.0,0.4,1,53,0.0,94,231,Geovany,Quenda,Quenda,3,6,593117,Chelsea,CHE,4,4,0,0,0,0
165,2026/27,1,90,1,1,0,2,0,0,0,0,0,0,2,45,51.2,23.0,37.0,11.1,11,77,63.7,136278,572646,João Pedro,Junqueira de Jesus,João Pedro,4,6,475168,Chelsea,CHE,4,4,0,0,0,0
166,2026/27,1,0,0,0,0,0,0,0,0,0,0,0,0,0,0.0,0.0,0.0,0.0,0,65,1.8,67525,13702,Nicolas,Jackson,N.Jackson,4,2,517052,Aston Villa,AVL,3,3,0,0,0,0
167,2026/27,1,0,0,0,0,0,0,0,0,0,0,0,0,0,0.0,0.0,0.0,0.0,0,56,2.6,33079,45038,Liam,Delap,Delap,4,18,463034,Nott'm Forest,NFO,3,3,0,0,0,0
168,2026/27,1,0,0,0,0,0,0,0,0,0,0,0,0,0,0.0,0.0,0.0,0.0,0,50,0.2,0,2073,Marc,Guiu Paz,Marc Guiu,4,6,499309,Chelsea,CHE,4,4,0,0,0,0
169,2026/27,1,0,0,0,0,0,0,0,0,0,0,0,0,0,0.0,0.0,0.0,0.0,0,45,0.5,5878,4594,Shumaira,Mheuka,Mheuka,4,6,567119,Chelsea,CHE,4,4,0,0,0,0
170,2026/27,1,0,0,0,0,0,0,0,0,0,0,0,0,0,0.0,0.0,0.0,0.0,0,49,0.1,148,1353,Emmanuel,Emegha,Emegha,4,6,503037,Chelsea,CHE,4,4,0,0,0,0
171,2026/27,1,0,0,0,0,0,0,0,0,0,0,0,0,0,0.0,0.0,0.0,0.0,0,40,1.0,0,7788,Oliver,Dovin,Dovin,1,7,484389,Coventry City,COV,2,2,0,0,0,0
172,2026/27,1,0,0,0,0,0,0,0,0,0,0,0,0,0,0.0,0.0,0.0,0.0,0,44,0.4,319,981,Ben,Wilson,Wilson,1,7,110690,Coventry City,COV,2,2,0,0,0,0
173,2026/27,1,90,0,0,0,3,0,0,0,0,0,0,0,11,23.2,11.2,1.0,3.5,3,40,8.6,54309,52019,Bobby,Thomas,Thomas,2,7,461102,Coventry City,COV,2,2,0,0,0,0
174,2026/27,1,0,0,0,0,0,0,0,0,0,0,0,0,0,0.0,0.0,0.0,0.0,0,40,0.3,0,2885,Liam,Kitching,Kitching,2,7,436761,Coventry City,COV,2,2,0,0,0,0
175,2026/27,1,90,0,0,0,3,0,0,0,0,0,0,0,-8,10.6,2.0,2.0,1.5,1,40,8.2,1428,124583,Milan,van Ewijk,van Ewijk,2,7,451284,Coventry City,COV,2,2,0,0,0,0
176,2026/27,1,90,0,0,0,3,0,0,0,0,0,0,0,-4,13.8,3.8,0.0,1.8,1,40,0.8,13432,3442,Jay,Dasilva,Dasilva,2,7,173878,Coventry City,COV,2,2,0,0,0,0
177,2026/27,1,0,0,0,0,0,0,0,0,0,0,0,0,0,0.0,0.0,0.0,0.0,0,39,0.1,4317,1255,Kaine,Kesler-Hayden,Kesler-Hayden,2,7,465390,Coventry City,COV,2,2,0,0,0,0
178,2026/27,1,0,0,0,0,0,0,0,0,0,0,0,0,0,0.0,0.0,0.0,0.0,0,40,0.1,261,441,Jake,Bidwell,Bidwell,2,7,80178,Coventry City,COV,2,2,0,0,0,0
179,2026/27,1,0,0,0,0,0,0,0,0,0,0,0,0,0,0.0,0.0,0.0,0.0,0,40,0.0,103,212,Joel,Latibeaudiere,Latibeaudiere,2,7,204813,Coventry City,COV,2,2,0,0,0,0
180,2026/27,1,0,0,0,0,0,0,0,0,0,0,0,0,0,0.0,0.0,0.0,0.0,0,39,0.1,432,879,Luke,Woolfenden,Woolfenden,2,7,220583,Coventry City,COV,2,2,0,0,0,0
181,2026/27,1,0,0,0,0,0,0,0,0,0,0,0,0,0,0.0,0.0,0.0,0.0,0,40,0.0,0,161,Miguel,Brau,Brau,2,7,577411,Coventry City,COV,2,2,0,0,0,0
182,2026/27,1,90,0,0,0,3,0,0,0,0,0,0,0,1,28.8,0.8,0.0,3.0,1,40,0.6,58,9574,Aurèle,Amenda,Amenda,2,7,539142,Coventry City,COV,2,2,0,0,0,0
183,2026/27,1,20,0,0,0,0,0,0,0,0,0,0,0,3,5.6,3.8,17.0,2.6,1,49,0.1,1475,1148,Jack,Rudoni,Rudoni,3,7,480457,Coventry City,COV,2,2,0,0,0,0
184,2026/27,1,90,0,0,0,3,0,0,0,0,0,0,0,14,13.4,3.7,0.0,1.7,2,49,0.1,262,1328,Matt,Grimes,Grimes,3,7,168144,Coventry City,COV,2,2,0,0,0,0
185,2026/27,1,0,0,0,0,0,0,0,0,0,0,0,0,0,0.0,0.0,0.0,0.0,0,48,0.1,146,570,Tatsuhiro,Sakamoto,Sakamoto,3,7,501459,Coventry City,COV,2,2,0,0,0,0
186,2026/27,1,0,0,0,0,0,0,0,0,0,0,0,0,0,0.0,0.0,0.0,0.0,0,53,0.1,102,472,Ephron,Mason-Clark,Mason-Clark,3,7,241293,Coventry City,COV,2,2,0,0,0,0
187,2026/27,1,0,0,0,0,0,0,0,0,0,0,0,0,0,0.0,0.0,0.0,0.0,0,48,0.0,41,133,Josh,Eccles,Eccles,3,7,439668,Coventry City,COV,2,2,0,0,0,0
188,2026/27,1,28,0,0,0,0,0,0,0,0,0,0,0,8,6.8,16.4,0.0,2.3,1,53,0.1,49,635,Victor,Torp,Torp,3,7,226965,Coventry City,COV,2,2,0,0,0,0
189,2026/27,1,0,0,0,0,0,0,0,0,0,0,0,0,0,0.0,0.0,0.0,0.0,0,44,0.3,4889,3774,George,Shepherd,Shepherd,3,7,684268,Coventry City,COV,2,2,0,0,0,0
190,2026/27,1,81,0,0,0,3,0,0,0,0,0,0,0,11,1.8,6.0,3.0,1.1,2,54,0.1,45,537,Loum,Tchaouna,Tchaouna,3,7,469272,Coventry City,COV,2,2,0,0,0,0
191,2026/27,1,0,0,0,0,0,0,0,0,0,0,0,0,0,0.0,0.0,0.0,0.0,0,45,0.1,0,1123,Raphael,Borges Rodrigues,Borges Rodrigues,3,7,492498,Coventry City,COV,2,2,0,0,0,0
192,2026/27,1,0,0,0,0,0,0,0,0,0,0,0,0,0,0.0,0.0,0.0,0.0,0,45,0.3,0,3203,Kai,Andrews,Andrews,3,7,629397,Coventry City,COV,2,2,0,0,0,0
193,2026/27,1,0,0,0,0,0,0,0,0,0,0,0,0,0,0.0,0.0,0.0,0.0,0,53,0.1,55,785,Haji,Wright,Wright,4,7,176412,Coventry City,COV,2,2,0,0,0,0
194,2026/27,1,69,0,0,0,3,0,0,0,0,0,0,0,9,4.6,1.1,0.0,0.6,2,50,0.8,14272,9313,Brandon,Thomas-Asante,Thomas-Asante,4,7,230730,Coventry City,COV,2,2,0,0,0,0
195,2026/27,1,69,0,0,0,3,0,0,0,0,0,0,0,7,2.6,12.3,2.0,1.7,2,49,0.6,3998,7926,Ellis,Simms,Simms,4,7,218997,Coventry City,COV,2,2,0,0,0,0
196,2026/27,1,0,0,0,0,0,0,0,0,0,0,0,0,0,0.0,0.0,0.0,0.0,0,50,0.0,0,79,Jahnoah,Markelo,Markelo,4,7,551262,Coventry City,COV,2,2,0,0,0,0
197,2026/27,1,0,0,0,0,0,0,0,0,0,0,0,0,0,0.0,0.0,0.0,0.0,0,45,0.0,0,194,Norman,Bassette,Bassette,4,7,549653,Coventry City,COV,2,2,0,0,0,0
198,2026/27,1,90,0,0,0,2,0,0,0,0,0,3,0,14,28.2,0.0,0.0,2.8,2,49,1.2,188,15971,Dean,Henderson,Henderson,1,8,172649,Crystal Palace,CRY,2,3,0,0,0,0
199,2026/27,1,0,0,0,0,0,0,0,0,0,0,0,0,0,0.0,0.0,0.0,0.0,0,45,0.1,1251,626,Walter,Benítez,Benitez,1,8,121709,Crystal Palace,CRY,2,3,0,0,0,0
200,2026/27,1,90,0,1,0,2,0,0,0,0,0,0,0,25,44.2,11.2,2.0,5.7,6,59,6.7,14567,41214,Maxence,Lacroix,Lacroix,2,6,437499,Chelsea,CHE,4,4,0,0,0,0
201,2026/27,1,54,0,0,0,2,0,0,0,0,0,0,0,-4,1.2,1.8,21.0,2.4,0,54,5.6,12136,45511,Daniel,Muñoz Mejía,Muñoz,2,18,247348,Nott'm Forest,NFO,3,3,0,0,0,0
202,2026/27,1,90,0,0,0,2,0,0,0,0,0,0,0,13,42.6,0.7,0.0,4.3,3,49,0.6,2878,3205,Chris,Richards,Richards,2,8,427623,Crystal Palace,CRY,2,3,0,0,0,0
203,2026/27,1,90,0,0,0,2,0,0,0,0,0,0,0,9,27.4,5.7,5.0,3.8,1,48,0.2,830,1326,Jaydee,Canvot,Canvot,2,8,651426,Crystal Palace,CRY,2,3,0,0,0,0
204,2026/27,1,90,0,0,0,2,0,0,0,0,0,0,0,9,11.6,13.8,2.0,2.7,1,45,6.1,25095,28478,Tyrick,Mitchell,Mitchell,2,8,244723,Crystal Palace,CRY,2,3,0,0,0,0
205,2026/27,1,0,0,0,0,0,0,0,0,0,0,0,0,0,0.0,0.0,0.0,0.0,0,45,0.0,0,147,Borna,Sosa,Sosa,2,8,218364,Crystal Palace,CRY,2,3,0,0,0,0
206,2026/27,1,72,0,0,0,2,0,0,0,0,0,0,0,7,12.6,1.3,0.0,1.4,1,43,0.0,40,199,Chadi,Riad Dnanou,Chadi Riad,2,8,515621,Crystal Palace,CRY,2,3,0,0,0,0
207,2026/27,1,0,0,0,0,0,0,0,0,0,0,0,0,0,0.0,0.0,0.0,0.0,0,43,0.1,142,491,Oscar,Mingueza,Mingueza,2,8,242313,Crystal Palace,CRY,2,3,0,0,0,0
208,2026/27,1,0,0,0,0,0,0,0,0,0,0,0,0,0,0.0,0.0,0.0,0.0,0,62,0.6,4321,3295,Ismaïla,Sarr,Sarr,3,8,232185,Crystal Palace,CRY,2,3,0,0,0,0
209,2026/27,1,6,0,0,0,0,0,0,0,0,0,0,0,3,4.0,0.3,0.0,0.4,1,59,0.1,630,1151,Brennan,Johnson,Johnson,3,9,242898,Everton,EVE,3,3,0,0,0,0
210,2026/27,1,90,0,0,0,2,0,0,0,0,0,0,0,20,16.8,30.9,0.0,4.8,4,54,0.7,1615,6135,Adam,Wharton,Wharton,3,8,496221,Crystal Palace,CRY,2,3,0,0,0,0
211,2026/27,1,35,0,0,0,0,0,0,0,0,0,0,0,4,2.0,6.3,6.0,1.4,1,55,0.3,991,4383,Yéremy,Pino Santos,Yeremy,3,8,488024,Crystal Palace,CRY,2,3,0,0,0,0
212,2026/27,1,0,0,0,0,0,0,0,0,0,0,0,0,0,0.0,0.0,0.0,0.0,0,44,7.0,12499,73314,Will,Hughes,Hughes,3,8,108413,Crystal Palace,CRY,2,3,0,0,0,0
213,2026/27,1,0,0,0,0,0,0,0,0,0,0,0,0,0,0.0,0.0,0.0,0.0,0,48,0.1,140,528,Jefferson,Lerma Solís,Lerma,3,8,152551,Crystal Palace,CRY,2,3,0,0,0,0
214,2026/27,1,90,0,0,0,2,0,0,0,1,0,0,0,25,20.4,29.3,0.0,5.0,3,50,0.5,5135,4746,Daichi,Kamada,Kamada,3,8,209400,Crystal Palace,CRY,2,3,0,0,0,0
215,2026/27,1,0,0,0,0,0,0,0,0,0,0,0,0,0,0.0,0.0,0.0,0.0,0,50,0.0,0,48,Justin,Devenny,Devenny,3,8,489706,Crystal Palace,CRY,2,3,0,0,0,0
216,2026/27,1,0,0,0,0,0,0,0,0,0,0,0,0,0,0.0,0.0,0.0,0.0,0,50,0.0,0,176,Romain,Esse,Esse,3,8,606921,Crystal Palace,CRY,2,3,0,0,0,0
217,2026/27,1,0,0,0,0,0,0,0,0,0,0,0,0,0,0.0,0.0,0.0,0.0,0,49,0.0,0,227,Matheus,França de Oliveira,M.França,3,8,536694,Crystal Palace,CRY,2,3,0,0,0,0
218,2026/27,1,0,0,0,0,0,0,0,0,0,0,0,0,0,0.0,0.0,0.0,0.0,0,48,0.0,165,407,Cheick,Doucouré,Doucouré,3,8,438464,Crystal Palace,CRY,2,3,0,0,0,0
219,2026/27,1,0,0,0,0,0,0,0,0,0,0,0,0,0,0.0,0.0,0.0,0.0,0,49,0.0,0,35,Jesurun,Rak-Sakyi,J.Rak-Sakyi,3,8,450542,Crystal Palace,CRY,2,3,0,0,0,0
220,2026/27,1,0,0,0,0,0,0,0,0,0,0,0,0,0,0.0,0.0,0.0,0.0,0,45,0.0,0,3,Rio,Cardines,Cardines,2,8,590014,Crystal Palace,CRY,2,3,0,0,0,0
221,2026/27,1,0,0,0,0,0,0,0,0,0,0,0,0,0,0.0,0.0,0.0,0.0,0,44,0.1,236,601,Joél,Drakes-Thomas,Drakes-Thomas,3,8,672492,Crystal Palace,CRY,2,3,0,0,0,0
222,2026/27,1,27,0,0,0,0,0,0,0,0,0,0,0,3,1.0,3.5,17.0,2.2,1,60,0.7,10163,6167,Jørgen,Strand Larsen,Strand Larsen,4,8,247412,Crystal Palace,CRY,2,3,0,0,0,0
223,2026/27,1,62,0,0,0,2,0,0,0,0,0,0,0,-3,1.4,12.3,11.0,2.5,2,63,1.2,305,12224,Jean-Philippe,Mateta,Mateta,4,8,231747,Crystal Palace,CRY,2,3,0,0,0,0
224,2026/27,1,55,0,0,0,2,0,0,0,0,0,0,0,12,10.4,24.5,23.0,5.8,1,55,0.5,1912,4871,Eddie,Nketiah,Nketiah,4,8,205533,Crystal Palace,CRY,2,3,0,0,0,0
225,2026/27,1,0,0,0,0,0,0,0,0,0,0,0,0,0,0.0,0.0,0.0,0.0,0,50,0.0,0,0,Christantus,Uche,Uche,4,8,660392,Crystal Palace,CRY,2,3,0,0,0,0
226,2026/27,1,90,0,0,1,0,0,0,0,0,0,4,0,34,31.8,0.0,0.0,3.2,7,55,9.2,41602,26407,Jordan,Pickford,Pickford,1,9,111234,Everton,EVE,3,3,0,0,0,0
227,2026/27,1,0,0,0,0,0,0,0,0,0,0,0,0,0,0.0,0.0,0.0,0.0,0,50,0.0,344,344,Mark,Travers,Travers,1,9,229600,Everton,EVE,3,3,0,0,0,0
228,2026/27,1,0,0,0,0,0,0,0,0,0,0,0,0,0,0.0,0.0,0.0,0.0,0,45,0.0,153,219,Tom,King,King,1,9,138001,Everton,EVE,3,3,0,0,0,0
229,2026/27,1,90,0,0,1,0,0,0,0,0,0,0,0,25,15.2,0.8,4.0,2.0,6,62,17.8,346867,43725,James,Tarkowski,Tarkowski,2,9,17761,Everton,EVE,3,3,0,0,0,0
230,2026/27,1,90,0,0,1,0,0,0,0,0,0,0,0,27,18.6,0.8,6.0,2.5,6,55,2.6,37063,12677,Jarrad,Branthwaite,Branthwaite,2,9,480455,Everton,EVE,3,3,0,0,0,0
231,2026/27,1,0,0,0,0,0,0,0,0,0,0,0,0,0,0.0,0.0,0.0,0.0,0,48,0.7,724,5658,Michael,Keane,Keane,2,9,106611,Everton,EVE,3,3,0,0,0,0
232,2026/27,1,0,0,0,0,0,0,0,0,0,0,0,0,0,0.0,0.0,0.0,0.0,0,48,0.3,541,1707,Jake,O'Brien,O'Brien,2,9,512462,Everton,EVE,3,3,0,0,0,0
233,2026/27,1,90,0,0,1,0,0,0,0,0,0,0,0,27,12.8,13.8,2.0,2.9,6,46,3.9,44447,54510,Vitalii,Mykolenko,Mykolenko,2,9,224967,Everton,EVE,3,3,0,0,0,0
234,2026/27,1,0,0,0,0,0,0,0,0,0,0,0,0,0,0.0,0.0,0.0,0.0,0,45,0.0,0,177,Nathan,Patterson,Patterson,2,9,243571,Everton,EVE,3,3,0,0,0,0
235,2026/27,1,0,0,0,0,0,0,0,0,0,0,0,0,0,0.0,0.0,0.0,0.0,0,40,0.1,0,863,Adam,Aznou,Aznou,2,9,499300,Everton,EVE,3,3,0,0,0,0
236,2026/27,1,90,1,0,1,0,0,0,0,0,0,0,3,40,42.8,28.3,27.0,9.8,11,66,5.8,45227,76119,Kiernan,Dewsbury-Hall,Dewsbury-Hall,3,9,215413,Everton,EVE,3,3,0,0,0,0
237,2026/27,1,90,0,1,1,0,0,0,0,0,0,0,1,36,40.8,39.8,48.0,12.9,9,58,6.4,11259,103940,Iliman,Ndiaye,Ndiaye,3,15,440993,Man City,MCI,4,5,0,0,0,0
238,2026/27,1,8,0,0,0,0,0,0,0,0,0,0,0,2,1.0,0.6,0.0,0.2,1,65,0.5,6194,4312,Jack,Grealish,Grealish,3,9,114283,Everton,EVE,3,3,0,0,0,0
239,2026/27,1,11,0,0,0,0,0,0,0,0,0,0,0,6,4.8,11.8,2.0,1.9,1,60,0.2,3160,3060,James,Garner,Garner,3,9,232928,Everton,EVE,3,3,0,0,0,0
240,2026/27,1,0,0,0,0,0,0,0,0,0,0,0,0,0,0.0,0.0,0.0,0.0,0,50,0.0,98,169,Tim,Iroegbunam,Iroegbunam,3,11,490094,Hull City,HUL,2,2,0,0,0,0
241,2026/27,1,62,0,0,0,2,0,0,0,0,0,0,0,11,9.6,4.7,2.0,1.6,2,53,0.1,130,711,Dwight,McNeil,McNeil,3,8,433154,Crystal Palace,CRY,2,3,0,0,0,0
242,2026/27,1,83,0,0,1,0,0,0,0,0,0,0,0,13,7.0,23.4,25.0,5.5,3,55,0.8,3500,16953,Tyrique,George,George,3,9,550615,Everton,EVE,3,3,0,0,0,0
243,2026/27,1,1,0,0,0,0,0,0,0,0,0,0,0,7,5.0,0.3,17.0,2.2,1,49,0.1,213,576,Carlos,Alcaraz Durán,Alcaraz,3,9,502697,Everton,EVE,3,3,0,0,0,0
244,2026/27,1,90,0,1,1,0,0,0,0,0,0,0,0,25,28.8,14.7,4.0,4.8,8,50,0.4,1209,4415,Harrison,Armstrong,Armstrong,3,9,609873,Everton,EVE,3,3,0,0,0,0
245,2026/27,1,0,0,0,0,0,0,0,0,0,0,0,0,0,0.0,0.0,0.0,0.0,0,53,0.0,169,235,Tyler,Dibling,Dibling,3,9,496661,Everton,EVE,3,3,0,0,0,0
246,2026/27,1,90,0,0,1,0,0,0,0,0,0,0,0,12,13.8,13.0,2.0,2.9,3,49,0.0,9,838,Merlin,Röhl,Röhl,3,9,513466,Everton,EVE,3,3,0,0,0,0
247,2026/27,1,78,0,0,1,0,0,0,0,0,0,0,0,16,8.6,12.2,5.0,2.6,3,54,0.2,258,1556,Hayden,Hackney,Hackney,3,9,244860,Everton,EVE,3,3,0,0,0,0
248,2026/27,1,11,0,0,0,0,0,0,0,0,0,0,0,3,0.0,0.0,2.0,0.2,1,54,0.6,0,10191,Norberto Bercique,Gomes Betuncal,Beto,4,9,486385,Everton,EVE,3,3,0,0,0,0
249,2026/27,1,78,1,0,1,0,0,0,0,0,0,0,2,37,38.0,19.0,41.0,9.8,8,57,8.6,141002,71231,Thierno,Barry,Barry,4,9,586309,Everton,EVE,3,3,0,0,0,0
250,2026/27,1,90,0,0,0,3,0,0,0,0,0,3,0,11,29.6,0.0,0.0,3.0,2,45,3.7,78809,22347,Bernd,Leno,Leno,1,10,80201,Fulham,FUL,2,3,0,0,0,0
251,2026/27,1,0,0,0,0,0,0,0,0,0,0,0,0,0,0.0,0.0,0.0,0.0,0,40,1.1,4264,4044,Benjamin,Lecomte,Lecomte,1,10,86873,Fulham,FUL,2,3,0,0,0,0
252,2026/27,1,0,0,0,0,0,0,0,0,0,0,0,0,0,0.0,0.0,0.0,0.0,0,40,0.1,0,884,Alfie,McNally,McNally,1,10,505079,Fulham,FUL,2,3,0,0,0,0
253,2026/27,1,0,0,0,0,0,0,0,0,0,0,0,0,0,0.0,0.0,0.0,0.0,0,50,0.2,4909,1662,Joachim,Andersen,Andersen,2,10,174874,Fulham,FUL,2,3,0,0,0,0
254,2026/27,1,81,0,0,0,3,0,0,0,0,0,0,0,4,21.6,25.2,3.0,5.0,1,45,1.5,33099,15865,Antonee,Robinson,Robinson,2,10,169528,Fulham,FUL,2,3,0,0,0,0
255,2026/27,1,90,0,0,0,3,0,0,0,0,0,0,0,7,32.8,21.3,0.0,5.4,3,45,0.0,90,150,Jorge,Cuenca Barreno,J.Cuenca,2,10,246301,Fulham,FUL,2,3,0,0,0,0
256,2026/27,1,0,0,0,0,0,0,0,0,0,0,0,0,0,0.0,0.0,0.0,0.0,0,44,0.2,147,1288,Kenny,Tete,Tete,2,10,167074,Fulham,FUL,2,3,0,0,0,0
257,2026/27,1,90,0,0,0,3,0,0,0,1,0,0,0,1,13.8,3.8,2.0,2.0,0,45,0.8,17018,3792,Calvin,Bassey,Bassey,2,10,232892,Fulham,FUL,2,3,0,0,0,0
258,2026/27,1,90,0,2,0,3,0,0,0,1,0,0,0,21,38.0,27.8,23.0,8.9,6,45,1.1,30866,8552,Timothy,Castagne,Castagne,2,10,166477,Fulham,FUL,2,3,0,0,0,0
259,2026/27,1,90,0,0,0,1,0,0,0,0,0,0,0,7,7.2,0.8,2.0,1.0,2,40,12.3,12324,94415,Issa,Diop,Diop,2,12,219924,Ipswich Town,IPS,2,2,0,0,0,0
260,2026/27,1,65,0,0,1,0,0,0,0,0,0,0,0,8,6.2,15.3,4.0,2.6,3,62,1.5,102,56554,Harry,Wilson,Wilson,3,13,153682,Leeds,LEE,3,3,0,0,0,0
261,2026/27,1,90,0,0,0,3,0,0,0,0,0,0,0,17,12.4,11.3,0.0,2.4,2,54,0.7,8344,5265,Alex,Iwobi,Iwobi,3,10,153133,Fulham,FUL,2,3,0,0,0,0
262,2026/27,1,0,0,0,0,0,0,0,0,0,0,0,0,0,0.0,0.0,0.0,0.0,0,53,0.2,502,1774,Emile,Smith Rowe,Smith Rowe,3,10,209289,Fulham,FUL,2,3,0,0,0,0
263,2026/27,1,17,0,0,0,0,0,0,0,0,0,0,0,2,5.2,1.9,0.0,0.7,1,53,0.0,319,406,Kevin,Santos Lopes de Macedo,Kevin,3,10,560552,Fulham,FUL,2,3,0,0,0,0
264,2026/27,1,66,0,0,0,3,0,0,0,0,0,0,0,10,9.8,13.8,6.0,3.0,2,55,0.3,5018,2731,Oscar,Bobb,Bobb,3,10,477555,Fulham,FUL,2,3,0,0,0,0
265,2026/27,1,72,0,0,0,3,0,0,0,0,0,0,0,14,13.6,23.1,7.0,4.4,2,49,0.3,1124,2040,Sander,Berge,Berge,3,10,207189,Fulham,FUL,2,3,0,0,0,0
266,2026/27,1,0,0,0,0,0,0,0,0,0,0,0,0,0,0.0,0.0,0.0,0.0,0,49,0.0,21,23,Tom,Cairney,Cairney,3,10,76357,Fulham,FUL,2,3,0,0,0,0
267,2026/27,1,90,0,1,0,1,0,0,0,0,0,0,0,22,23.4,14.8,2.0,4.0,5,49,0.1,356,852,Saša,Lukić,Lukić,3,12,212314,Ipswich Town,IPS,2,2,0,0,0,0
268,2026/27,1,90,1,0,0,3,0,0,0,0,0,0,0,34,41.6,15.6,41.0,9.8,7,56,3.6,212144,35616,Josh,King,King,3,10,577725,Fulham,FUL,2,3,0,0,0,0
269,2026/27,1,17,0,0,0,0,0,0,0,0,0,0,0,7,6.6,0.5,19.0,2.6,1,43,0.3,582,1849,Ryan,Sessegnon,Sessegnon,2,10,184349,Fulham,FUL,2,3,0,0,0,0
270,2026/27,1,0,0,0,0,0,0,0,0,0,0,0,0,0,0.0,0.0,0.0,0.0,0,44,1.1,3605,10127,Harrison,Reed,Reed,3,10,153366,Fulham,FUL,2,3,0,0,0,0
271,2026/27,1,8,0,0,0,0,0,0,0,0,0,0,0,6,6.0,11.5,7.0,2.5,1,54,0.4,3000,3858,Rodrigo,Muniz Carvalho,Muniz,4,10,244042,Fulham,FUL,2,3,0,0,0,0
272,2026/27,1,0,0,0,0,0,0,0,0,0,0,0,0,0,0.0,0.0,0.0,0.0,0,45,5.3,16433,51140,Jonah,Kusi-Asare,Kusi-Asare,4,10,631786,Fulham,FUL,2,3,0,0,0,0
273,2026/27,1,0,0,0,0,0,0,0,0,0,0,0,0,0,0.0,0.0,0.0,0.0,0,40,1.4,4856,5753,Dillon,Phillips,Phillips,1,11,167825,Hull City,HUL,2,2,0,0,0,0
274,2026/27,1,0,0,0,0,0,0,0,0,0,0,0,0,0,0.0,0.0,0.0,0.0,0,44,0.1,81,447,Jack,Butland,Butland,1,11,105666,Hull City,HUL,2,2,0,0,0,0
275,2026/27,1,0,0,0,0,0,0,0,0,0,0,0,0,0,0.0,0.0,0.0,0.0,0,40,0.0,0,39,Harvey,Cartwright,Cartwright,1,11,494950,Hull City,HUL,2,2,0,0,0,0
276,2026/27,1,0,0,0,0,0,0,0,0,0,0,0,0,0,0.0,0.0,0.0,0.0,0,40,0.0,0,156,Thimothée,Lo-Tutala,Lo-Tutala,1,11,444307,Hull City,HUL,2,2,0,0,0,0
277,2026/27,1,90,0,0,1,0,0,0,0,0,0,0,0,27,43.4,0.1,2.0,4.6,8,41,7.2,60741,44919,John,Egan,Egan,2,11,108416,Hull City,HUL,2,2,0,0,0,0
278,2026/27,1,0,0,0,0,0,0,0,0,0,0,0,0,0,0.0,0.0,0.0,0.0,0,39,0.2,1340,2496,Charlie,Hughes,Hughes,2,11,501902,Hull City,HUL,2,2,0,0,0,0
279,2026/27,1,63,1,0,1,0,0,0,0,0,0,0,2,39,44.2,0.2,35.0,7.9,14,42,13.9,69350,83119,Semi,Ajayi,Ajayi,2,11,146426,Hull City,HUL,2,2,0,0,0,0
280,2026/27,1,69,0,0,1,0,0,0,0,0,0,0,0,23,5.8,11.3,0.0,1.7,6,40,0.7,3017,3147,Lewie,Coyle,Coyle,2,11,193278,Hull City,HUL,2,2,0,0,0,0
281,2026/27,1,20,0,0,0,0,0,0,0,0,0,0,0,4,2.2,0.0,1.0,0.3,1,40,0.0,0,319,Cody,Drameh,Drameh,2,11,433590,Hull City,HUL,2,2,0,0,0,0
282,2026/27,1,84,0,0,1,0,0,0,0,0,0,0,0,24,13.8,18.8,4.0,3.7,6,40,2.9,31827,20367,Ryan,Giles,Giles,2,11,232351,Hull City,HUL,2,2,0,0,0,0
283,2026/27,1,0,0,0,0,0,0,0,0,0,0,0,0,0,0.0,0.0,0.0,0.0,0,40,0.0,0,50,Matty,Jacob,Jacob,2,11,449428,Hull City,HUL,2,2,0,0,0,0
284,2026/27,1,0,0,0,0,0,0,0,0,0,0,0,0,0,0.0,0.0,0.0,0.0,0,40,0.1,542,621,Cathal,McCarthy,McCarthy,2,11,661800,Hull City,HUL,2,2,0,0,0,0
285,2026/27,1,26,0,0,0,0,0,0,0,0,0,0,0,3,4.2,0.0,0.0,0.4,1,40,0.1,274,602,Paddy,McNair,McNair,2,11,160817,Hull City,HUL,2,2,0,0,0,0
286,2026/27,1,90,0,0,1,0,0,0,0,0,0,0,0,8,10.6,2.2,7.0,2.0,3,51,5.6,128741,41951,Mohamed,Belloumi,Belloumi,3,11,540324,Hull City,HUL,2,2,0,0,0,0
287,2026/27,1,19,0,0,0,0,0,0,0,1,0,0,0,2,2.0,0.3,2.0,0.4,0,50,0.0,0,403,Liam,Millar,Millar,3,11,232905,Hull City,HUL,2,2,0,0,0,0
288,2026/27,1,0,0,0,0,0,0,0,0,0,0,0,0,0,0.0,0.0,0.0,0.0,0,44,0.3,836,2886,Kieran,Dowell,Dowell,3,11,171270,Hull City,HUL,2,2,0,0,0,0
289,2026/27,1,90,0,0,1,0,0,0,0,1,0,0,0,9,19.0,2.4,0.0,2.1,2,44,0.5,7246,6481,Matt,Crooks,Crooks,3,11,101282,Hull City,HUL,2,2,0,0,0,0
290,2026/27,1,90,0,1,1,0,0,0,0,0,0,0,0,20,18.4,19.3,0.0,3.8,6,45,5.1,24298,58133,Regan,Slater,Slater,3,11,243413,Hull City,HUL,2,2,0,0,0,0
291,2026/27,1,0,0,0,0,0,0,0,0,0,0,0,0,0,0.0,0.0,0.0,0.0,0,45,0.0,34,84,Eliot,Matazo,Matazo,3,11,465525,Hull City,HUL,2,2,0,0,0,0
292,2026/27,1,0,0,0,0,0,0,0,0,0,0,0,0,0,0.0,0.0,0.0,0.0,0,49,0.0,102,187,Abdülkadir,Ömür,Ömür,3,11,208481,Hull City,HUL,2,2,0,0,0,0
293,2026/27,1,0,0,0,0,0,0,0,0,0,0,0,0,0,0.0,0.0,0.0,0.0,0,50,0.0,0,15,Abu,Kamara,Kamara,3,11,490161,Hull City,HUL,2,2,0,0,0,0
294,2026/27,1,0,0,0,0,0,0,0,0,0,0,0,0,0,0.0,0.0,0.0,0.0,0,45,0.1,195,658,Óscar,Zambrano,Zambrano,3,11,553783,Hull City,HUL,2,2,0,0,0,0
295,2026/27,1,90,0,1,1,0,0,0,0,0,0,0,0,21,17.2,21.1,52.0,9.0,5,55,1.9,13686,25585,Oli,McBurnie,McBurnie,4,11,169432,Hull City,HUL,2,2,0,0,0,0
296,2026/27,1,0,0,0,0,0,0,0,0,0,0,0,0,0,0.0,0.0,0.0,0.0,0,50,0.0,0,351,David,Akintola,Akintola,3,11,213292,Hull City,HUL,2,2,0,0,0,0
297,2026/27,1,0,0,0,0,0,0,0,0,0,0,0,0,0,0.0,0.0,0.0,0.0,0,44,0.0,79,180,Darko,Gyabi,Gyabi,3,11,470294,Hull City,HUL,2,2,0,0,0,0
298,2026/27,1,0,0,0,0,0,0,0,0,0,0,0,0,0,0.0,0.0,0.0,0.0,0,45,0.2,0,1933,Enis,Destan,Destan,4,11,500957,Hull City,HUL,2,2,0,0,0,0
299,2026/27,1,0,0,0,0,0,0,0,0,0,0,0,0,0,0.0,0.0,0.0,0.0,0,45,0.0,0,292,Mason,Burstow,Burstow,4,11,534392,Hull City,HUL,2,2,0,0,0,0
300,2026/27,1,0,0,0,0,0,0,0,0,0,0,0,0,0,0.0,0.0,0.0,0.0,0,44,0.4,3133,1727,Christian,Walton,Walton,1,12,108813,Ipswich Town,IPS,2,2,0,0,0,0
301,2026/27,1,0,0,0,0,0,0,0,0,0,0,0,0,0,0.0,0.0,0.0,0.0,0,40,3.8,8419,19530,Alex,Palmer,Palmer,1,12,112520,Ipswich Town,IPS,2,2,0,0,0,0
302,2026/27,1,0,0,0,0,0,0,0,0,0,0,0,0,0,0.0,0.0,0.0,0.0,0,40,0.6,2618,2088,David,Button,Button,1,12,50093,Ipswich Town,IPS,2,2,0,0,0,0
303,2026/27,1,0,0,0,0,0,0,0,0,0,0,0,0,0,0.0,0.0,0.0,0.0,0,39,0.9,6175,6020,Cédric,Kipré,Kipré,2,12,183015,Ipswich Town,IPS,2,2,0,0,0,0
304,2026/27,1,90,0,0,0,1,0,0,0,0,0,0,0,16,48.0,24.5,2.0,7.5,4,40,2.6,3629,22813,Dara,O'Shea,O'Shea,2,12,216616,Ipswich Town,IPS,2,2,0,0,0,0
305,2026/27,1,90,0,0,0,1,0,0,0,0,0,0,0,10,15.2,2.3,0.0,1.8,2,40,7.3,99983,44795,Leif,Davis,Davis,2,12,455084,Ipswich Town,IPS,2,2,0,0,0,0
306,2026/27,1,90,0,0,0,1,0,0,0,0,0,0,0,12,16.4,1.3,0.0,1.8,2,39,1.1,4833,6593,Jacob,Greaves,Greaves,2,12,449429,Ipswich Town,IPS,2,2,0,0,0,0
307,2026/27,1,0,0,0,0,0,0,0,0,0,0,0,0,0,0.0,0.0,0.0,0.0,0,40,0.1,0,547,Ben,Johnson,Johnson,2,12,222018,Ipswich Town,IPS,2,2,0,0,0,0
308,2026/27,1,0,0,0,0,0,0,0,0,0,0,0,0,0,0.0,0.0,0.0,0.0,0,39,0.6,7953,4306,Darnell,Furlong,Furlong,2,12,176420,Ipswich Town,IPS,2,2,0,0,0,0
309,2026/27,1,79,0,0,0,1,0,0,0,0,0,0,0,26,13.0,7.3,4.0,2.4,4,49,0.1,125,938,Marcelino,Núñez,Núñez,3,12,501390,Ipswich Town,IPS,2,2,0,0,0,0
310,2026/27,1,0,0,0,0,0,0,0,0,0,0,0,0,0,0.0,0.0,0.0,0.0,0,49,0.0,22,23,Azor,Matusiwa,Matusiwa,3,12,241117,Ipswich Town,IPS,2,2,0,0,0,0
311,2026/27,1,0,0,0,0,0,0,0,0,0,0,0,0,0,0.0,0.0,0.0,0.0,0,50,0.0,0,10,Wes,Burns,Burns,3,12,149929,Ipswich Town,IPS,2,2,0,0,0,0
312,2026/27,1,0,0,0,0,0,0,0,0,0,0,0,0,0,0.0,0.0,0.0,0.0,0,44,0.0,454,391,Jack,Taylor,Taylor,3,12,231899,Ipswich Town,IPS,2,2,0,0,0,0
313,2026/27,1,19,1,0,0,0,0,0,0,0,0,0,1,27,33.6,0.6,18.0,5.2,7,54,0.2,361,1415,Jack,Clarke,Clarke,3,12,443261,Ipswich Town,IPS,2,2,0,0,0,0
314,2026/27,1,0,0,0,0,0,0,0,0,0,0,0,0,0,0.0,0.0,0.0,0.0,0,49,0.0,0,90,Chiedozie,Ogbene,Ogbene,3,12,229164,Ipswich Town,IPS,2,2,0,0,0,0
315,2026/27,1,65,0,0,0,1,0,0,0,0,0,0,0,22,18.6,28.4,8.0,5.5,2,54,0.1,77,3631,Abdul,Fatawu,Fatawu,3,12,531442,Ipswich Town,IPS,2,2,0,0,0,0
316,2026/27,1,65,1,0,0,1,0,0,0,0,0,0,3,41,45.6,26.3,40.0,11.2,9,55,3.9,68709,32199,Emersonn,Correia da Silva,Emersonn,4,12,543968,Ipswich Town,IPS,2,2,0,0,0,0
317,2026/27,1,0,0,0,0,0,0,0,0,0,0,0,0,0,0.0,0.0,0.0,0.0,0,50,0.1,0,747,George,Hirst,Hirst,4,12,222625,Ipswich Town,IPS,2,2,0,0,0,0
318,2026/27,1,0,0,0,0,0,0,0,0,0,0,0,0,0,0.0,0.0,0.0,0.0,0,54,0.1,52,233,Jaden,Philogene,Philogene,3,12,481624,Ipswich Town,IPS,2,2,0,0,0,0
319,2026/27,1,0,0,0,0,0,0,0,0,0,0,0,0,0,0.0,0.0,0.0,0.0,0,50,0.0,0,22,Sam,Szmodics,Szmodics,3,12,172453,Ipswich Town,IPS,2,2,0,0,0,0
320,2026/27,1,24,0,0,0,0,0,0,0,0,0,0,0,3,1.4,0.0,2.0,0.3,1,50,1.1,6543,13288,Chuba,Akpom,Akpom,4,12,147675,Ipswich Town,IPS,2,2,0,0,0,0
321,2026/27,1,10,0,0,0,0,0,0,0,0,0,0,0,3,0.0,0.1,0.0,0.0,1,45,3.5,29016,39336,Sindre,Walle Egeli,Walle Egeli,4,12,557012,Ipswich Town,IPS,2,2,0,0,0,0
322,2026/27,1,0,0,0,0,0,0,0,0,0,0,0,0,0,0.0,0.0,0.0,0.0,0,50,0.0,0,525,Ali,Al-Hamadi,Al-Hamadi,4,12,462387,Ipswich Town,IPS,2,2,0,0,0,0
323,2026/27,1,24,0,0,0,0,0,0,0,0,0,0,0,4,1.2,1.3,0.0,0.3,1,44,1.0,2641,9896,Kasey,McAteer,McAteer,3,12,461587,Ipswich Town,IPS,2,2,0,0,0,0
324,2026/27,1,0,0,0,0,0,0,0,0,0,0,0,0,0,0.0,0.0,0.0,0.0,0,48,0.0,94,219,Anis,Mehmeti,Mehmeti,3,12,232457,Ipswich Town,IPS,2,2,0,0,0,0
325,2026/27,1,0,0,0,0,0,0,0,0,0,0,0,0,0,0.0,0.0,0.0,0.0,0,45,0.0,73,293,Karl,Darlow,Darlow,1,16,59735,Man Utd,MUN,4,4,0,0,0,0
326,2026/27,1,0,0,0,0,0,0,0,0,0,0,0,0,0,0.0,0.0,0.0,0.0,0,45,0.3,0,1863,Lucas Estella,Perri,Perri,1,13,201595,Leeds,LEE,3,3,0,0,0,0
327,2026/27,1,90,0,0,1,0,0,0,0,0,0,0,2,28,23.6,0.4,15.0,3.9,10,50,0.7,1096,7413,Jaka,Bijol,Bijol,2,13,434752,Leeds,LEE,3,3,0,0,0,0
328,2026/27,1,0,0,0,0,0,0,0,0,0,0,0,0,0,0.0,0.0,0.0,0.0,0,49,0.2,676,1475,Pascal,Struijk,Struijk,2,5,222694,Brighton,BHA,3,4,0,0,0,0
329,2026/27,1,90,0,0,1,0,0,0,0,0,0,0,0,21,14.4,14.4,5.0,3.4,6,43,0.7,68,14159,Joe,Rodon,Rodon,2,13,214225,Leeds,LEE,3,3,0,0,0,0
330,2026/27,1,90,0,0,1,0,0,0,0,0,0,0,0,24,7.0,1.1,0.0,0.8,6,46,7.8,196067,45805,Jayden,Bogle,Bogle,2,13,226182,Leeds,LEE,3,3,0,0,0,0
331,2026/27,1,0,0,0,0,0,0,0,0,0,0,0,0,0,0.0,0.0,0.0,0.0,0,45,0.1,1210,590,Gabriel,Gudmundsson,Gudmundsson,2,13,243526,Leeds,LEE,3,3,0,0,0,0
332,2026/27,1,90,0,0,1,0,0,0,0,0,0,0,2,28,24.6,2.3,2.0,2.9,10,45,1.4,9270,10219,James,Justin,Justin,2,13,220627,Leeds,LEE,3,3,0,0,0,0
333,2026/27,1,0,0,0,0,0,0,0,0,0,0,0,0,0,0.0,0.0,0.0,0.0,0,45,0.0,0,7,Sebastiaan,Bornauw,Bornauw,2,13,437738,Leeds,LEE,3,3,0,0,0,0
334,2026/27,1,90,0,0,1,0,0,0,0,0,0,0,0,25,15.6,0.6,17.0,3.3,6,50,4.4,60675,42250,Tarik,Muharemović,Muharemović,2,13,522047,Leeds,LEE,3,3,0,0,0,0
335,2026/27,1,90,1,0,1,0,0,0,0,0,0,0,3,37,47.8,2.3,16.0,6.6,13,60,2.4,7651,28269,Anton,Stach,Stach,3,13,466525,Leeds,LEE,3,3,0,0,0,0
336,2026/27,1,24,0,0,0,0,0,0,0,0,0,0,0,10,10.0,14.0,4.0,2.8,1,58,0.4,3122,5894,Noah,Okafor,Okafor,3,13,435997,Leeds,LEE,3,3,0,0,0,0
337,2026/27,1,81,0,0,1,0,0,0,0,0,0,0,0,16,8.0,1.1,7.0,1.6,3,53,0.5,307,5027,Brenden,Aaronson,Aaronson,3,13,427637,Leeds,LEE,3,3,0,0,0,0
338,2026/27,1,90,0,0,1,0,0,0,0,0,0,0,0,18,18.6,23.3,0.0,4.2,5,54,0.9,3062,8331,Ethan,Ampadu,Ampadu,3,13,199598,Leeds,LEE,3,3,0,0,0,0
339,2026/27,1,8,0,0,0,0,0,0,0,0,0,0,0,3,0.0,0.2,0.0,0.0,1,48,0.1,245,907,Sean,Longstaff,Longstaff,3,13,180135,Leeds,LEE,3,3,0,0,0,0
340,2026/27,1,0,0,0,0,0,0,0,0,0,0,0,0,0,0.0,0.0,0.0,0.0,0,50,0.0,121,147,Joe,Gelhardt,Gelhardt,3,11,462635,Hull City,HUL,2,2,0,0,0,0
341,2026/27,1,0,0,0,0,0,0,0,0,0,0,0,0,0,0.0,0.0,0.0,0.0,0,50,0.0,0,81,Wilfried,Gnonto,Gnonto,3,13,492859,Leeds,LEE,3,3,0,0,0,0
342,2026/27,1,0,0,0,0,0,0,0,0,0,0,0,0,0,0.0,0.0,0.0,0.0,0,50,0.0,0,5,Jack,Harrison,Harrison,3,13,221399,Leeds,LEE,3,3,0,0,0,0
343,2026/27,1,0,0,0,0,0,0,0,0,0,0,0,0,0,0.0,0.0,0.0,0.0,0,49,0.1,249,1053,Daniel,James,James,3,13,200617,Leeds,LEE,3,3,0,0,0,0
344,2026/27,1,0,0,0,0,0,0,0,0,0,0,0,0,0,0.0,0.0,0.0,0.0,0,50,0.0,58,26,Ilia,Gruev,Gruev,3,13,486520,Leeds,LEE,3,3,0,0,0,0
345,2026/27,1,0,0,0,0,0,0,0,0,0,0,0,0,0,0.0,0.0,0.0,0.0,0,49,0.3,3282,3503,Tanaka,Ao,Tanaka,3,13,248056,Leeds,LEE,3,3,0,0,0,0
346,2026/27,1,90,0,0,1,0,0,0,0,1,0,0,0,-2,0.0,0.8,11.0,0.7,1,60,24.1,143646,289634,Dominic,Calvert-Lewin,Calvert-Lewin,4,13,177815,Leeds,LEE,3,3,0,0,0,0
347,2026/27,1,0,0,0,0,0,0,0,0,0,0,0,0,0,0.0,0.0,0.0,0.0,0,54,0.5,2845,5140,Lukas,Nmecha,Nmecha,4,13,174594,Leeds,LEE,3,3,0,0,0,0
348,2026/27,1,0,0,0,0,0,0,0,0,0,0,0,0,0,0.0,0.0,0.0,0.0,0,50,0.1,0,595,Joël,Piroe,Piroe,4,13,235826,Leeds,LEE,3,3,0,0,0,0
349,2026/27,1,0,0,0,0,0,0,0,0,0,0,0,0,0,0.0,0.0,0.0,0.0,0,45,0.1,489,660,Mateo,Joseph Fernández-Regatillo,Mateo Joseph,4,13,565297,Leeds,LEE,3,3,0,0,0,0
350,2026/27,1,90,0,0,0,2,0,0,0,0,0,3,0,7,17.8,0.0,0.0,1.8,2,55,4.2,21063,18256,Alisson,Becker,A.Becker,1,14,116535,Liverpool,LIV,4,4,0,0,0,0
351,2026/27,1,0,0,0,0,0,0,0,0,0,0,0,0,0,0.0,0.0,0.0,0.0,0,48,0.1,322,751,Giorgi,Mamardashvili,Mamardashvili,1,14,449027,Liverpool,LIV,4,4,0,0,0,0
352,2026/27,1,0,0,0,0,0,0,0,0,0,0,0,0,0,0.0,0.0,0.0,0.0,0,40,1.0,1167,3291,Freddie,Woodman,Woodman,1,14,155503,Liverpool,LIV,4,4,0,0,0,0
353,2026/27,1,0,0,0,0,0,0,0,0,0,0,0,0,0,0.0,0.0,0.0,0.0,0,40,0.0,0,98,Armin,Pecsi,Pecsi,1,14,586268,Liverpool,LIV,4,4,0,0,0,0
354,2026/27,1,0,0,0,0,0,0,0,0,0,0,0,0,0,0.0,0.0,0.0,0.0,0,40,0.0,281,212,Vitezslav,Jaros,Jaros,1,14,432987,Liverpool,LIV,4,4,0,0,0,0
355,2026/27,1,0,0,0,0,0,0,0,0,0,0,0,0,0,0.0,0.0,0.0,0.0,0,40,0.2,430,605,Harvey,Davies,Davies,1,14,464353,Liverpool,LIV,4,4,0,0,0,0
356,2026/27,1,90,0,0,0,2,0,0,0,1,0,0,0,8,25.6,1.6,24.0,5.1,2,65,16.1,36379,67051,Virgil,van Dijk,Virgil,2,14,97032,Liverpool,LIV,4,4,0,0,0,0
357,2026/27,1,90,0,0,0,2,0,0,0,1,0,0,0,3,13.6,37.8,10.0,6.1,0,53,1.7,2121,17363,Jeremie,Frimpong,Frimpong,2,14,216094,Liverpool,LIV,4,4,0,0,0,0
358,2026/27,1,90,0,0,0,2,0,0,0,1,0,0,0,3,18.0,13.8,12.0,4.4,0,53,2.2,3671,16845,Milos,Kerkez,Kerkez,2,14,544877,Liverpool,LIV,4,4,0,0,0,0
359,2026/27,1,0,0,0,0,0,0,0,0,0,0,0,0,0,0.0,0.0,0.0,0.0,0,49,0.0,429,141,Joe,Gomez,Gomez,2,14,171287,Liverpool,LIV,4,4,0,0,0,0
360,2026/27,1,0,0,0,0,0,0,0,0,0,0,0,0,0,0.0,0.0,0.0,0.0,0,50,0.0,76,103,Conor,Bradley,Bradley,2,14,492777,Liverpool,LIV,4,4,0,0,0,0
361,2026/27,1,0,0,0,0,0,0,0,0,0,0,0,0,0,0.0,0.0,0.0,0.0,0,40,0.1,359,736,Wellity,Lucky,Lucky,2,14,519440,Liverpool,LIV,4,4,0,0,0,0
362,2026/27,1,69,0,0,0,2,0,0,0,0,0,0,0,9,12.4,11.9,0.0,2.4,1,50,3.4,45123,32500,Jeremy,Jacquet,Jacquet,2,14,606702,Liverpool,LIV,4,4,0,0,0,0
363,2026/27,1,0,0,0,0,0,0,0,0,0,0,0,0,0,0.0,0.0,0.0,0.0,0,40,0.0,85,262,Giovanni,Leoni,Leoni,2,14,647681,Liverpool,LIV,4,4,0,0,0,0
364,2026/27,1,0,0,0,0,0,0,0,0,0,0,0,0,0,0.0,0.0,0.0,0.0,0,49,0.1,139,487,Kostas,Tsimikas,Tsimikas,2,14,214285,Liverpool,LIV,4,4,0,0,0,0
365,2026/27,1,0,0,0,0,0,0,0,0,0,0,0,0,0,0.0,0.0,0.0,0.0,0,40,0.1,0,668,Calvin,Ramsay,Ramsay,2,14,489580,Liverpool,LIV,4,4,0,0,0,0
366,2026/27,1,62,0,0,0,2,0,0,0,0,0,0,0,16,9.8,17.9,29.0,5.7,2,73,5.6,10355,63423,Florian,Wirtz,Wirtz,3,14,494595,Liverpool,LIV,4,4,0,0,0,0
367,2026/27,1,90,1,0,0,2,0,0,0,0,0,0,3,33,44.0,34.0,37.0,11.5,12,72,11.1,55041,211282,Cody,Gakpo,Gakpo,3,14,243298,Liverpool,LIV,4,4,0,0,0,0
368,2026/27,1,90,1,0,0,2,0,0,0,0,0,0,1,29,50.4,47.1,21.0,11.9,8,69,31.5,56130,347337,Dominik,Szoboszlai,Szoboszlai,3,14,424876,Liverpool,LIV,4,4,0,0,0,0
369,2026/27,1,62,0,0,0,2,0,0,0,0,0,0,0,9,2.4,6.0,5.0,1.3,2,57,0.4,1173,5704,Rio,Ngumoha,Ngumoha,3,14,611922,Liverpool,LIV,4,4,0,0,0,0
370,2026/27,1,0,0,0,0,0,0,0,0,0,0,0,0,0,0.0,0.0,0.0,0.0,0,53,0.0,20,309,Federico,Chiesa,Chiesa,3,14,223541,Liverpool,LIV,4,4,0,0,0,0
371,2026/27,1,77,0,1,0,2,0,0,0,0,0,0,0,26,24.4,16.0,4.0,4.4,5,58,1.1,1710,11637,Ryan,Gravenberch,Gravenberch,3,14,441266,Liverpool,LIV,4,4,0,0,0,0
372,2026/27,1,27,0,0,0,0,0,0,0,0,0,0,0,9,5.8,1.4,0.0,0.7,1,54,1.3,5280,9664,Alexis,Mac Allister,Mac Allister,3,14,243016,Liverpool,LIV,4,4,0,0,0,0
373,2026/27,1,0,0,0,0,0,0,0,0,0,0,0,0,0,0.0,0.0,0.0,0.0,0,55,0.0,0,85,Curtis,Jones,C.Jones,3,14,206915,Liverpool,LIV,4,4,0,0,0,0
374,2026/27,1,0,0,0,0,0,0,0,0,0,0,0,0,0,0.0,0.0,0.0,0.0,0,49,0.1,193,522,Endo,Wataru,Endo,3,14,158983,Liverpool,LIV,4,4,0,0,0,0
375,2026/27,1,0,0,0,0,0,0,0,0,0,0,0,0,0,0.0,0.0,0.0,0.0,0,49,0.0,125,389,Trey,Nyoni,Nyoni,3,14,591386,Liverpool,LIV,4,4,0,0,0,0
376,2026/27,1,0,0,0,0,0,0,0,0,0,0,0,0,0,0.0,0.0,0.0,0.0,0,50,0.0,0,4,Stefan,Bajčetić Maquieira,Bajcetic,3,14,535928,Liverpool,LIV,4,4,0,0,0,0
377,2026/27,1,27,0,1,0,0,0,0,0,0,0,0,0,15,4.0,8.9,14.0,2.7,4,65,0.9,2514,15654,Victor,Munoz,Munoz,3,14,551499,Liverpool,LIV,4,4,0,0,0,0
378,2026/27,1,0,0,0,0,0,0,0,0,0,0,0,0,0,0.0,0.0,0.0,0.0,0,44,0.2,1187,1912,James,McConnell,McConnell,3,14,491501,Liverpool,LIV,4,4,0,0,0,0
379,2026/27,1,90,0,0,0,2,0,0,0,0,0,0,0,6,11.4,14.6,66.0,9.2,2,91,20.5,131614,266978,Alexander,Isak,Isak,4,14,219168,Liverpool,LIV,4,4,0,0,0,0
380,2026/27,1,0,0,0,0,0,0,0,0,0,0,0,0,0,0.0,0.0,0.0,0.0,0,74,0.1,512,1027,Hugo,Ekitiké,Ekitiké,4,14,510663,Liverpool,LIV,4,4,0,0,0,0
381,2026/27,1,12,0,0,0,0,0,0,0,0,0,0,0,4,1.2,0.5,7.0,0.9,1,50,0.0,432,264,Lewis,Koumas,Koumas,3,14,514514,Liverpool,LIV,4,4,0,0,0,0
382,2026/27,1,0,0,0,0,0,0,0,0,0,0,0,0,0,0.0,0.0,0.0,0.0,0,45,0.2,4829,3143,Jayden,Danns,Danns,4,14,500058,Liverpool,LIV,4,4,0,0,0,0
383,2026/27,1,0,0,0,0,0,0,0,0,0,0,0,0,0,0.0,0.0,0.0,0.0,0,54,0.0,0,288,Harvey,Elliott,Elliott,3,14,444884,Liverpool,LIV,4,4,0,0,0,0
384,2026/27,1,90,0,0,0,1,0,0,0,0,0,3,0,12,26.8,0.0,0.0,2.7,3,55,7.5,14248,45185,Gianluigi,Donnarumma,Donnarumma,1,15,204936,Man City,MCI,4,5,0,0,0,0
385,2026/27,1,90,0,0,1,0,0,0,0,0,0,3,2,28,19.4,0.0,0.0,1.9,9,50,5.5,35465,24370,James,Trafford,Trafford,1,13,432720,Leeds,LEE,3,3,0,0,0,0
386,2026/27,1,0,0,0,0,0,0,0,0,0,0,0,0,0,0.0,0.0,0.0,0.0,0,45,0.0,83,118,Marcus,Bettinelli,Bettinelli,1,15,122074,Man City,MCI,4,5,0,0,0,0
387,2026/27,1,62,0,0,0,1,0,0,0,0,0,0,0,5,8.8,30.4,11.0,5.0,2,63,10.3,5621,130143,Nico,O'Reilly,O'Reilly,2,15,472769,Man City,MCI,4,5,0,0,0,0
388,2026/27,1,90,1,0,0,1,0,0,0,0,0,0,2,31,43.6,17.5,28.0,8.9,10,60,17.9,33707,78966,Marc,Guéhi,Guéhi,2,15,209036,Man City,MCI,4,5,0,0,0,0
389,2026/27,1,33,0,0,0,0,0,0,0,0,0,0,0,4,3.8,1.5,4.0,0.9,1,59,1.0,2489,4102,Matheus,Nunes,Matheus N.,2,15,465351,Man City,MCI,4,5,0,0,0,0
390,2026/27,1,90,0,0,0,1,0,0,0,0,0,0,0,11,24.4,17.9,2.0,4.4,2,55,1.9,6456,12705,Rúben,dos Santos Gato Alves Dias,Rúben,2,15,171314,Man City,MCI,4,5,0,0,0,0
391,2026/27,1,90,1,0,0,1,0,0,0,0,0,0,1,28,47.6,13.3,17.0,7.8,9,57,27.0,220319,97805,Joško,Gvardiol,Gvardiol,2,15,477424,Man City,MCI,4,5,0,0,0,0
392,2026/27,1,0,0,0,0,0,0,0,0,0,0,0,0,0,0.0,0.0,0.0,0.0,0,52,0.4,694,2857,Rayan,Aït-Nouri,Aït-Nouri,2,15,448514,Man City,MCI,4,5,0,0,0,0
393,2026/27,1,90,0,0,0,1,0,0,0,0,0,0,0,14,17.0,3.4,0.0,2.0,2,54,1.3,1826,11553,Abdukodir,Khusanov,Khusanov,2,15,578153,Man City,MCI,4,5,0,0,0,0
394,2026/27,1,0,0,0,0,0,0,0,0,0,0,0,0,0,0.0,0.0,0.0,0.0,0,50,0.0,0,22,Max,Alleyne,Alleyne,2,15,494307,Man City,MCI,4,5,0,0,0,0
395,2026/27,1,56,0,0,0,1,0,0,0,0,0,0,0,-1,3.8,3.8,39.0,4.7,1,44,0.2,450,1577,Rico,Lewis,Lewis,2,15,477064,Man City,MCI,4,5,0,0,0,0
396,2026/27,1,0,0,0,0,0,0,0,0,0,0,0,0,0,0.0,0.0,0.0,0.0,0,45,0.0,92,188,Vitor,de Oliveira Nunes dos Reis,Vitor Reis,2,15,616222,Man City,MCI,4,5,0,0,0,0
397,2026/27,1,90,0,0,0,1,0,0,0,0,0,0,0,16,5.8,8.9,31.0,4.6,2,84,14.3,139185,165438,Antoine,Semenyo,Semenyo,3,15,437730,Man City,MCI,4,5,0,0,0,0
398,2026/27,1,81,0,0,0,1,0,0,0,1,0,0,0,15,10.4,49.6,15.0,7.5,1,69,1.7,266,40361,Phil,Foden,Foden,3,15,209244,Man City,MCI,4,5,0,0,0,0
399,2026/27,1,27,0,2,0,0,0,0,0,0,0,0,1,28,39.2,48.8,4.0,9.2,8,78,28.6,206255,149301,Rayan,Cherki,Cherki,3,15,466052,Man City,MCI,4,5,0,0,0,0
400,2026/27,1,0,0,0,0,0,0,0,0,0,0,0,0,0,0.0,0.0,0.0,0.0,0,74,0.7,7460,2924,Jérémy,Doku,Doku,3,15,248875,Man City,MCI,4,5,0,0,0,0
401,2026/27,1,0,0,0,0,0,0,0,0,0,0,0,0,0,0.0,0.0,0.0,0.0,0,70,2.2,21869,31034,Omar,Marmoush,Marmoush,4,19,438234,Spurs,TOT,2,3,0,0,0,0
402,2026/27,1,0,0,0,0,0,0,0,0,0,0,0,0,0,0.0,0.0,0.0,0.0,0,65,0.0,0,30,Rodrigo 'Rodri',Hernandez Cascante,Rodrigo,3,15,220566,Man City,MCI,4,5,0,0,0,0
403,2026/27,1,0,0,0,0,0,0,0,0,0,0,0,0,0,0.0,0.0,0.0,0.0,0,65,0.6,5026,10818,Sávio,Moreira de Oliveira,Sávio,3,19,510281,Spurs,TOT,2,3,0,0,0,0
404,2026/27,1,0,0,0,0,0,0,0,0,0,0,0,0,0,0.0,0.0,0.0,0.0,0,60,0.0,0,122,Tijjani,Reijnders,Reijnders,3,15,433036,Man City,MCI,4,5,0,0,0,0
405,2026/27,1,0,0,0,0,0,0,0,0,0,0,0,0,0,0.0,0.0,0.0,0.0,0,55,0.2,1079,2185,Nico,González Iglesias,N.Gonzalez,3,17,465694,Newcastle,NEW,3,3,0,0,0,0
406,2026/27,1,27,0,0,0,0,0,0,0,0,0,0,0,3,2.2,2.1,0.0,0.4,1,53,0.1,143,571,Mateo,Kovačić,Kovačić,3,15,91651,Man City,MCI,4,5,0,0,0,0
407,2026/27,1,0,0,0,0,0,0,0,0,0,0,0,0,0,0.0,0.0,0.0,0.0,0,49,0.0,0,68,Claudio,Echeverri,Echeverri,3,15,575204,Man City,MCI,4,5,0,0,0,0
408,2026/27,1,0,0,0,0,0,0,0,0,0,0,0,0,0,0.0,0.0,0.0,0.0,0,50,0.0,0,18,Kalvin,Phillips,Phillips,3,15,155405,Man City,MCI,4,5,0,0,0,0
409,2026/27,1,0,0,0,0,0,0,0,0,0,0,0,0,0,0.0,0.0,0.0,0.0,0,45,0.1,0,829,Divine,Mukasa,Mukasa,3,15,590039,Man City,MCI,4,5,0,0,0,0
410,2026/27,1,0,0,0,0,0,0,0,0,0,0,0,0,0,0.0,0.0,0.0,0.0,0,49,0.0,0,70,Jeremy,Monga,Monga,3,15,649208,Man City,MCI,4,5,0,0,0,0
411,2026/27,1,90,0,0,0,1,0,0,0,0,0,0,0,6,3.8,5.2,50.0,5.9,2,156,74.1,126550,38782,Erling,Haaland,Haaland,4,15,223094,Man City,MCI,4,5,0,0,0,0
412,2026/27,1,90,0,0,0,2,0,0,0,0,0,2,0,7,20.2,0.0,0.0,2.0,1,49,9.6,10677,77516,Senne,Lammens,Lammens,1,16,465247,Man Utd,MUN,4,4,0,0,0,0
413,2026/27,1,0,0,0,0,0,0,0,0,0,0,0,0,0,0.0,0.0,0.0,0.0,0,45,0.0,0,60,Altay,Bayındır,Bayindir,1,16,451302,Man Utd,MUN,4,4,0,0,0,0
414,2026/27,1,0,0,0,0,0,0,0,0,0,0,0,0,0,0.0,0.0,0.0,0.0,0,40,0.1,298,406,Tom,Heaton,Heaton,1,16,21205,Man Utd,MUN,4,4,0,0,0,0
415,2026/27,1,45,0,0,0,2,0,0,0,1,0,0,0,-11,0.0,1.2,16.0,0.7,0,58,0.5,1068,7139,Patrick,Dorgu,Dorgu,3,16,596777,Man Utd,MUN,4,4,0,0,0,0
416,2026/27,1,0,0,0,0,0,0,0,0,0,0,0,0,0,0.0,0.0,0.0,0.0,0,49,0.0,103,165,Matthijs,de Ligt,De Ligt,2,16,209365,Man Utd,MUN,4,4,0,0,0,0
417,2026/27,1,10,0,0,0,0,0,0,0,0,0,0,0,6,7.6,11.3,0.0,1.9,1,49,1.6,2643,11423,Diogo,Dalot Teixeira,Dalot,2,16,216051,Man Utd,MUN,4,4,0,0,0,0
418,2026/27,1,90,0,0,0,2,0,0,0,0,0,0,0,15,25.4,28.6,19.0,7.3,1,48,8.3,8320,111897,Harry,Maguire,Maguire,2,16,95658,Man Utd,MUN,4,4,0,0,0,0
419,2026/27,1,0,0,0,0,0,0,0,0,0,0,0,0,0,0.0,0.0,0.0,0.0,0,49,1.3,5165,8322,Lisandro,Martínez,Martinez,2,16,221820,Man Utd,MUN,4,4,0,0,0,0
420,2026/27,1,0,0,0,0,0,0,0,0,0,0,0,0,0,0.0,0.0,0.0,0.0,0,48,0.5,749,2740,Leny,Yoro,Yoro,2,16,550864,Man Utd,MUN,4,4,0,0,0,0
421,2026/27,1,90,0,0,0,2,0,0,0,0,0,0,0,5,6.8,2.6,11.0,2.0,1,43,0.3,352,2009,Ayden,Heaven,Heaven,2,16,606745,Man Utd,MUN,4,4,0,0,0,0
422,2026/27,1,79,0,0,0,2,0,0,0,0,0,0,0,8,17.4,29.4,9.0,5.6,1,44,0.5,623,4754,Noussair,Mazraoui,Mazraoui,2,16,230001,Man Utd,MUN,4,4,0,0,0,0
423,2026/27,1,90,0,0,0,2,0,0,0,0,0,0,0,13,25.2,59.2,6.0,9.0,1,43,7.4,7907,111688,Luke,Shaw,Shaw,2,16,106760,Man Utd,MUN,4,4,0,0,0,0
424,2026/27,1,0,0,0,0,0,0,0,0,0,0,0,0,0,0.0,0.0,0.0,0.0,0,40,0.2,578,1112,Harry,Amass,Amass,2,16,577974,Man Utd,MUN,4,4,0,0,0,0
425,2026/27,1,0,0,0,0,0,0,0,0,0,0,0,0,0,0.0,0.0,0.0,0.0,0,40,0.0,0,65,Tyler,Fredricson,Fredricson,2,16,547676,Man Utd,MUN,4,4,0,0,0,0
426,2026/27,1,90,0,0,0,2,0,0,0,0,0,0,0,18,20.2,55.4,17.0,9.3,2,119,38.1,85112,287915,Bruno,Borges Fernandes,B.Fernandes,3,16,141746,Man Utd,MUN,4,4,0,0,0,0
427,2026/27,1,90,0,0,0,2,0,0,0,0,0,0,0,12,9.6,28.1,49.0,8.7,2,79,20.3,80859,200784,Bryan,Mbeumo,Mbeumo,3,16,446008,Man Utd,MUN,4,4,0,0,0,0
428,2026/27,1,79,0,0,0,2,0,0,0,0,0,0,0,14,5.4,28.2,35.0,6.9,2,79,5.9,43492,32591,Matheus,Santos Carneiro da Cunha,Cunha,3,16,430871,Man Utd,MUN,4,4,0,0,0,0
429,2026/27,1,45,0,0,0,0,0,0,0,0,0,0,0,9,11.6,48.6,4.0,6.4,1,69,1.4,4807,25821,Marcus,Rashford,Rashford,3,16,176297,Man Utd,MUN,4,4,0,0,0,0
430,2026/27,1,0,0,0,0,0,0,0,0,0,0,0,0,0,0.0,0.0,0.0,0.0,0,54,0.0,235,246,Mason,Mount,Mount,3,16,184341,Man Utd,MUN,4,4,0,0,0,0
431,2026/27,1,0,0,0,0,0,0,0,0,0,0,0,0,0,0.0,0.0,0.0,0.0,0,57,0.3,212,2617,Amad,Diallo,Amad,3,16,493250,Man Utd,MUN,4,4,0,0,0,0
432,2026/27,1,23,0,0,0,0,0,0,0,0,0,0,0,7,2.8,2.5,2.0,0.7,1,55,1.5,8917,22528,Kobbie,Mainoo,Mainoo,3,16,516895,Man Utd,MUN,4,4,0,0,0,0
433,2026/27,1,0,0,0,0,0,0,0,0,0,0,0,0,0,0.0,0.0,0.0,0.0,0,50,0.0,30,31,Manuel,Ugarte Ribeiro,Ugarte,3,16,232112,Man Utd,MUN,4,4,0,0,0,0
434,2026/27,1,0,0,0,0,0,0,0,0,0,0,0,0,0,0.0,0.0,0.0,0.0,0,49,0.0,57,80,Jack,Fletcher,J.Fletcher,3,16,547037,Man Utd,MUN,4,4,0,0,0,0
435,2026/27,1,10,0,0,0,0,0,0,0,0,0,0,0,3,0.2,0.6,0.0,0.1,1,49,0.1,461,474,Shea,Lacey,Lacey,3,16,576628,Man Utd,MUN,4,4,0,0,0,0
436,2026/27,1,0,0,0,0,0,0,0,0,0,0,0,0,0,0.0,0.0,0.0,0.0,0,50,0.0,0,55,Toby,Collyer,Collyer,3,16,490881,Man Utd,MUN,4,4,0,0,0,0
437,2026/27,1,0,0,0,0,0,0,0,0,0,0,0,0,0,0.0,0.0,0.0,0.0,0,44,0.2,678,1187,Bendito,Mantato,Bendito Mantato,3,16,576620,Man Utd,MUN,4,4,0,0,0,0
438,2026/27,1,0,0,0,0,0,0,0,0,0,0,0,0,0,0.0,0.0,0.0,0.0,0,44,0.3,2865,2751,Tyler,Fletcher,Fletcher,3,16,519913,Man Utd,MUN,4,4,0,0,0,0
439,2026/27,1,23,0,0,0,0,0,0,0,0,0,0,0,2,0.0,0.5,9.0,0.9,1,70,1.5,7126,33153,Benjamin,Sesko,Šeško,4,16,485711,Man Utd,MUN,4,4,0,0,0,0
440,2026/27,1,0,0,0,0,0,0,0,0,0,0,0,0,0,0.0,0.0,0.0,0.0,0,53,0.4,2863,3998,Joshua,Zirkzee,Zirkzee,4,16,458249,Man Utd,MUN,4,4,0,0,0,0
441,2026/27,1,0,0,0,0,0,0,0,0,0,0,0,0,0,0.0,0.0,0.0,0.0,0,45,0.9,0,14099,Chido,Obi,Obi,4,16,596047,Man Utd,MUN,4,4,0,0,0,0
442,2026/27,1,0,0,0,0,0,0,0,0,0,0,0,0,0,0.0,0.0,0.0,0.0,0,49,0.9,1274,4132,Nick,Pope,Pope,1,17,98747,Newcastle,NEW,3,3,0,0,0,0
443,2026/27,1,0,0,0,0,0,0,0,0,0,0,0,0,0,0.0,0.0,0.0,0.0,0,45,0.0,68,127,Mark,Gillespie,Gillespie,1,17,81441,Newcastle,NEW,3,3,0,0,0,0
444,2026/27,1,0,0,0,0,0,0,0,0,0,0,0,0,0,0.0,0.0,0.0,0.0,0,44,0.0,29,185,Ewen,Jaouen,Jaouen,1,17,554578,Newcastle,NEW,3,3,0,0,0,0
445,2026/27,1,90,0,0,0,2,0,0,0,0,0,0,0,0,37.8,0.2,0.0,3.8,3,50,2.2,16015,16209,Malick,Thiaw,Thiaw,2,17,465642,Newcastle,NEW,3,3,0,0,0,0
446,2026/27,1,1,0,0,0,1,0,0,0,0,0,0,0,-1,0.0,0.0,0.0,0.0,1,49,0.2,1020,1209,Fabian,Schär,Schär,2,17,119471,Newcastle,NEW,3,3,0,0,0,0
447,2026/27,1,90,0,0,0,2,0,0,0,0,0,0,0,4,32.4,0.3,0.0,3.3,3,50,0.7,8227,4704,Sven,Botman,Botman,2,17,220237,Newcastle,NEW,3,3,0,0,0,0
448,2026/27,1,0,0,0,0,0,0,0,0,0,0,0,0,0,0.0,0.0,0.0,0.0,0,48,0.7,148,8053,Dan,Burn,Burn,2,17,78916,Newcastle,NEW,3,3,0,0,0,0
449,2026/27,1,90,0,0,0,2,0,0,0,0,0,0,0,8,22.0,15.2,0.0,3.7,3,53,19.0,423797,39605,Lewis,Hall,Hall,2,17,487838,Newcastle,NEW,3,3,0,0,0,0
450,2026/27,1,0,0,0,0,0,0,0,0,0,0,0,0,0,0.0,0.0,0.0,0.0,0,49,0.1,520,2465,Tino,Livramento,Livramento,2,17,441191,Newcastle,NEW,3,3,0,0,0,0
451,2026/27,1,0,0,0,0,0,0,0,0,0,0,0,0,0,0.0,0.0,0.0,0.0,0,40,0.1,0,407,Alex,Murphy,A.Murphy,2,17,545477,Newcastle,NEW,3,3,0,0,0,0
452,2026/27,1,0,0,0,0,0,0,0,0,0,0,0,0,0,0.0,0.0,0.0,0.0,0,67,1.8,10851,10821,Bruno,Guimarães Rodriguez Moura,Bruno G.,3,1,208706,Arsenal,ARS,4,5,0,0,0,0
453,2026/27,1,90,0,0,0,2,0,0,0,0,0,0,0,12,5.2,2.4,9.0,1.7,2,61,6.8,288408,46752,Harvey,Barnes,Barnes,3,17,201666,Newcastle,NEW,3,3,0,0,0,0
454,2026/27,1,75,1,0,0,1,0,0,0,0,0,0,2,31,37.4,3.5,28.0,6.9,9,61,4.0,413,224218,Anthony,Elanga,Elanga,3,17,449434,Newcastle,NEW,3,3,0,0,0,0
455,2026/27,1,90,0,0,0,3,0,0,0,0,0,0,0,14,6.2,6.4,8.0,2.1,2,53,1.8,3457,22414,Sandro,Tonali,Tonali,3,19,432422,Spurs,TOT,2,3,0,0,0,0
456,2026/27,1,34,0,0,0,1,0,0,0,1,0,0,0,1,7.8,1.3,4.0,1.3,0,48,0.2,94,6530,Jacob,Ramsey,J.Ramsey,3,17,232653,Newcastle,NEW,3,3,0,0,0,0
457,2026/27,1,14,0,0,0,1,0,0,0,1,0,0,0,-1,0.0,0.1,2.0,0.1,0,59,0.1,1415,1194,Jacob,Murphy,J.Murphy,3,17,114243,Newcastle,NEW,3,3,0,0,0,0
458,2026/27,1,0,0,0,0,0,0,0,0,0,0,0,0,0,0.0,0.0,0.0,0.0,0,54,0.0,32,113,Joelinton Cássio,Apolinário de Lira,Joelinton,3,17,180974,Newcastle,NEW,3,3,0,0,0,0
459,2026/27,1,75,0,0,0,1,0,0,0,1,0,0,0,13,15.6,21.4,3.0,4.0,3,55,0.1,508,1041,Lewis,Miley,L.Miley,3,17,547719,Newcastle,NEW,3,3,0,0,0,0
460,2026/27,1,34,1,0,0,1,0,0,0,0,0,0,0,28,38.4,13.9,9.0,6.1,6,50,0.6,15350,4747,Joe,Willock,Willock,3,17,200089,Newcastle,NEW,3,3,0,0,0,0
461,2026/27,1,0,0,0,0,0,0,0,0,0,0,0,0,0,0.0,0.0,0.0,0.0,0,58,0.1,506,1261,Bazoumana,Touré,Touré,3,17,611665,Newcastle,NEW,3,3,0,0,0,0
462,2026/27,1,55,0,0,0,1,0,0,0,0,0,0,0,3,0.4,1.2,0.0,0.2,1,49,0.1,398,595,Sean,Steur,Steur,3,17,636852,Newcastle,NEW,3,3,0,0,0,0
463,2026/27,1,0,0,0,0,0,0,0,0,0,0,0,0,0,0.0,0.0,0.0,0.0,0,59,0.5,0,4645,Nick,Woltemade,Woltemade,4,17,470313,Newcastle,NEW,3,3,0,0,0,0
464,2026/27,1,90,0,1,0,1,0,0,0,1,0,0,0,7,20.0,16.3,28.0,6.4,4,62,19.0,171884,200949,Yoane,Wissa,Wissa,4,17,216646,Newcastle,NEW,3,3,0,0,0,0
465,2026/27,1,55,0,1,0,1,0,0,0,0,0,0,0,18,28.2,13.7,8.0,5.0,4,58,0.3,224,3261,William,Osula,Osula,4,17,538207,Newcastle,NEW,3,3,0,0,0,0
466,2026/27,1,0,0,0,0,0,0,0,0,0,0,0,0,0,0.0,0.0,0.0,0.0,0,45,0.5,0,5245,Sean,Neave,Neave,4,17,599303,Newcastle,NEW,3,3,0,0,0,0
467,2026/27,1,90,0,0,0,1,0,0,0,0,0,2,0,11,14.2,0.0,0.0,1.4,2,50,1.5,3111,10114,Matz,Sels,Sels,1,18,85633,Nott'm Forest,NFO,3,3,0,0,0,0
468,2026/27,1,0,0,0,0,0,0,0,0,0,0,0,0,0,0.0,0.0,0.0,0.0,0,45,0.1,83,206,John Victor,Maciel Furtado,John,1,18,221389,Nott'm Forest,NFO,3,3,0,0,0,0
469,2026/27,1,90,0,0,0,1,0,0,0,0,0,0,0,13,15.2,5.8,6.0,2.7,2,50,8.4,17897,82178,Neco,Williams,N.Williams,2,18,215136,Nott'm Forest,NFO,3,3,0,0,0,0
470,2026/27,1,0,0,0,0,0,0,0,0,0,0,0,0,0,0.0,0.0,0.0,0.0,0,50,0.0,0,159,Felipe,Rodrigues da Silva,Morato,2,18,485047,Nott'm Forest,NFO,3,3,0,0,0,0
471,2026/27,1,90,0,0,0,1,0,0,0,0,0,0,0,4,7.6,0.6,14.0,2.2,2,54,0.9,98,17300,Nikola,Milenković,Milenković,2,18,227444,Nott'm Forest,NFO,3,3,0,0,0,0
472,2026/27,1,90,0,0,0,1,0,0,0,0,0,0,0,15,32.2,25.9,0.0,5.8,4,55,2.2,15645,12673,Murillo,Costa dos Santos,Murillo,2,18,575476,Nott'm Forest,NFO,3,3,0,0,0,0
473,2026/27,1,73,0,0,1,0,0,0,0,1,0,0,0,24,16.0,35.6,11.0,6.3,5,44,2.3,1738,31471,Ola,Aina,Aina,2,18,159506,Nott'm Forest,NFO,3,3,0,0,0,0
474,2026/27,1,90,0,0,0,1,0,0,0,1,0,0,0,5,20.8,1.3,0.0,2.2,1,45,0.2,459,933,Jair,Paula da Cunha Filho,Jair Cunha,2,18,575458,Nott'm Forest,NFO,3,3,0,0,0,0
475,2026/27,1,0,0,0,0,0,0,0,0,0,0,0,0,0,0.0,0.0,0.0,0.0,0,45,0.0,26,31,Nicolò,Savona,Savona,2,18,500151,Nott'm Forest,NFO,3,3,0,0,0,0
476,2026/27,1,0,0,0,0,0,0,0,0,0,0,0,0,0,0.0,0.0,0.0,0.0,0,40,0.2,407,1053,Omar,Richards,O.Richards,2,18,204822,Nott'm Forest,NFO,3,3,0,0,0,0
477,2026/27,1,0,0,0,0,0,0,0,0,0,0,0,0,0,0.0,0.0,0.0,0.0,0,40,0.1,0,1242,Zach,Abbott,Abbott,2,18,549067,Nott'm Forest,NFO,3,3,0,0,0,0
478,2026/27,1,16,0,0,0,1,0,0,0,0,0,0,0,-2,0.0,0.9,0.0,0.1,1,44,0.0,78,163,Luca,Netz,Netz,2,18,470315,Nott'm Forest,NFO,3,3,0,0,0,0
479,2026/27,1,0,0,0,0,0,0,0,0,0,0,0,0,0,0.0,0.0,0.0,0.0,0,40,0.1,0,795,Tyler,Bindon,Bindon,2,18,538638,Nott'm Forest,NFO,3,3,0,0,0,0
480,2026/27,1,90,0,0,0,1,0,0,0,0,0,0,0,10,0.0,9.3,16.0,2.4,2,80,15.8,125128,137475,Morgan,Gibbs-White,Gibbs-White,3,18,222531,Nott'm Forest,NFO,3,3,0,0,0,0
481,2026/27,1,62,0,0,0,1,0,0,0,0,0,0,0,14,7.2,20.8,0.0,2.8,2,63,3.9,11619,39879,Elliot,Anderson,Anderson,3,15,215379,Man City,MCI,4,5,0,0,0,0
482,2026/27,1,0,0,0,0,0,0,0,0,0,0,0,0,0,0.0,0.0,0.0,0.0,0,58,0.1,422,1536,Callum,Hudson-Odoi,Hudson-Odoi,3,18,209046,Nott'm Forest,NFO,3,3,0,0,0,0
483,2026/27,1,61,0,0,1,0,0,0,0,0,0,0,0,5,1.4,2.5,0.0,0.4,3,55,0.7,1347,12198,Dan,Ndoye,Ndoye,3,18,456512,Nott'm Forest,NFO,3,3,0,0,0,0
484,2026/27,1,0,0,0,0,0,0,0,0,0,0,0,0,0,0.0,0.0,0.0,0.0,0,54,0.1,0,508,Omari,Hutchinson,Hutchinson,3,18,503301,Nott'm Forest,NFO,3,3,0,0,0,0
485,2026/27,1,0,0,0,0,0,0,0,0,0,0,0,0,0,0.0,0.0,0.0,0.0,0,55,0.0,0,44,Dilane,Bakwa,Bakwa,3,18,476887,Nott'm Forest,NFO,3,3,0,0,0,0
486,2026/27,1,73,0,0,1,0,0,0,0,0,0,0,0,18,11.6,42.5,0.0,5.4,3,55,0.1,542,1313,James,McAtee,McAtee,3,18,432714,Nott'm Forest,NFO,3,3,0,0,0,0
487,2026/27,1,0,0,0,0,0,0,0,0,0,0,0,0,0,0.0,0.0,0.0,0.0,0,49,0.1,78,404,Nicolás,Domínguez,Dominguez,3,18,250199,Nott'm Forest,NFO,3,3,0,0,0,0
488,2026/27,1,90,0,0,0,1,0,0,0,0,0,0,0,10,17.8,13.0,3.0,3.4,2,48,0.4,574,5277,Ibrahim,Sangaré,I.Sangaré,3,18,210462,Nott'm Forest,NFO,3,3,0,0,0,0
489,2026/27,1,0,0,0,0,0,0,0,0,0,0,0,0,0,0.0,0.0,0.0,0.0,0,44,1.1,1161,10206,Ryan,Yates,Yates,3,18,204968,Nott'm Forest,NFO,3,3,0,0,0,0
490,2026/27,1,28,0,0,0,1,0,0,0,0,0,0,0,3,0.0,2.4,3.0,0.4,1,58,0.9,3186,8614,Chris,Wood,Wood,4,18,60689,Nott'm Forest,NFO,3,3,0,0,0,0
491,2026/27,1,90,0,0,0,1,0,0,0,0,0,0,0,8,5.2,6.8,31.0,4.3,2,58,2.5,13007,38070,Igor Jesus,Maciel da Cruz,Igor Jesus,4,18,482973,Nott'm Forest,NFO,3,3,0,0,0,0
492,2026/27,1,20,0,0,0,0,0,0,0,0,0,0,0,4,0.0,1.4,0.0,0.1,1,54,0.4,108,7474,Taiwo,Awoniyi,Awoniyi,4,7,210156,Coventry City,COV,2,2,0,0,0,0
493,2026/27,1,1,0,0,0,0,0,0,0,0,0,0,0,3,0.0,0.0,0.0,0.0,1,54,0.0,294,529,Arnaud,Kalimuendo,Kalimuendo,4,18,465680,Nott'm Forest,NFO,3,3,0,0,0,0
494,2026/27,1,0,0,0,0,0,0,0,0,0,0,0,0,0,0.0,0.0,0.0,0.0,0,45,0.1,0,946,Guglielmo,Vicario,Vicario,1,19,184254,Spurs,TOT,2,3,0,0,0,0
495,2026/27,1,0,0,0,0,0,0,0,0,0,0,0,0,0,0.0,0.0,0.0,0.0,0,40,1.0,3011,3157,Brandon,Austin,Austin,1,19,214572,Spurs,TOT,2,3,0,0,0,0
496,2026/27,1,90,0,0,0,3,0,0,0,0,0,5,0,15,43.6,0.0,0.0,4.4,2,45,16.6,30730,185456,Antonín,Kinský,Kinsky,1,19,485055,Spurs,TOT,2,3,0,0,0,0
497,2026/27,1,0,0,0,0,0,0,0,0,0,0,0,0,0,0.0,0.0,0.0,0.0,0,40,17.0,52232,77761,Martin,Dubravka,Dubravka,1,19,67089,Spurs,TOT,2,3,0,0,0,0
498,2026/27,1,90,0,0,0,3,0,0,0,0,0,0,0,10,36.6,2.2,0.0,3.9,3,58,3.4,1736,29812,Marcos,Senesi Barón,Senesi,2,19,221466,Spurs,TOT,2,3,0,0,0,0
499,2026/27,1,0,0,0,0,0,0,0,0,0,0,0,0,0,0.0,0.0,0.0,0.0,0,54,7.1,1941,120269,Pedro,Porro Sauceda,Pedro Porro,2,19,441164,Spurs,TOT,2,3,0,0,0,0
500,2026/27,1,0,0,0,0,0,0,0,0,0,0,0,0,0,0.0,0.0,0.0,0.0,0,50,0.1,0,357,Cristian,Romero,Romero,2,19,221632,Spurs,TOT,2,3,0,0,0,0
501,2026/27,1,0,0,0,0,0,0,0,0,0,0,0,0,0,0.0,0.0,0.0,0.0,0,50,0.2,1702,1083,Kevin,Danso,Danso,2,20,135720,Sunderland,SUN,3,3,0,0,0,0
502,2026/27,1,90,0,0,0,3,0,0,0,0,0,0,0,13,31.8,19.2,2.0,5.3,3,44,2.5,10751,23120,Andrew,Robertson,Robertson,2,19,122798,Spurs,TOT,2,3,0,0,0,0
503,2026/27,1,0,0,0,0,0,0,0,0,0,0,0,0,0,0.0,0.0,0.0,0.0,0,50,3.8,10504,29130,Micky,van de Ven,Van de Ven,2,19,491279,Spurs,TOT,2,3,0,0,0,0
504,2026/27,1,90,0,0,1,0,0,0,0,0,0,0,0,19,12.4,4.5,12.0,2.9,6,50,4.0,99118,25279,Luka,Vušković,Vuskovic,2,5,610799,Brighton,BHA,3,4,0,0,0,0
505,2026/27,1,0,0,0,0,0,0,0,0,0,0,0,0,0,0.0,0.0,0.0,0.0,0,45,0.2,0,1495,Djed,Spence,Spence,2,19,232859,Spurs,TOT,2,3,0,0,0,0
506,2026/27,1,4,0,0,0,0,0,0,0,0,0,0,0,3,0.0,0.7,0.0,0.0,1,44,0.3,493,2252,Destiny,Udogie,Udogie,2,19,487053,Spurs,TOT,2,3,0,0,0,0
507,2026/27,1,0,0,0,0,0,0,0,0,0,0,0,0,0,0.0,0.0,0.0,0.0,0,45,0.0,0,68,Ashley,Phillips,Phillips,2,19,548308,Spurs,TOT,2,3,0,0,0,0
508,2026/27,1,0,0,0,0,0,0,0,0,0,0,0,0,0,0.0,0.0,0.0,0.0,0,39,0.9,10629,6032,Ben,Davies,Davies,2,19,115556,Spurs,TOT,2,3,0,0,0,0
509,2026/27,1,0,0,0,0,0,0,0,0,0,0,0,0,0,0.0,0.0,0.0,0.0,0,40,0.1,175,336,Jun'ai,Byfield,Byfield,2,19,640419,Spurs,TOT,2,3,0,0,0,0
510,2026/27,1,0,0,0,0,0,0,0,0,0,0,0,0,0,0.0,0.0,0.0,0.0,0,40,0.1,219,462,James,Rowswell,Rowswell,2,19,499716,Spurs,TOT,2,3,0,0,0,0
511,2026/27,1,0,0,0,0,0,0,0,0,0,0,0,0,0,0.0,0.0,0.0,0.0,0,40,0.2,0,1301,João Victor,de Souza Menezes,Souza,2,19,616221,Spurs,TOT,2,3,0,0,0,0
512,2026/27,1,0,0,0,0,0,0,0,0,0,0,0,0,0,0.0,0.0,0.0,0.0,0,65,0.2,3845,1846,Mohammed,Kudus,Kudus,3,19,460842,Spurs,TOT,2,3,0,0,0,0
513,2026/27,1,0,0,0,0,0,0,0,0,0,0,0,0,0,0.0,0.0,0.0,0.0,0,59,0.0,68,94,Xavi,Simons,Xavi,3,19,493362,Spurs,TOT,2,3,0,0,0,0
514,2026/27,1,90,0,0,0,3,0,0,0,0,0,0,0,17,10.4,26.0,9.0,4.5,2,57,0.2,307,2867,Mathys,Tel,Tel,3,19,511499,Spurs,TOT,2,3,0,0,0,0
515,2026/27,1,22,0,0,0,0,0,0,0,0,0,0,0,6,4.4,8.3,8.0,2.1,1,63,0.4,1181,2814,James,Maddison,Maddison,3,19,172780,Spurs,TOT,2,3,0,0,0,0
516,2026/27,1,45,0,0,0,1,0,0,0,0,0,0,0,8,2.0,14.7,0.0,1.7,1,55,0.2,609,1289,Rodrigo,Bentancur,Bentancur,3,19,202993,Spurs,TOT,2,3,0,0,0,0
517,2026/27,1,0,0,0,0,0,0,0,0,0,0,0,0,0,0.0,0.0,0.0,0.0,0,55,0.0,45,21,Wilson,Odobert,Odobert,3,19,550839,Spurs,TOT,2,3,0,0,0,0
518,2026/27,1,0,0,0,0,0,0,0,0,0,0,0,0,0,0.0,0.0,0.0,0.0,0,49,0.1,0,945,Pape Matar,Sarr,P.M.Sarr,3,19,482442,Spurs,TOT,2,3,0,0,0,0
519,2026/27,1,45,0,0,0,2,0,0,0,1,0,0,0,1,0.0,5.5,1.0,0.5,0,53,0.2,1066,1063,Conor,Gallagher,Gallagher,3,19,232787,Spurs,TOT,2,3,0,0,0,0
520,2026/27,1,45,0,0,0,2,0,0,0,0,0,0,0,2,0.0,2.0,2.0,0.0,1,53,0.1,143,843,Lucas,Bergvall,Bergvall,3,19,570526,Spurs,TOT,2,3,0,0,0,0
521,2026/27,1,0,0,0,0,0,0,0,0,0,0,0,0,0,0.0,0.0,0.0,0.0,0,65,0.0,150,101,Dejan,Kulusevski,Kulusevski,3,19,445044,Spurs,TOT,2,3,0,0,0,0
522,2026/27,1,85,0,0,0,3,0,0,0,0,0,0,0,15,6.2,3.3,0.0,1.0,2,49,0.2,642,1653,Archie,Gray,Gray,3,19,547701,Spurs,TOT,2,3,0,0,0,0
523,2026/27,1,67,0,0,0,3,0,0,0,0,0,0,0,10,14.2,5.9,55.0,7.5,2,50,0.1,0,810,Mikey,Moore,Moore,3,19,499721,Spurs,TOT,2,3,0,0,0,0
524,2026/27,1,0,0,0,0,0,0,0,0,0,0,0,0,0,0.0,0.0,0.0,0.0,0,44,1.0,6555,9506,Callum,Olusesi,Olusesi,3,19,499726,Spurs,TOT,2,3,0,0,0,0
525,2026/27,1,45,0,0,0,1,0,0,0,0,0,0,0,16,7.2,27.2,2.0,3.6,1,57,0.7,715,9522,Mateus,Fernandes,Fernandes,3,19,551226,Spurs,TOT,2,3,0,0,0,0
526,2026/27,1,22,0,0,0,0,0,0,0,0,0,0,0,3,0.0,0.0,5.0,0.5,1,58,0.8,3228,8178,Dominic,Solanke-Mitchell,Solanke,4,19,154566,Spurs,TOT,2,3,0,0,0,0
527,2026/27,1,67,0,0,0,3,0,0,0,0,0,0,0,6,0.0,2.2,0.0,0.2,2,59,0.6,0,7888,Richarlison,de Andrade,Richarlison,4,19,212319,Spurs,TOT,2,3,0,0,0,0
528,2026/27,1,0,0,0,0,0,0,0,0,0,0,0,0,0,0.0,0.0,0.0,0.0,0,45,1.1,0,10884,Dane,Scarlett,Scarlett,4,19,490145,Spurs,TOT,2,3,0,0,0,0
529,2026/27,1,90,0,0,0,2,0,0,0,0,0,1,0,7,15.2,0.0,0.0,1.5,1,49,2.4,2918,19086,Robin,Roefs,Roefs,1,20,498016,Sunderland,SUN,3,3,0,0,0,0
530,2026/27,1,0,0,0,0,0,0,0,0,0,0,0,0,0,0.0,0.0,0.0,0.0,0,40,0.1,0,505,Anthony,Patterson,Patterson,1,20,232571,Sunderland,SUN,3,3,0,0,0,0
531,2026/27,1,0,0,0,0,0,0,0,0,0,0,0,0,0,0.0,0.0,0.0,0.0,0,44,0.1,204,361,Melker,Ellborg,Ellborg,1,20,515046,Sunderland,SUN,3,3,0,0,0,0
532,2026/27,1,90,0,0,0,2,0,0,0,1,0,0,0,4,18.2,1.2,0.0,1.9,0,49,2.2,3757,43152,Daniel,Ballard,Ballard,2,20,223827,Sunderland,SUN,3,3,0,0,0,0
533,2026/27,1,0,0,0,0,0,0,0,0,0,0,0,0,0,0.0,0.0,0.0,0.0,0,54,1.9,7588,13128,Nordi,Mukiele,Mukiele,2,20,200834,Sunderland,SUN,3,3,0,0,0,0
534,2026/27,1,79,0,0,0,1,0,0,0,0,0,0,0,14,9.4,39.4,13.0,6.2,2,43,2.6,1748,48488,Trai,Hume,Hume,2,20,487676,Sunderland,SUN,3,3,0,0,0,0
535,2026/27,1,23,0,0,0,1,0,0,0,0,0,0,0,2,0.0,0.6,0.0,0.0,1,48,0.2,392,1602,Omar,Alderete,Alderete,2,20,201895,Sunderland,SUN,3,3,0,0,0,0
536,2026/27,1,90,0,0,0,2,0,0,0,0,0,0,0,9,23.0,27.5,4.0,5.5,1,44,0.2,395,2244,Reinildo,Mandava,Reinildo,2,20,434399,Sunderland,SUN,3,3,0,0,0,0
537,2026/27,1,0,0,0,0,0,0,0,0,0,0,0,0,0,0.0,0.0,0.0,0.0,0,45,0.0,0,33,Jenson,Seelt,Seelt,2,20,519634,Sunderland,SUN,3,3,0,0,0,0
538,2026/27,1,0,0,0,0,0,0,0,0,0,0,0,0,0,0.0,0.0,0.0,0.0,0,40,0.0,0,226,Leo Fuhr,Hjelde,Hjelde,2,20,477547,Sunderland,SUN,3,3,0,0,0,0
539,2026/27,1,66,0,0,0,1,0,0,0,1,0,0,0,1,11.4,1.4,4.0,1.7,1,39,2.5,24708,18907,Luke,O'Nien,O'Nien,2,20,167512,Sunderland,SUN,3,3,0,0,0,0
540,2026/27,1,0,0,0,0,0,0,0,0,0,0,0,0,0,0.0,0.0,0.0,0.0,0,40,0.1,0,846,Arthur,Masuaku,Masuaku,2,20,105717,Sunderland,SUN,3,3,0,0,0,0
541,2026/27,1,90,0,0,0,2,0,0,0,0,0,0,0,5,13.8,5.3,11.0,3.0,1,45,0.3,2691,1529,Thomas,Meunier,Meunier,2,20,93605,Sunderland,SUN,3,3,0,0,0,0
542,2026/27,1,79,0,0,0,1,0,0,0,0,0,0,0,13,4.6,9.9,0.0,1.5,2,57,3.3,17603,39844,Enzo,Le Fée,E.Le Fée,3,20,484420,Sunderland,SUN,3,3,0,0,0,0
543,2026/27,1,10,0,0,0,1,0,0,0,0,0,0,0,3,0.4,0.6,2.0,0.3,1,53,0.0,25,313,Habib,Diarra,Diarra,3,20,547027,Sunderland,SUN,3,3,0,0,0,0
544,2026/27,1,90,0,1,0,2,0,0,0,0,0,0,2,31,18.8,31.4,0.0,5.0,9,55,3.5,8995,34327,Granit,Xhaka,Xhaka,3,20,84450,Sunderland,SUN,3,3,0,0,0,0
545,2026/27,1,90,0,0,0,2,0,0,0,0,0,0,0,18,14.6,32.1,25.0,7.2,2,49,0.2,569,2062,Noah,Sadiki,Sadiki,3,20,577669,Sunderland,SUN,3,3,0,0,0,0
546,2026/27,1,0,0,0,0,0,0,0,0,0,0,0,0,0,0.0,0.0,0.0,0.0,0,49,0.0,0,286,Simon,Adingra,Adingra,3,20,535818,Sunderland,SUN,3,3,0,0,0,0
547,2026/27,1,0,0,0,0,0,0,0,0,0,0,0,0,0,0.0,0.0,0.0,0.0,0,49,0.0,13,65,Romaine,Mundle,Mundle,3,20,461199,Sunderland,SUN,3,3,0,0,0,0
548,2026/27,1,10,0,0,0,1,0,0,0,0,0,0,0,3,0.0,0.3,0.0,0.0,1,49,0.0,50,334,Chris,Rigg,Rigg,3,20,554197,Sunderland,SUN,3,3,0,0,0,0
549,2026/27,1,31,0,0,0,1,0,0,0,0,0,0,0,1,0.0,0.9,0.0,0.0,1,53,0.1,151,779,Chemsdine,Talbi,Talbi,3,20,549912,Sunderland,SUN,3,3,0,0,0,0
550,2026/27,1,0,0,0,0,0,0,0,0,0,0,0,0,0,0.0,0.0,0.0,0.0,0,50,0.0,60,65,Djiamgone Jocelin Ta,Bi,Jocelin.T,3,20,699989,Sunderland,SUN,3,3,0,0,0,0
551,2026/27,1,58,1,0,0,1,0,0,0,1,0,0,0,23,32.8,3.3,16.0,5.2,5,50,0.1,766,1082,Nilson,Angulo,N.Angulo,3,20,536661,Sunderland,SUN,3,3,0,0,0,0
552,2026/27,1,66,0,0,0,1,0,0,0,0,0,0,0,1,0.0,1.5,9.0,1.1,2,57,6.4,203749,108213,Brian,Brobbey,Brobbey,4,20,441264,Sunderland,SUN,3,3,0,0,0,0
553,2026/27,1,23,0,0,0,1,0,0,0,0,0,0,0,3,0.0,0.2,0.0,0.0,1,55,1.3,7867,15663,Wilson,Isidor,Isidor,4,20,437505,Sunderland,SUN,3,3,0,0,0,0
554,2026/27,1,0,0,0,0,0,0,0,0,0,0,0,0,0,0.0,0.0,0.0,0.0,0,45,0.0,0,132,Kayne,van Oevelen,Van Oevelen,1,12,546600,Ipswich Town,IPS,2,2,0,0,0,0
555,2026/27,1,0,0,0,0,0,0,0,0,0,0,0,0,0,0.0,0.0,0.0,0.0,0,40,1.7,1731,4155,Remi,Matthews,Matthews,1,8,169593,Crystal Palace,CRY,2,3,0,0,0,0
556,2026/27,1,5,0,0,0,0,0,0,0,0,0,0,0,3,0.4,0.0,0.0,0.0,1,40,1.6,153,15102,Matt,Targett,Targett,2,11,169359,Hull City,HUL,2,2,0,0,0,0
557,2026/27,1,75,0,1,1,0,0,0,0,0,0,0,0,30,17.0,39.8,30.0,8.7,6,63,10.4,13019,312963,Christos,Tzolis,Tzolis,3,1,439509,Arsenal,ARS,4,5,0,0,0,0
558,2026/27,1,16,0,0,0,1,0,0,0,0,0,0,0,3,0.6,1.0,2.0,0.4,1,50,0.1,301,1204,Xaver,Schlager,Schlager,3,18,204561,Nott'm Forest,NFO,3,3,0,0,0,0
559,2026/27,1,14,0,0,0,1,0,0,0,0,0,0,0,5,4.0,0.0,0.0,0.4,1,49,0.1,162,689,Aladji,Bamba,Bamba,3,17,632794,Newcastle,NEW,3,3,0,0,0,0
560,2026/27,1,0,0,0,0,0,0,0,0,0,0,0,0,0,0.0,0.0,0.0,0.0,0,44,0.1,295,393,Mike,Penders,Penders,1,6,549939,Chelsea,CHE,4,4,0,0,0,0
561,2026/27,1,0,0,0,0,0,0,0,0,0,0,0,0,0,0.0,0.0,0.0,0.0,0,45,0.0,91,130,Aaron,Anselmino,Anselmino,2,6,622758,Chelsea,CHE,4,4,0,0,0,0
562,2026/27,1,79,0,0,0,1,0,0,0,0,0,0,0,7,12.6,1.4,7.0,2.1,2,53,0.2,208,2308,Daizen,Maeda,Maeda,3,12,442967,Ipswich Town,IPS,2,2,0,0,0,0
563,2026/27,1,0,0,0,0,0,0,0,0,0,0,0,0,0,0.0,0.0,0.0,0.0,0,49,0.0,25,240,Hidemasa,Morita,Morita,3,11,445028,Hull City,HUL,2,2,0,0,0,0
564,2026/27,1,90,0,0,0,1,0,0,0,0,0,2,0,12,14.4,0.0,0.0,1.4,2,45,0.6,1236,3962,Kjell,Scherpen,Scherpen,1,12,240514,Ipswich Town,IPS,2,2,0,0,0,0
565,2026/27,1,75,0,2,1,0,0,0,0,0,0,0,3,41,31.6,21.8,21.0,7.4,14,56,9.3,12128,197839,Mamadou,Sangaré,M.Sangaré,3,4,513545,Brentford,BRE,3,3,0,0,0,0
566,2026/27,1,90,0,0,0,2,0,0,0,1,0,0,0,5,31.4,0.3,0.0,3.2,2,50,0.5,21103,9563,António João,Pereira de Albuquerque Tavares da Silva,Silva,2,3,483067,Bournemouth,BOU,3,3,0,0,0,0
567,2026/27,1,90,0,0,0,2,0,0,0,1,0,5,0,12,41.2,0.0,0.0,4.1,1,50,1.5,11201,8488,Lukás,Hornícek,Horníček,1,17,470551,Newcastle,NEW,3,3,0,0,0,0
568,2026/27,1,0,0,0,0,0,0,0,0,0,0,0,0,0,0.0,0.0,0.0,0.0,0,54,0.1,313,599,Valentín,Barco,Barco,3,6,543158,Chelsea,CHE,4,4,0,0,0,0
569,2026/27,1,90,1,0,0,3,0,0,0,0,0,0,0,33,37.2,4.3,40.0,8.2,6,60,5.4,226755,52355,Gonzalo,García,Gonzalo,4,10,551466,Fulham,FUL,2,3,0,0,0,0
570,2026/27,1,72,0,0,0,3,0,0,0,0,0,0,0,10,2.8,7.3,8.0,1.8,2,54,0.2,1041,1397,César,Palacios,Palacios,3,10,571779,Fulham,FUL,2,3,0,0,0,0
571,2026/27,1,0,0,0,0,0,0,0,0,0,0,0,0,0,0.0,0.0,0.0,0.0,0,48,0.1,156,553,Florentino Ibrain,Morris Luís,Florentino,3,12,216055,Ipswich Town,IPS,2,2,0,0,0,0
572,2026/27,1,90,0,0,1,0,0,0,0,0,0,5,3,41,34.6,0.0,0.0,3.5,10,47,13.1,176216,40182,Konstantinos,Tzolakis,Tzolakis,1,11,473284,Hull City,HUL,2,2,0,0,0,0
573,2026/27,1,0,0,0,0,0,0,0,0,0,0,0,0,0,0.0,0.0,0.0,0.0,0,44,0.2,194,602,Juanlu,Sánchez,Sanchez,2,3,494928,Bournemouth,BOU,3,3,0,0,0,0
574,2026/27,1,0,0,0,0,0,0,0,0,0,0,0,0,0,0.0,0.0,0.0,0.0,0,49,0.1,94,467,Jens,Hjertø-Dahl,Hjertø-Dahl,3,11,552946,Hull City,HUL,2,2,0,0,0,0
575,2026/27,1,61,0,0,0,3,0,0,0,1,0,0,0,2,0.0,3.1,0.0,0.0,1,48,0.1,431,1505,Caleb,Yirenkyi,Yirenkyi,3,7,661888,Coventry City,COV,2,2,0,0,0,0
576,2026/27,1,70,0,0,1,0,0,0,0,0,0,0,0,11,8.4,4.8,0.0,1.3,3,50,0.1,194,672,Elliot,Stroud,Stroud,3,11,608227,Hull City,HUL,2,2,0,0,0,0
577,2026/27,1,18,0,0,0,0,0,0,0,0,0,0,0,3,2.4,2.4,0.0,0.5,1,44,0.2,157,2072,Takehiro,Tomiyasu,Tomiyasu,2,8,223723,Crystal Palace,CRY,2,3,0,0,0,0
578,2026/27,1,0,0,0,0,0,0,0,0,0,0,0,0,0,0.0,0.0,0.0,0.0,0,53,0.0,34,714,Mykhailo,Mudryk,Mudryk,3,19,465920,Spurs,TOT,2,3,0,0,0,0
579,2026/27,1,20,0,0,0,0,0,0,0,0,0,0,0,3,13.2,1.2,0.0,1.4,1,54,3.1,26826,14843,Ronald,Araujo,Araujo,2,14,445087,Liverpool,LIV,4,4,0,0,0,0
580,2026/27,1,23,0,0,0,0,0,0,0,0,0,0,0,5,3.4,1.3,0.0,0.5,1,50,0.1,2081,804,Shea,Charles,Charles,3,10,463210,Fulham,FUL,2,3,0,0,0,0
581,2026/27,1,0,0,0,0,0,0,0,0,0,0,0,0,0,0.0,0.0,0.0,0.0,0,54,0.5,2133,3063,Ousmane,Diomande,Diomande,2,18,568420,Nott'm Forest,NFO,3,3,0,0,0,0
582,2026/27,1,0,0,0,0,0,0,0,0,0,0,0,0,0,0.0,0.0,0.0,0.0,0,54,0.2,547,2729,Brian,Madjo,Madjo,4,2,690838,Aston Villa,AVL,3,3,0,0,0,0
583,2026/27,1,25,0,0,0,0,0,0,0,0,0,0,0,3,2.4,0.2,2.0,0.5,1,49,0.2,783,799,Pep,Chavarría,Chavarria,2,6,498444,Chelsea,CHE,4,4,0,0,0,0
584,2026/27,1,8,0,0,0,0,0,0,0,0,0,0,0,3,0.4,0.3,0.0,0.1,1,54,0.1,68,587,Gustavo,Hamer,Hamer,3,7,196100,Coventry City,COV,2,2,0,0,0,0
585,2026/27,1,26,0,0,0,0,0,0,0,0,0,0,0,4,8.0,0.0,0.0,0.8,1,40,0.6,1387,2439,Lucas,Herrington,Herrington,2,11,597462,Hull City,HUL,2,2,0,0,0,0
586,2026/27,1,63,1,0,1,0,0,0,0,0,0,0,1,35,51.8,0.6,33.0,8.5,15,41,6.2,12424,41043,Nobel,Mendy,Mendy,2,11,606930,Hull City,HUL,2,2,0,0,0,0
587,2026/27,1,0,0,0,0,0,0,0,0,0,0,0,0,0,0.0,0.0,0.0,0.0,0,50,0.0,93,128,Gerónimo,Rulli,Rulli,1,15,106921,Man City,MCI,4,5,0,0,0,0
588,2026/27,1,35,0,0,0,0,0,0,0,0,0,0,0,12,24.0,26.5,4.0,5.5,1,50,0.3,2601,2953,Anan,Khalaili,Khalaili,2,8,570794,Crystal Palace,CRY,2,3,0,0,0,0
589,2026/27,1,0,0,0,0,0,0,0,0,0,0,0,0,0,0.0,0.0,0.0,0.0,0,50,0.0,42,148,Lucas,Gourna-Douath,Gourna-Douath,3,11,469266,Hull City,HUL,2,2,0,0,0,0
590,2026/27,1,0,0,0,0,0,0,0,0,0,0,0,0,0,0.0,0.0,0.0,0.0,0,45,0.1,174,309,Steven,Benda,Benda,1,18,428971,Nott'm Forest,NFO,3,3,0,0,0,0
591,2026/27,1,70,0,1,0,1,0,0,0,0,0,0,0,24,21.6,14.0,18.0,5.4,5,55,0.8,5050,9296,Julio,Enciso,Enciso,3,12,474120,Ipswich Town,IPS,2,2,0,0,0,0
592,2026/27,1,10,0,0,0,0,0,0,0,0,0,0,0,4,5.2,10.0,0.0,1.5,1,40,0.8,1063,3015,Abdoul,Ouattara,Ouattara,2,12,572584,Ipswich Town,IPS,2,2,0,0,0,0
593,2026/27,1,90,0,0,0,2,0,0,0,0,0,0,0,-1,16.4,1.2,5.0,2.3,1,45,1.6,428,57155,Amar,Dedic,Dedić,2,17,463726,Newcastle,NEW,3,3,0,0,0,0
594,2026/27,1,0,0,0,0,0,0,0,0,0,0,0,0,0,0.0,0.0,0.0,0.0,0,59,0.2,4074,2875,Promise,David,David,4,5,538007,Brighton,BHA,3,4,0,0,0,0
595,2026/27,1,0,0,0,0,0,0,0,0,0,0,0,0,0,0.0,0.0,0.0,0.0,0,49,0.0,50,121,Zavier,Gozo,Gozo,3,8,559152,Crystal Palace,CRY,2,3,0,0,0,0
596,2026/27,1,8,0,0,0,0,0,0,0,0,0,0,0,3,4.0,0.0,0.0,0.4,1,45,0.1,1184,550,Matteo,Ruggeri,Ruggeri,2,2,487992,Aston Villa,AVL,3,3,0,0,0,0
597,2026/27,1,0,0,0,0,0,0,0,0,0,0,0,0,0,0.0,0.0,0.0,0.0,0,50,1.9,19399,10350,Zion,Suzuki,Suzuki,1,2,433969,Aston Villa,AVL,3,3,0,0,0,0
598,2026/27,1,0,0,0,0,0,0,0,0,0,0,0,0,0,0.0,0.0,0.0,0.0,0,45,0.1,447,383,Nico,Elvedi,Elvedi,2,13,173774,Leeds,LEE,3,3,0,0,0,0
599,2026/27,1,0,0,0,0,0,0,0,0,0,0,0,0,0,0.0,0.0,0.0,0.0,0,50,0.1,769,1041,Sidiki,Cherif,Cherif,4,7,627221,Coventry City,COV,2,2,0,0,0,0
600,2026/27,1,12,0,0,0,0,0,0,0,0,0,0,0,7,4.2,15.4,4.0,2.4,1,50,0.0,139,161,Ibrahim,Osman,Osman,3,5,612855,Brighton,BHA,3,4,0,0,0,0
601,2026/27,1,0,0,0,0,0,0,0,0,0,0,0,0,0,0.0,0.0,0.0,0.0,0,45,0.1,229,903,Luca,Williams-Barnett,Williams-Barnett,3,19,611917,Spurs,TOT,2,3,0,0,0,0
602,2026/27,1,0,0,0,0,0,0,0,0,0,0,0,0,0,0.0,0.0,0.0,0.0,0,45,0.0,0,278,Cameron,Humphreys,Humphreys,3,12,524180,Ipswich Town,IPS,2,2,0,0,0,0
603,2026/27,1,0,0,0,0,0,0,0,0,0,0,0,0,0,0.0,0.0,0.0,0.0,0,40,0.1,318,634,Jayden,Lienou,Lienou,2,13,643970,Leeds,LEE,3,3,0,0,0,0
604,2026/27,1,0,0,0,0,0,0,0,0,0,0,0,0,0,0.0,0.0,0.0,0.0,0,45,0.1,436,1115,Alfie,Cresswell,Cresswell,3,13,592740,Leeds,LEE,3,3,0,0,0,0
605,2026/27,1,4,0,0,0,0,0,0,0,0,0,0,0,3,0.6,2.7,0.0,0.3,1,45,3.9,38376,48133,Malick,Yalcouyé,Yalcouyé,3,5,611695,Brighton,BHA,3,4,0,0,0,0
606,2026/27,1,0,0,0,0,0,0,0,0,0,0,0,0,0,0.0,0.0,0.0,0.0,0,40,0.2,413,1066,Triston,Rowe,Rowe,2,2,569577,Aston Villa,AVL,3,3,0,0,0,0
607,2026/27,1,0,0,0,0,0,0,0,0,0,0,0,0,0,0.0,0.0,0.0,0.0,0,45,0.1,0,822,Luka,Lynch,Lynch,3,2,571380,Aston Villa,AVL,3,3,0,0,0,0
608,2026/27,1,15,0,0,0,2,0,0,0,0,0,0,0,6,3.4,0.8,17.0,2.1,1,50,0.1,1246,1186,Daniel,Jebbison,Jebbison,4,3,523700,Bournemouth,BOU,3,3,0,0,0,0
609,2026/27,1,0,0,0,0,0,0,0,0,0,0,0,0,0,0.0,0.0,0.0,0.0,0,40,0.2,0,2201,Leo,Shahar,Shahar,2,17,553746,Newcastle,NEW,3,3,0,0,0,0
610,2026/27,1,0,0,0,0,0,0,0,0,0,0,0,0,0,0.0,0.0,0.0,0.0,0,40,0.1,0,579,Luc,De Fougerolles,De Fougerolles,2,10,547686,Fulham,FUL,2,3,0,0,0,0
1,2026/27,2,90,0,0,1,0,0,0,0,0,0,0,0,21,5.6,0.0,0.0,0.6,6,61,42.9,218440,75764,David,Raya Martín,Raya,1,1,154561,Arsenal,ARS,4,5,0,0,0,0
2,2026/27,2,0,0,0,0,0,0,0,0,0,0,0,0,0,0.0,0.0,0.0,0.0,0,49,0.1,157,328,Kepa,Arrizabalaga Revuelta,Arrizabalaga,1,1,109745,Arsenal,ARS,4,5,0,0,0,0
3,2026/27,2,0,0,0,0,0,0,0,0,0,0,0,0,0,0.0,0.0,0.0,0.0,0,49,0.0,69,149,Illan,Meslier,Meslier,1,1,437495,Arsenal,ARS,4,5,0,0,0,0
4,2026/27,2,90,0,0,1,0,0,0,0,0,0,0,0,23,18.2,3.2,6.0,2.7,8,80,22.7,45788,101649,Gabriel,dos Santos Magalhães,Gabriel,2,1,226597,Arsenal,ARS,4,5,0,0,0,0
5,2026/27,2,0,0,0,0,0,0,0,0,0,0,0,0,0,0.0,0.0,0.0,0.0,0,65,0.5,23944,6887,Jurriën,Timber,J.Timber,2,1,445122,Arsenal,ARS,4,5,0,0,0,0
6,2026/27,2,0,0,0,0,0,0,0,0,0,0,0,0,0,0.0,0.0,0.0,0.0,0,59,0.2,522,1363,William,Saliba,Saliba,2,1,462424,Arsenal,ARS,4,5,0,0,0,0
7,2026/27,2,70,0,0,1,0,0,0,0,0,0,0,0,15,10.6,3.2,5.0,1.9,3,54,0.6,1732,6401,Myles,Lewis-Skelly,Lewis-Skelly,3,1,499169,Arsenal,ARS,4,5,0,0,0,0
8,2026/27,2,90,0,1,1,0,0,0,0,0,0,0,2,30,21.2,11.9,9.0,4.2,11,59,50.9,150962,86848,Riccardo,Calafiori,Calafiori,2,1,466075,Arsenal,ARS,4,5,0,0,0,0
9,2026/27,2,0,0,0,0,0,0,0,0,0,0,0,0,0,0.0,0.0,0.0,0.0,0,52,0.9,2211,7112,Piero,Hincapié,Hincapie,2,1,448104,Arsenal,ARS,4,5,0,0,0,0
10,2026/27,2,90,0,0,1,0,0,0,0,0,0,0,1,26,16.4,20.3,0.0,3.7,7,55,4.6,3950,99727,Benjamin,White,White,2,1,198869,Arsenal,ARS,4,5,0,0,0,0
11,2026/27,2,78,0,0,1,0,0,0,0,0,0,0,0,25,10.2,1.4,0.0,1.2,6,53,1.6,2956,14592,Cristhian,Mosquera,Mosquera,2,1,500040,Arsenal,ARS,4,5,0,0,0,0
12,2026/27,2,90,1,0,1,0,0,0,0,0,0,0,3,46,41.0,8.0,44.0,9.3,11,96,15.5,304055,68164,Bukayo,Saka,Saka,3,1,223340,Arsenal,ARS,4,5,0,0,0,0
13,2026/27,2,84,0,0,1,0,0,0,0,0,0,0,0,19,24.0,27.6,0.0,5.2,5,74,11.0,8639,137432,Declan,Rice,Rice,3,1,204480,Arsenal,ARS,4,5,0,0,0,0
14,2026/27,2,45,0,0,0,0,0,0,0,0,0,0,0,6,1.6,2.0,2.0,0.6,1,62,1.0,5964,8713,Eberechi,Eze,Eze,3,1,232413,Arsenal,ARS,4,5,0,0,0,0
15,2026/27,2,70,0,0,1,0,0,0,0,0,0,0,0,13,6.8,6.8,5.0,1.9,3,68,20.0,150212,136964,Martin,Ødegaard,Ødegaard,3,1,184029,Arsenal,ARS,4,5,0,0,0,0
16,2026/27,2,0,0,0,0,0,0,0,0,0,0,0,0,0,0.0,0.0,0.0,0.0,0,62,0.2,1042,1877,Noni,Madueke,Madueke,3,1,248857,Arsenal,ARS,4,5,0,0,0,0
17,2026/27,2,19,0,0,0,0,0,0,0,0,0,0,0,7,2.8,1.0,0.0,0.4,1,57,0.4,2251,3536,Mikel,Merino Zazón,Merino,3,1,195384,Arsenal,ARS,4,5,0,0,0,0
18,2026/27,2,0,0,0,0,0,0,0,0,0,0,0,0,0,0.0,0.0,0.0,0.0,0,63,0.1,0,701,Gabriel,Martinelli Silva,Martinelli,3,1,444145,Arsenal,ARS,4,5,0,0,0,0
19,2026/27,2,5,0,0,0,0,0,0,0,0,0,0,0,5,4.8,0.9,0.0,0.6,1,53,0.6,662,4836,Martín,Zubimendi Ibáñez,Zubimendi,3,1,481655,Arsenal,ARS,4,5,0,0,0,0
20,2026/27,2,0,0,0,0,0,0,0,0,0,0,0,0,0,0.0,0.0,0.0,0.0,0,53,0.1,506,834,Max,Dowman,Dowman,3,1,616077,Arsenal,ARS,4,5,0,0,0,0
21,2026/27,2,0,0,0,0,0,0,0,0,0,0,0,0,0,0.0,0.0,0.0,0.0,0,48,0.0,88,496,Christian,Nørgaard,Nørgaard,3,9,128295,Everton,EVE,3,3,0,0,0,0
22,2026/27,2,0,0,0,0,0,0,0,0,0,0,0,0,0,0.0,0.0,0.0,0.0,0,54,0.0,0,61,Ethan,Nwaneri,Nwaneri,3,1,499175,Arsenal,ARS,4,5,0,0,0,0
23,2026/27,2,0,0,0,0,0,0,0,0,0,0,0,0,0,0.0,0.0,0.0,0.0,0,55,0.0,0,46,Fábio,Ferreira Vieira,Fábio Vieira,3,1,438098,Arsenal,ARS,4,5,0,0,0,0
24,2026/27,2,0,0,0,0,0,0,0,0,0,0,0,0,0,0.0,0.0,0.0,0.0,0,55,0.0,0,28,Reiss,Nelson,Nelson,3,1,200641,Arsenal,ARS,4,5,0,0,0,0
25,2026/27,2,0,0,0,0,0,0,0,0,0,0,0,0,0,0.0,0.0,0.0,0.0,0,71,3.6,58982,24570,Viktor,Gyökeres,Gyökeres,4,1,224117,Arsenal,ARS,4,5,0,0,0,0
26,2026/27,2,90,0,0,1,0,0,0,0,0,0,0,0,5,2.4,3.4,23.0,2.9,2,76,7.4,53137,143798,Kai,Havertz,Havertz,4,1,219847,Arsenal,ARS,4,5,0,0,0,0
27,2026/27,2,0,0,0,0,0,0,0,0,0,0,0,0,0,0.0,0.0,0.0,0.0,0,59,0.1,0,1198,Gabriel,Fernando de Jesus,G.Jesus,4,1,205651,Arsenal,ARS,4,5,0,0,0,0
28,2026/27,2,90,0,0,0,3,0,0,0,0,0,4,0,18,36.2,20.0,0.0,5.6,2,50,4.7,13016,29580,Emiliano,Martínez Romero,Martinez,1,6,98980,Chelsea,CHE,4,4,0,0,0,0
29,2026/27,2,0,0,0,0,0,0,0,0,0,0,0,0,0,0.0,0.0,0.0,0.0,0,45,0.1,92,1365,Marco,Bizot,M.Bizot,1,2,72147,Aston Villa,AVL,3,3,0,0,0,0
30,2026/27,2,0,0,0,0,0,0,0,0,0,0,0,0,0,0.0,0.0,0.0,0.0,0,45,0.0,0,296,Lucas,Digne,Digne,2,2,101188,Aston Villa,AVL,3,3,0,0,0,0
31,2026/27,2,11,0,0,0,0,0,0,0,0,0,0,0,3,3.2,0.1,0.0,0.3,1,46,18.3,113440,165784,Ezri,Konsa Ngoyo,Konsa,2,1,199798,Arsenal,ARS,4,5,0,0,0,0
32,2026/27,2,77,0,0,0,1,0,0,0,0,0,0,0,8,14.0,1.8,7.0,2.3,2,44,4.7,4393,39181,Matty,Cash,Cash,2,2,199796,Aston Villa,AVL,3,3,0,0,0,0
33,2026/27,2,0,0,0,0,0,0,0,0,0,0,0,0,0,0.0,0.0,0.0,0.0,0,45,0.4,3356,2223,Tyrone,Mings,Mings,2,2,149484,Aston Villa,AVL,3,3,0,0,0,0
34,2026/27,2,90,0,0,0,1,0,0,0,0,0,0,0,6,11.0,0.8,0.0,1.2,2,44,0.3,67,4465,Pau,Torres,Pau,2,2,244954,Aston Villa,AVL,3,3,0,0,0,0
35,2026/27,2,0,0,0,0,0,0,0,0,0,0,0,0,0,0.0,0.0,0.0,0.0,0,49,0.1,218,558,Lamare,Bogarde,Bogarde,3,2,515597,Aston Villa,AVL,3,3,0,0,0,0
36,2026/27,2,90,0,0,0,1,0,0,0,1,0,0,0,-5,4.8,0.5,12.0,1.7,1,44,0.5,64,9925,Ian,Maatsen,Maatsen,2,2,441302,Aston Villa,AVL,3,3,0,0,0,0
37,2026/27,2,90,0,0,0,1,0,0,0,0,0,0,0,10,15.0,1.2,0.0,1.6,2,45,0.3,2085,2120,Victor,Lindelöf,Lindelöf,2,2,184667,Aston Villa,AVL,3,3,0,0,0,0
38,2026/27,2,0,0,0,0,0,0,0,0,0,0,0,0,0,0.0,0.0,0.0,0.0,0,40,1.5,2366,8553,Andrés,García,A.García,2,2,606798,Aston Villa,AVL,3,3,0,0,0,0
39,2026/27,2,0,0,0,0,0,0,0,0,0,0,0,0,0,0.0,0.0,0.0,0.0,0,40,0.1,0,790,Kosta,Nedeljkovic,Nedeljkovic,2,2,578545,Aston Villa,AVL,3,3,0,0,0,0
40,2026/27,2,90,0,1,0,3,0,0,0,0,0,0,0,28,26.8,46.5,23.0,9.6,5,78,41.7,305769,100493,Morgan,Rogers,Rogers,3,6,244850,Chelsea,CHE,4,4,0,0,0,0
41,2026/27,2,90,0,0,0,1,0,0,0,0,0,0,0,9,5.0,13.2,9.0,2.7,2,59,1.1,23053,7971,Emiliano,Buendía Stati,Buendía,3,2,195546,Aston Villa,AVL,3,3,0,0,0,0
42,2026/27,2,27,0,0,0,1,0,0,0,0,0,0,0,3,2.2,0.3,0.0,0.3,1,54,0.0,138,335,Evann,Guessand,Guessand,3,8,485337,Crystal Palace,CRY,2,3,0,0,0,0
43,2026/27,2,90,0,0,0,2,0,0,0,0,0,0,0,26,33.2,46.3,20.0,10.0,4,58,1.4,4587,14404,Youri,Tielemans,Tielemans,3,16,166989,Man Utd,MUN,4,4,0,0,0,0
44,2026/27,2,0,0,0,0,0,0,0,0,0,0,0,0,0,0.0,0.0,0.0,0.0,0,54,0.0,0,637,Leon,Bailey,Bailey,3,2,215711,Aston Villa,AVL,3,3,0,0,0,0
45,2026/27,2,90,0,0,0,1,0,0,0,1,0,0,0,2,0.0,12.0,10.0,1.7,1,54,2.2,12680,15139,John,McGinn,McGinn,3,2,122806,Aston Villa,AVL,3,3,0,0,0,0
46,2026/27,2,77,0,0,0,1,0,0,0,0,0,0,0,23,12.8,23.3,2.0,3.8,2,50,0.2,760,2596,Ross,Barkley,Barkley,3,2,88894,Aston Villa,AVL,3,3,0,0,0,0
47,2026/27,2,90,0,0,0,1,0,0,0,0,0,0,0,13,10.6,14.2,0.0,2.5,2,50,0.3,1906,2340,Boubacar,Kamara,Kamara,3,2,226944,Aston Villa,AVL,3,3,0,0,0,0
48,2026/27,2,0,0,0,0,0,0,0,0,0,0,0,0,0,0.0,0.0,0.0,0.0,0,49,0.0,71,127,Amadou,Onana,Onana,3,2,449871,Aston Villa,AVL,3,3,0,0,0,0
49,2026/27,2,0,0,0,0,0,0,0,0,0,0,0,0,0,0.0,0.0,0.0,0.0,0,50,0.0,0,12,Samuel,Iling-Junior,Iling Jr,3,2,469247,Aston Villa,AVL,3,3,0,0,0,0
50,2026/27,2,0,0,0,0,0,0,0,0,0,0,0,0,0,0.0,0.0,0.0,0.0,0,45,0.5,779,4603,Bradley,Burrowes,Burrowes,3,2,645618,Aston Villa,AVL,3,3,0,0,0,0
51,2026/27,2,70,0,0,0,1,0,0,0,0,0,0,0,5,1.8,4.3,0.0,0.6,2,45,1.1,4324,14885,George,Hemmings,George Hemmings,3,2,577285,Aston Villa,AVL,3,3,0,0,0,0
52,2026/27,2,19,0,0,0,0,0,0,0,1,0,0,0,2,1.2,0.8,2.0,0.4,0,50,0.0,76,1033,Alysson Edward Franco,da Rocha dos Santos,Alysson,3,2,653481,Aston Villa,AVL,3,3,0,0,0,0
53,2026/27,2,0,0,0,0,0,0,0,0,0,0,0,0,0,0.0,0.0,0.0,0.0,0,59,0.6,46967,6278,Johan,Manzambi,Manzambi,3,2,614071,Aston Villa,AVL,3,3,0,0,0,0
54,2026/27,2,0,0,0,0,0,0,0,0,0,0,0,0,0,0.0,0.0,0.0,0.0,0,55,0.0,645,282,Joao,Gomes,Gomes,3,2,448089,Aston Villa,AVL,3,3,0,0,0,0
55,2026/27,2,0,0,0,0,0,0,0,0,0,0,0,0,0,0.0,0.0,0.0,0.0,0,78,2.4,0,16290,Ollie,Watkins,Watkins,4,2,178301,Aston Villa,AVL,3,3,0,0,0,0
56,2026/27,2,19,0,0,0,0,0,0,0,0,0,0,0,3,0.0,1.3,0.0,0.1,1,55,0.2,2633,2416,Tammy,Abraham,Abraham,4,2,173879,Aston Villa,AVL,3,3,0,0,0,0
57,2026/27,2,90,0,0,0,1,0,0,0,0,0,5,0,20,33.8,0.0,0.0,3.4,3,45,2.9,10231,19044,Đorđe,Petrović,Petrović,1,3,457569,Bournemouth,BOU,3,3,0,0,0,0
58,2026/27,2,0,0,0,0,0,0,0,0,0,0,0,0,0,0.0,0.0,0.0,0.0,0,40,3.5,13484,11395,Fraser,Forster,Forster,1,3,40383,Bournemouth,BOU,3,3,0,0,0,0
59,2026/27,2,0,0,0,0,0,0,0,0,0,0,0,0,0,0.0,0.0,0.0,0.0,0,40,0.1,0,874,Will,Dennis,Dennis,1,3,444172,Bournemouth,BOU,3,3,0,0,0,0
60,2026/27,2,90,0,0,0,1,0,0,0,0,0,0,0,19,25.6,21.0,4.0,5.1,4,55,0.8,5129,4680,James,Hill,Hill,2,3,463981,Bournemouth,BOU,3,3,0,0,0,0
61,2026/27,2,90,0,0,0,1,0,0,0,0,0,0,2,27,27.8,23.7,4.0,5.6,4,54,3.0,7888,19087,Adrien,Truffert,Truffert,2,3,494521,Bournemouth,BOU,3,3,0,0,0,0
62,2026/27,2,0,0,0,0,0,0,0,0,0,0,0,0,0,0.0,0.0,0.0,0.0,0,49,0.2,608,1213,Bafodé,Diakité,Diakité,2,3,242882,Bournemouth,BOU,3,3,0,0,0,0
63,2026/27,2,0,0,0,0,0,0,0,0,0,0,0,0,0,0.0,0.0,0.0,0.0,0,49,0.0,55,85,Veljko,Milosavljevic,Milosavljević,2,3,620487,Bournemouth,BOU,3,3,0,0,0,0
64,2026/27,2,90,0,0,0,1,0,0,0,1,0,0,0,5,15.6,15.7,0.0,3.1,1,45,0.1,700,760,Adam,Smith,Smith,2,3,54469,Bournemouth,BOU,3,3,0,0,0,0
65,2026/27,2,0,0,0,0,0,0,0,0,0,0,0,0,0,0.0,0.0,0.0,0.0,0,44,0.0,64,90,Julián,Araujo Zúñiga,J.Araujo,2,3,436893,Bournemouth,BOU,3,3,0,0,0,0
66,2026/27,2,0,0,0,0,0,0,0,0,0,0,0,0,0,0.0,0.0,0.0,0.0,0,40,0.3,1004,1529,Julio,Soler Barreto,Soler,2,3,575901,Bournemouth,BOU,3,3,0,0,0,0
67,2026/27,2,90,0,0,0,1,0,0,0,0,0,0,0,4,8.6,3.5,44.0,5.6,2,63,1.5,7367,14442,Rayan Vitor,Simplício Rocha,Rayan,3,3,499604,Bournemouth,BOU,3,3,0,0,0,0
68,2026/27,2,90,0,0,0,1,0,0,0,1,0,0,0,20,15.0,38.3,11.0,6.4,1,61,7.0,136781,73492,Marcus,Tavernier,Tavernier,3,3,201658,Bournemouth,BOU,3,3,0,0,0,0
69,2026/27,2,86,1,0,1,0,0,0,0,1,0,0,3,39,47.6,32.1,21.0,10.1,12,61,5.0,26658,122749,Alex,Scott,Scott,3,3,503139,Bournemouth,BOU,3,3,0,0,0,0
70,2026/27,2,80,0,0,1,0,0,0,0,0,0,0,0,12,11.2,26.9,57.0,9.5,3,60,0.8,2351,28600,Justin,Kluivert,Kluivert,3,3,222683,Bournemouth,BOU,3,3,0,0,0,0
71,2026/27,2,68,0,0,1,0,0,0,0,0,0,0,0,13,3.8,12.8,0.0,1.7,3,50,0.2,363,1580,Lewis,Cook,Cook,3,3,155408,Bournemouth,BOU,3,3,0,0,0,0
72,2026/27,2,0,0,0,0,0,0,0,0,0,0,0,0,0,0.0,0.0,0.0,0.0,0,49,0.1,200,557,Ben,Gannon-Doak,Gannon-Doak,3,3,496208,Bournemouth,BOU,3,3,0,0,0,0
73,2026/27,2,21,0,0,0,1,0,0,0,0,0,0,0,4,1.6,1.3,0.0,0.3,1,50,0.3,1699,2228,Tyler,Adams,Adams,3,3,200785,Bournemouth,BOU,3,3,0,0,0,0
74,2026/27,2,9,0,0,0,1,0,0,0,0,0,0,0,3,0.0,1.6,0.0,0.1,1,50,0.1,272,472,David,Brooks,Brooks,3,3,111317,Bournemouth,BOU,3,3,0,0,0,0
75,2026/27,2,3,0,0,0,1,0,0,0,0,0,0,0,5,2.8,0.3,0.0,0.3,1,50,0.0,578,356,Ryan,Christie,Christie,3,3,158499,Bournemouth,BOU,3,3,0,0,0,0
76,2026/27,2,0,0,0,0,0,0,0,0,0,0,0,0,0,0.0,0.0,0.0,0.0,0,49,0.0,41,79,Alex,Tóth,Tóth.A,3,3,614574,Bournemouth,BOU,3,3,0,0,0,0
77,2026/27,2,0,0,0,0,0,0,0,0,0,0,0,0,0,0.0,0.0,0.0,0.0,0,49,0.0,38,98,Amine,Adli,Adli,3,3,489888,Bournemouth,BOU,3,3,0,0,0,0
78,2026/27,2,0,0,0,0,0,0,0,0,0,0,0,0,0,0.0,0.0,0.0,0.0,0,74,0.2,264,1113,Junior,Kroupi,Kroupi.Jr,3,3,560262,Bournemouth,BOU,3,3,0,0,0,0
79,2026/27,2,80,0,1,1,0,0,0,0,0,0,0,0,11,15.0,22.2,22.0,5.9,5,60,3.3,33530,31109,Francisco Evanilson,de Lima Barbosa,Evanilson,4,3,444102,Bournemouth,BOU,3,3,0,0,0,0
80,2026/27,2,0,0,0,0,0,0,0,0,0,0,0,0,0,0.0,0.0,0.0,0.0,0,55,0.0,0,66,Enes,Ünal,Enes Ünal,4,3,168636,Bournemouth,BOU,3,3,0,0,0,0
81,2026/27,2,9,0,0,0,1,0,0,0,0,0,0,0,4,0.0,0.0,0.0,0.0,1,60,0.1,1200,927,Álvaro,Rodríguez,Rodríguez,4,3,561245,Bournemouth,BOU,3,3,0,0,0,0
82,2026/27,2,90,0,0,0,1,0,0,0,0,0,1,0,7,9.4,0.0,0.0,0.9,2,50,6.1,30178,23213,Caoimhín,Kelleher,Kelleher,1,4,200720,Brentford,BRE,3,3,0,0,0,0
83,2026/27,2,0,0,0,0,0,0,0,0,0,0,0,0,0,0.0,0.0,0.0,0.0,0,45,0.1,415,494,Hákon Rafn,Valdimarsson,Valdimarsson,1,4,507433,Brentford,BRE,3,3,0,0,0,0
84,2026/27,2,90,0,0,0,1,0,0,0,1,0,0,0,14,28.0,0.9,34.0,6.3,3,54,0.9,149,13679,Nathan,Collins,Collins,2,4,432830,Brentford,BRE,3,3,0,0,0,0
85,2026/27,2,0,0,0,0,0,0,0,0,0,0,0,0,0,0.0,0.0,0.0,0.0,0,49,0.1,60,489,Sepp,van den Berg,Van den Berg,2,4,444765,Brentford,BRE,3,3,0,0,0,0
86,2026/27,2,87,0,1,0,1,0,0,0,0,0,0,1,29,38.4,31.6,2.0,7.2,6,55,1.6,5634,17569,Keane,Lewis-Potter,Lewis-Potter,3,4,249231,Brentford,BRE,3,3,0,0,0,0
87,2026/27,2,90,0,0,0,1,0,0,0,1,0,0,0,7,37.8,21.0,2.0,6.1,3,45,3.8,20840,37037,Kristoffer,Ajer,Ajer,2,4,191866,Brentford,BRE,3,3,0,0,0,0
88,2026/27,2,87,0,0,0,1,0,0,0,0,0,0,0,9,14.4,16.0,8.0,3.8,2,46,7.6,26178,33960,Michael,Kayode,Kayode,2,4,607464,Brentford,BRE,3,3,0,0,0,0
89,2026/27,2,2,0,0,0,0,0,0,0,0,0,0,0,3,0.0,0.0,0.0,0.0,1,44,0.2,213,849,Rico,Henry,Henry,2,4,194010,Brentford,BRE,3,3,0,0,0,0
90,2026/27,2,2,0,0,0,0,0,0,0,0,0,0,0,6,4.0,4.1,0.0,0.8,1,45,0.1,271,372,Aaron,Hickey,Hickey,2,4,472713,Brentford,BRE,3,3,0,0,0,0
91,2026/27,2,12,0,0,0,1,0,0,0,0,0,0,0,-1,3.8,0.7,0.0,0.5,1,45,0.1,675,384,Ethan,Pinnock,Pinnock,2,7,231065,Coventry City,COV,2,2,0,0,0,0
92,2026/27,2,0,0,0,0,0,0,0,0,0,0,0,0,0,0.0,0.0,0.0,0.0,0,44,0.0,80,109,Kim,Ji-soo,Ji-soo,2,4,570241,Brentford,BRE,3,3,0,0,0,0
93,2026/27,2,0,0,0,0,0,0,0,0,0,0,0,0,0,0.0,0.0,0.0,0.0,0,45,0.5,29279,4600,Jannik,Schuster,Schuster,2,4,513086,Brentford,BRE,3,3,0,0,0,0
94,2026/27,2,87,1,0,0,1,0,0,0,0,0,0,3,34,45.6,11.1,34.0,9.1,10,62,13.8,637758,56338,Kevin,Schade,Schade,3,4,513418,Brentford,BRE,3,3,0,0,0,0
95,2026/27,2,29,0,0,0,1,0,0,0,0,0,0,0,16,15.4,15.5,2.0,3.3,1,63,0.4,1356,5450,Dango,Ouattara,O.Dango,3,4,533463,Brentford,BRE,3,3,0,0,0,0
96,2026/27,2,68,0,0,1,0,0,0,0,0,0,0,0,20,16.6,32.4,25.0,7.4,3,54,0.4,1926,4673,Mikkel,Damsgaard,Damsgaard,3,4,440089,Brentford,BRE,3,3,0,0,0,0
97,2026/27,2,0,0,0,0,0,0,0,0,0,0,0,0,0,0.0,0.0,0.0,0.0,0,54,0.1,23,910,Mathias,Jensen,Jensen,3,4,207283,Brentford,BRE,3,3,0,0,0,0
98,2026/27,2,90,0,0,0,1,0,0,0,1,0,0,0,11,16.4,35.4,4.0,5.6,1,50,2.5,29062,27030,Vitaly,Janelt,Janelt,3,4,204580,Brentford,BRE,3,3,0,0,0,0
99,2026/27,2,0,0,0,0,0,0,0,0,0,0,0,0,0,0.0,0.0,0.0,0.0,0,50,0.0,12,10,Antoni,Milambo,Milambo,3,4,543295,Brentford,BRE,3,3,0,0,0,0
100,2026/27,2,0,0,0,0,0,0,0,0,0,0,0,0,0,0.0,0.0,0.0,0.0,0,50,0.0,780,227,Fábio,Freitas Gouveia Carvalho,Carvalho,3,4,244858,Brentford,BRE,3,3,0,0,0,0
101,2026/27,2,0,0,0,0,0,0,0,0,0,0,0,0,0,0.0,0.0,0.0,0.0,0,49,0.0,670,213,Jordan,Henderson,Henderson,3,6,56979,Chelsea,CHE,4,4,0,0,0,0
102,2026/27,2,21,0,0,0,1,0,0,0,0,0,0,0,4,3.0,12.5,4.0,2.0,1,48,0.6,2125,5630,Yehor,Yarmoliuk,Yarmoliuk,3,4,508395,Brentford,BRE,3,3,0,0,0,0
103,2026/27,2,0,0,0,0,0,0,0,0,0,0,0,0,0,0.0,0.0,0.0,0.0,0,49,0.0,16,150,Josh,Dasilva,Dasilva,3,4,183656,Brentford,BRE,3,3,0,0,0,0
104,2026/27,2,0,0,0,0,0,0,0,0,0,0,0,0,0,0.0,0.0,0.0,0.0,0,49,0.1,238,679,Frank,Onyeka,Onyeka,3,7,428580,Coventry City,COV,2,2,0,0,0,0
105,2026/27,2,60,0,0,1,0,0,0,0,1,0,0,0,4,3.2,25.9,15.0,4.4,2,59,0.2,3632,935,Jaidon,Anthony,Anthony,3,4,444180,Brentford,BRE,3,3,0,0,0,0
106,2026/27,2,90,0,0,0,1,0,0,0,0,0,0,0,2,2.4,6.2,55.0,6.4,2,78,9.4,103209,59005,Igor Thiago,Nascimento Rodrigues,Thiago,4,4,502500,Brentford,BRE,3,3,0,0,0,0
107,2026/27,2,0,0,0,0,0,0,0,0,0,0,0,0,0,0.0,0.0,0.0,0.0,0,45,0.8,1149,12805,Kaye,Furo,Furo,4,4,593174,Brentford,BRE,3,3,0,0,0,0
108,2026/27,2,2,0,0,0,0,0,0,0,0,0,0,0,3,0.0,0.1,7.0,0.7,1,54,0.3,1733,3191,Callum,Wilson,Wilson,4,4,75115,Brentford,BRE,3,3,0,0,0,0
109,2026/27,2,90,0,0,0,4,0,0,0,0,0,1,0,-1,10.2,0.0,0.0,1.0,0,45,21.5,115860,129605,Bart,Verbruggen,Verbruggen,1,5,489639,Brighton,BHA,3,4,0,0,0,0
110,2026/27,2,90,0,0,0,1,0,0,0,0,0,1,0,10,10.6,0.0,0.0,1.1,2,45,0.7,3975,8371,Carl,Rushworth,Rushworth,1,7,472739,Coventry City,COV,2,2,0,0,0,0
111,2026/27,2,0,0,0,0,0,0,0,0,0,0,0,0,0,0.0,0.0,0.0,0.0,0,40,4.1,11516,23272,Jason,Steele,Steele,1,5,49262,Brighton,BHA,3,4,0,0,0,0
112,2026/27,2,90,0,0,0,2,0,0,0,0,0,0,0,9,26.6,13.7,33.0,7.3,1,49,6.1,28219,75606,Jan Paul,van Hecke,Van Hecke,2,19,469142,Spurs,TOT,2,3,0,0,0,0
113,2026/27,2,90,0,0,0,4,0,0,0,0,0,0,0,-4,2.8,16.7,8.0,2.8,0,44,1.5,7104,12012,Ferdi,Kadıoğlu,F.Kadıoğlu,2,5,231416,Brighton,BHA,3,4,0,0,0,0
114,2026/27,2,90,0,0,0,4,0,0,0,1,0,0,0,-2,16.8,26.6,11.0,5.4,-1,45,0.3,4125,1471,Olivier,Boscagli,Boscagli,2,5,204120,Brighton,BHA,3,4,0,0,0,0
115,2026/27,2,90,0,0,0,4,0,0,0,0,0,0,0,-2,8.8,23.7,5.0,3.8,0,50,29.4,478970,41522,Maxim,De Cuyper,De Cuyper,2,5,465730,Brighton,BHA,3,4,0,0,0,0
116,2026/27,2,90,0,0,0,4,0,0,0,1,0,0,0,-4,14.8,2.0,0.0,1.7,-1,45,1.5,9581,16139,Lewis,Dunk,Dunk,2,5,83299,Brighton,BHA,3,4,0,0,0,0
117,2026/27,2,0,0,0,0,0,0,0,0,0,0,0,0,0,0.0,0.0,0.0,0.0,0,45,0.0,151,129,Diego,Coppola,Coppola,2,5,550090,Brighton,BHA,3,4,0,0,0,0
118,2026/27,2,0,0,0,0,0,0,0,0,0,0,0,0,0,0.0,0.0,0.0,0.0,0,45,0.0,0,395,Igor Julio,dos Santos de Paulo,Igor,2,5,223434,Brighton,BHA,3,4,0,0,0,0
119,2026/27,2,10,0,0,0,0,0,0,0,1,0,0,0,-1,0.0,0.3,0.0,0.0,0,45,0.0,249,178,João Pedro,Loureiro da Costa,Costinha,2,5,451490,Brighton,BHA,3,4,0,0,0,0
120,2026/27,2,0,0,0,0,0,0,0,0,0,0,0,0,0,0.0,0.0,0.0,0.0,0,50,0.1,1514,582,Michael,Svoboda,Svoboda,2,5,454490,Brighton,BHA,3,4,0,0,0,0
121,2026/27,2,0,0,0,0,0,0,0,0,0,0,0,0,0,0.0,0.0,0.0,0.0,0,59,0.0,168,222,Mitoma,Kaoru,Mitoma,3,5,451340,Brighton,BHA,3,4,0,0,0,0
122,2026/27,2,0,0,0,0,0,0,0,0,0,0,0,0,0,0.0,0.0,0.0,0.0,0,58,0.0,59,296,Yankuba,Minteh,Minteh,3,5,592031,Brighton,BHA,3,4,0,0,0,0
123,2026/27,2,0,0,0,0,0,0,0,0,0,0,0,0,0,0.0,0.0,0.0,0.0,0,59,0.5,458,9036,Jack,Hinshelwood,Hinshelwood,3,5,532529,Brighton,BHA,3,4,0,0,0,0
124,2026/27,2,90,1,1,0,4,0,0,0,0,0,0,3,46,47.8,33.2,23.0,10.4,13,59,32.4,1144037,23635,Pascal,Groß,Groß,3,5,60307,Brighton,BHA,3,4,0,0,0,0
125,2026/27,2,0,0,0,0,0,0,0,0,0,0,0,0,0,0.0,0.0,0.0,0.0,0,53,0.5,4047,5865,Georginio,Rutter,Georginio,4,5,463067,Brighton,BHA,3,4,0,0,0,0
126,2026/27,2,0,0,0,0,0,0,0,0,0,0,0,0,0,0.0,0.0,0.0,0.0,0,54,0.1,535,696,Matt,O'Riley,O'Riley,3,5,219249,Brighton,BHA,3,4,0,0,0,0
127,2026/27,2,90,0,1,0,4,0,0,0,0,0,0,0,15,4.6,20.3,42.0,6.7,5,50,3.8,18854,59954,Diego,Gómez Amarilla,Gomez,3,5,514254,Brighton,BHA,3,4,0,0,0,0
128,2026/27,2,0,0,0,0,0,0,0,0,0,0,0,0,0,0.0,0.0,0.0,0.0,0,50,0.0,0,10,Facundo,Buonanotte,Buonanotte,3,5,536916,Brighton,BHA,3,4,0,0,0,0
129,2026/27,2,0,0,0,0,0,0,0,0,0,0,0,0,0,0.0,0.0,0.0,0.0,0,54,0.4,3919,3118,Yasin,Ayari,Ayari,3,5,509416,Brighton,BHA,3,4,0,0,0,0
130,2026/27,2,79,0,0,0,4,0,0,0,0,0,0,0,6,20.4,9.2,4.0,3.4,0,49,0.2,37,2699,Mats,Wieffer,Wieffer,2,5,467779,Brighton,BHA,3,4,0,0,0,0
131,2026/27,2,0,0,0,0,0,0,0,0,0,0,0,0,0,0.0,0.0,0.0,0.0,0,49,0.1,2631,1054,Carlos,Baleba,Baleba,3,16,535301,Man Utd,MUN,4,4,0,0,0,0
132,2026/27,2,0,0,0,0,0,0,0,0,0,0,0,0,0,0.0,0.0,0.0,0.0,0,45,0.0,0,290,Harry,Howell,Howell,3,5,597320,Brighton,BHA,3,4,0,0,0,0
133,2026/27,2,0,0,0,0,0,0,0,0,0,0,0,0,0,0.0,0.0,0.0,0.0,0,50,0.0,0,6,Tom,Watson,Watson,3,5,549074,Brighton,BHA,3,4,0,0,0,0
134,2026/27,2,0,0,0,0,0,0,0,0,0,0,0,0,0,0.0,0.0,0.0,0.0,0,45,0.2,445,1856,Nehemiah,Oriola,Oriola,3,5,556637,Brighton,BHA,3,4,0,0,0,0
135,2026/27,2,0,0,0,0,0,0,0,0,0,0,0,0,0,0.0,0.0,0.0,0.0,0,48,0.0,30,544,Zadok,Yohanna,Yohanna,3,5,700308,Brighton,BHA,3,4,0,0,0,0
136,2026/27,2,0,0,0,0,0,0,0,0,0,0,0,0,0,0.0,0.0,0.0,0.0,0,59,1.0,14206,14234,Danny,Welbeck,Welbeck,4,6,50175,Chelsea,CHE,4,4,0,0,0,0
137,2026/27,2,0,0,0,0,0,0,0,0,0,0,0,0,0,0.0,0.0,0.0,0.0,0,54,0.0,49,73,Stefanos,Tzimas,Tzimas,4,5,608181,Brighton,BHA,3,4,0,0,0,0
138,2026/27,2,79,0,1,0,4,0,0,0,0,0,0,0,17,5.0,15.1,17.0,3.7,5,56,6.4,532072,39096,Charalampos,Kostoulas,Kostoulas,4,5,647850,Brighton,BHA,3,4,0,0,0,0
139,2026/27,2,0,0,0,0,0,0,0,0,0,0,0,0,0,0.0,0.0,0.0,0.0,0,50,0.0,183,320,Evan,Ferguson,Ferguson,4,5,487117,Brighton,BHA,3,4,0,0,0,0
140,2026/27,2,0,0,0,0,0,0,0,0,0,0,0,0,0,0.0,0.0,0.0,0.0,0,49,0.7,0,6779,Robert,Lynch Sánchez,Sánchez,1,6,215059,Chelsea,CHE,4,4,0,0,0,0
141,2026/27,2,0,0,0,0,0,0,0,0,0,0,0,0,0,0.0,0.0,0.0,0.0,0,50,0.0,0,36,Filip,Jörgensen,Jörgensen,1,6,508479,Chelsea,CHE,4,4,0,0,0,0
142,2026/27,2,22,0,0,0,1,0,0,0,0,0,0,0,-1,0.4,0.4,2.0,0.3,1,53,5.5,1142,107354,Reece,James,James,2,6,225796,Chelsea,CHE,4,4,0,0,0,0
143,2026/27,2,0,0,0,0,0,0,0,0,0,0,0,0,0,0.0,0.0,0.0,0.0,0,55,0.1,0,396,Trevoh,Chalobah,Chalobah,2,6,180736,Chelsea,CHE,4,4,0,0,0,0
144,2026/27,2,90,0,0,0,3,0,0,0,0,0,0,0,-1,7.8,0.7,0.0,0.9,1,49,0.9,2268,8710,Malo,Gusto,Gusto,2,6,482609,Chelsea,CHE,4,4,0,0,0,0
145,2026/27,2,67,0,0,0,2,0,0,0,1,0,0,0,-2,19.4,0.9,0.0,2.0,0,50,0.2,4288,1764,Wesley,Fofana,Fofana,2,6,444463,Chelsea,CHE,4,4,0,0,0,0
146,2026/27,2,0,0,0,0,0,0,0,0,0,0,0,0,0,0.0,0.0,0.0,0.0,0,45,0.0,0,57,Benoît,Badiashile Mukinayi,B.Badiashile,2,6,242880,Chelsea,CHE,4,4,0,0,0,0
147,2026/27,2,0,0,0,0,0,0,0,0,0,0,0,0,0,0.0,0.0,0.0,0.0,0,44,0.1,156,751,Tosin,Adarabioyo,Tosin,2,19,109646,Spurs,TOT,2,3,0,0,0,0
148,2026/27,2,90,0,1,0,3,0,0,0,0,0,0,0,12,30.0,20.7,0.0,5.1,4,45,0.8,1452,10832,Jorrel,Hato,Hato,2,6,551210,Chelsea,CHE,4,4,0,0,0,0
149,2026/27,2,71,0,0,0,2,0,0,0,0,0,0,0,2,13.2,0.4,0.0,1.4,1,48,0.9,2066,7847,Levi,Samuels Colwill,Colwill,2,6,460028,Chelsea,CHE,4,4,0,0,0,0
150,2026/27,2,0,0,0,0,0,0,0,0,0,0,0,0,0,0.0,0.0,0.0,0.0,0,45,0.0,0,231,Mamadou,Sarr,M.Sarr,2,6,574458,Chelsea,CHE,4,4,0,0,0,0
151,2026/27,2,22,0,0,0,1,0,0,0,0,0,0,0,-1,6.2,0.1,0.0,0.6,1,45,0.3,611,2697,Josh,Acheampong,Acheampong,2,6,577016,Chelsea,CHE,4,4,0,0,0,0
152,2026/27,2,0,0,0,0,0,0,0,0,0,0,0,0,0,0.0,0.0,0.0,0.0,0,53,0.6,642,6370,Marco,Palestra,Palestra,2,6,620109,Chelsea,CHE,4,4,0,0,0,0
153,2026/27,2,16,0,0,0,1,0,0,0,0,0,0,0,-2,1.2,0.0,0.0,0.1,1,45,0.1,41,1160,Axel,Disasi,Disasi,2,8,220362,Crystal Palace,CRY,2,3,0,0,0,0
154,2026/27,2,90,1,0,0,3,0,0,0,0,0,0,0,28,40.8,25.3,26.0,9.2,7,97,24.3,71416,316825,Cole,Palmer,Palmer,3,6,244851,Chelsea,CHE,4,4,0,0,0,0
155,2026/27,2,0,0,0,0,0,0,0,0,0,0,0,0,0,0.0,0.0,0.0,0.0,0,69,3.7,44758,22526,Enzo,Fernández,Enzo,3,15,448047,Man City,MCI,4,5,0,0,0,0
156,2026/27,2,67,1,0,0,2,0,0,0,0,0,0,0,32,45.2,25.6,38.0,10.9,7,65,1.4,9902,13159,Pedro,Lomba Neto,Neto,3,6,247632,Chelsea,CHE,4,4,0,0,0,0
157,2026/27,2,0,0,0,0,0,0,0,0,0,0,0,0,0,0.0,0.0,0.0,0.0,0,63,0.7,2966,5294,Estêvão,Almeida de Oliveira Gonçalves,Estêvão,3,6,624773,Chelsea,CHE,4,4,0,0,0,0
158,2026/27,2,0,0,0,0,0,0,0,0,0,0,0,0,0,0.0,0.0,0.0,0.0,0,58,0.0,164,333,Jamie,Bynoe-Gittens,Gittens,3,6,463936,Chelsea,CHE,4,4,0,0,0,0
159,2026/27,2,13,0,0,0,0,0,0,0,0,0,0,0,3,0.0,0.1,0.0,0.0,1,53,1.0,657,12610,Moisés,Caicedo Corozo,Caicedo,3,6,486672,Chelsea,CHE,4,4,0,0,0,0
160,2026/27,2,12,0,0,0,0,0,0,0,0,0,0,0,3,0.2,2.0,0.0,0.2,1,58,0.3,764,3467,Alejandro,Garnacho Ferreyra,Garnacho,3,2,493105,Aston Villa,AVL,3,3,0,0,0,0
161,2026/27,2,67,1,0,0,2,0,0,0,0,0,0,0,32,39.0,0.8,33.0,7.3,7,50,0.2,779,3255,Roméo,Lavia,Lavia,3,6,514356,Chelsea,CHE,4,4,0,0,0,0
162,2026/27,2,10,0,0,0,1,0,0,0,0,0,0,0,2,6.2,0.7,0.0,0.7,1,48,0.5,1247,6911,Andrey,Nascimento dos Santos,Andrey Santos,3,16,532605,Man Utd,MUN,4,4,0,0,0,0
163,2026/27,2,0,0,0,0,0,0,0,0,0,0,0,0,0,0.0,0.0,0.0,0.0,0,45,0.1,0,995,Dário,Luís Essugo,D.Essugo,3,6,491007,Chelsea,CHE,4,4,0,0,0,0
164,2026/27,2,0,0,0,0,0,0,0,0,0,0,0,0,0,0.0,0.0,0.0,0.0,0,53,0.0,94,231,Geovany,Quenda,Quenda,3,6,593117,Chelsea,CHE,4,4,0,0,0,0
165,2026/27,2,90,1,1,0,3,1,0,0,0,0,0,2,44,52.8,22.5,46.0,12.1,9,77,63.7,136278,572646,João Pedro,Junqueira de Jesus,João Pedro,4,6,475168,Chelsea,CHE,4,4,0,0,0,0
166,2026/27,2,70,0,0,0,1,0,0,0,0,0,0,0,11,4.2,5.9,2.0,1.2,2,65,1.8,67525,13702,Nicolas,Jackson,N.Jackson,4,2,517052,Aston Villa,AVL,3,3,0,0,0,0
167,2026/27,2,24,0,0,0,1,0,0,0,0,0,0,0,9,4.0,10.1,7.0,2.1,1,56,2.6,33079,45038,Liam,Delap,Delap,4,18,463034,Nott'm Forest,NFO,3,3,0,0,0,0
168,2026/27,2,0,0,0,0,0,0,0,0,0,0,0,0,0,0.0,0.0,0.0,0.0,0,50,0.2,0,2073,Marc,Guiu Paz,Marc Guiu,4,6,499309,Chelsea,CHE,4,4,0,0,0,0
169,2026/27,2,0,0,0,0,0,0,0,0,0,0,0,0,0,0.0,0.0,0.0,0.0,0,45,0.5,5878,4594,Shumaira,Mheuka,Mheuka,4,6,567119,Chelsea,CHE,4,4,0,0,0,0
170,2026/27,2,0,0,0,0,0,0,0,0,0,0,0,0,0,0.0,0.0,0.0,0.0,0,49,0.1,148,1353,Emmanuel,Emegha,Emegha,4,6,503037,Chelsea,CHE,4,4,0,0,0,0
171,2026/27,2,0,0,0,0,0,0,0,0,0,0,0,0,0,0.0,0.0,0.0,0.0,0,40,1.0,0,7788,Oliver,Dovin,Dovin,1,7,484389,Coventry City,COV,2,2,0,0,0,0
172,2026/27,2,0,0,0,0,0,0,0,0,0,0,0,0,0,0.0,0.0,0.0,0.0,0,44,0.4,319,981,Ben,Wilson,Wilson,1,7,110690,Coventry City,COV,2,2,0,0,0,0
173,2026/27,2,77,0,0,1,0,0,0,0,0,0,0,2,28,17.0,0.7,0.0,1.8,8,40,8.6,54309,52019,Bobby,Thomas,Thomas,2,7,461102,Coventry City,COV,2,2,0,0,0,0
174,2026/27,2,0,0,0,0,0,0,0,0,0,0,0,0,0,0.0,0.0,0.0,0.0,0,40,0.3,0,2885,Liam,Kitching,Kitching,2,7,436761,Coventry City,COV,2,2,0,0,0,0
175,2026/27,2,90,0,0,0,1,0,0,0,0,0,0,0,15,15.4,33.9,6.0,5.5,2,40,8.2,1428,124583,Milan,van Ewijk,van Ewijk,2,7,451284,Coventry City,COV,2,2,0,0,0,0
176,2026/27,2,90,0,0,0,1,0,0,0,0,0,0,0,15,15.2,7.3,17.0,4.0,2,40,0.8,13432,3442,Jay,Dasilva,Dasilva,2,7,173878,Coventry City,COV,2,2,0,0,0,0
177,2026/27,2,0,0,0,0,0,0,0,0,0,0,0,0,0,0.0,0.0,0.0,0.0,0,39,0.1,4317,1255,Kaine,Kesler-Hayden,Kesler-Hayden,2,7,465390,Coventry City,COV,2,2,0,0,0,0
178,2026/27,2,0,0,0,0,0,0,0,0,0,0,0,0,0,0.0,0.0,0.0,0.0,0,40,0.1,261,441,Jake,Bidwell,Bidwell,2,7,80178,Coventry City,COV,2,2,0,0,0,0
179,2026/27,2,0,0,0,0,0,0,0,0,0,0,0,0,0,0.0,0.0,0.0,0.0,0,40,0.0,103,212,Joel,Latibeaudiere,Latibeaudiere,2,7,204813,Coventry City,COV,2,2,0,0,0,0
180,2026/27,2,0,0,0,0,0,0,0,0,0,0,0,0,0,0.0,0.0,0.0,0.0,0,39,0.1,432,879,Luke,Woolfenden,Woolfenden,2,7,220583,Coventry City,COV,2,2,0,0,0,0
181,2026/27,2,0,0,0,0,0,0,0,0,0,0,0,0,0,0.0,0.0,0.0,0.0,0,40,0.0,0,161,Miguel,Brau,Brau,2,7,577411,Coventry City,COV,2,2,0,0,0,0
182,2026/27,2,90,0,0,0,1,0,0,0,1,0,0,0,4,11.4,2.1,5.0,1.9,1,40,0.6,58,9574,Aurèle,Amenda,Amenda,2,7,539142,Coventry City,COV,2,2,0,0,0,0
183,2026/27,2,70,0,0,1,0,0,0,0,0,0,0,0,12,6.8,27.7,4.0,3.9,3,49,0.1,1475,1148,Jack,Rudoni,Rudoni,3,7,480457,Coventry City,COV,2,2,0,0,0,0
184,2026/27,2,90,0,0,0,1,0,0,0,0,0,0,0,14,14.2,20.9,2.0,3.7,2,49,0.1,262,1328,Matt,Grimes,Grimes,3,7,168144,Coventry City,COV,2,2,0,0,0,0
185,2026/27,2,31,0,0,0,1,0,0,0,0,0,0,0,8,6.2,5.9,7.0,1.9,1,48,0.1,146,570,Tatsuhiro,Sakamoto,Sakamoto,3,7,501459,Coventry City,COV,2,2,0,0,0,0
186,2026/27,2,57,0,0,0,0,0,0,0,0,0,0,0,4,4.2,16.0,0.0,2.0,1,53,0.1,102,472,Ephron,Mason-Clark,Mason-Clark,3,7,241293,Coventry City,COV,2,2,0,0,0,0
187,2026/27,2,0,0,0,0,0,0,0,0,0,0,0,0,0,0.0,0.0,0.0,0.0,0,48,0.0,41,133,Josh,Eccles,Eccles,3,7,439668,Coventry City,COV,2,2,0,0,0,0
188,2026/27,2,19,0,0,0,1,0,0,0,0,0,0,0,2,0.0,3.6,0.0,0.3,1,53,0.1,49,635,Victor,Torp,Torp,3,7,226965,Coventry City,COV,2,2,0,0,0,0
189,2026/27,2,0,0,0,0,0,0,0,0,0,0,0,0,0,0.0,0.0,0.0,0.0,0,44,0.3,4889,3774,George,Shepherd,Shepherd,3,7,684268,Coventry City,COV,2,2,0,0,0,0
190,2026/27,2,58,0,0,0,0,0,0,0,0,0,0,0,7,7.0,18.5,5.0,3.1,1,54,0.1,45,537,Loum,Tchaouna,Tchaouna,3,7,469272,Coventry City,COV,2,2,0,0,0,0
191,2026/27,2,0,0,0,0,0,0,0,0,0,0,0,0,0,0.0,0.0,0.0,0.0,0,45,0.1,0,1123,Raphael,Borges Rodrigues,Borges Rodrigues,3,7,492498,Coventry City,COV,2,2,0,0,0,0
192,2026/27,2,0,0,0,0,0,0,0,0,0,0,0,0,0,0.0,0.0,0.0,0.0,0,45,0.3,0,3203,Kai,Andrews,Andrews,3,7,629397,Coventry City,COV,2,2,0,0,0,0
193,2026/27,2,0,0,0,0,0,0,0,0,0,0,0,0,0,0.0,0.0,0.0,0.0,0,53,0.1,55,785,Haji,Wright,Wright,4,7,176412,Coventry City,COV,2,2,0,0,0,0
194,2026/27,2,32,0,0,0,1,0,0,0,0,0,0,0,5,1.2,2.0,2.0,0.5,1,50,0.8,14272,9313,Brandon,Thomas-Asante,Thomas-Asante,4,7,230730,Coventry City,COV,2,2,0,0,0,0
195,2026/27,2,0,0,0,0,0,0,0,0,0,0,0,0,0,0.0,0.0,0.0,0.0,0,49,0.6,3998,7926,Ellis,Simms,Simms,4,7,218997,Coventry City,COV,2,2,0,0,0,0
196,2026/27,2,0,0,0,0,0,0,0,0,0,0,0,0,0,0.0,0.0,0.0,0.0,0,50,0.0,0,79,Jahnoah,Markelo,Markelo,4,7,551262,Coventry City,COV,2,2,0,0,0,0
197,2026/27,2,0,0,0,0,0,0,0,0,0,0,0,0,0,0.0,0.0,0.0,0.0,0,45,0.0,0,194,Norman,Bassette,Bassette,4,7,549653,Coventry City,COV,2,2,0,0,0,0
198,2026/27,2,90,0,0,0,4,0,0,0,0,0,4,0,4,30.2,0.0,0.0,3.0,1,49,1.2,188,15971,Dean,Henderson,Henderson,1,8,172649,Crystal Palace,CRY,2,3,0,0,0,0
199,2026/27,2,0,0,0,0,0,0,0,0,0,0,0,0,0,0.0,0.0,0.0,0.0,0,45,0.1,1251,626,Walter,Benítez,Benitez,1,8,121709,Crystal Palace,CRY,2,3,0,0,0,0
200,2026/27,2,90,0,0,0,3,0,0,0,0,0,0,0,-3,13.0,0.1,6.0,1.9,1,59,6.7,14567,41214,Maxence,Lacroix,Lacroix,2,6,437499,Chelsea,CHE,4,4,0,0,0,0
201,2026/27,2,0,0,0,0,0,0,0,0,0,0,0,0,0,0.0,0.0,0.0,0.0,0,54,5.6,12136,45511,Daniel,Muñoz Mejía,Muñoz,2,18,247348,Nott'm Forest,NFO,3,3,0,0,0,0
202,2026/27,2,90,0,0,0,4,0,0,0,0,0,0,0,-4,15.0,0.1,17.0,3.2,0,49,0.6,2878,3205,Chris,Richards,Richards,2,8,427623,Crystal Palace,CRY,2,3,0,0,0,0
203,2026/27,2,90,0,0,0,4,0,0,0,0,0,0,0,-1,22.8,0.5,0.0,2.3,0,48,0.2,830,1326,Jaydee,Canvot,Canvot,2,8,651426,Crystal Palace,CRY,2,3,0,0,0,0
204,2026/27,2,90,0,0,0,4,0,0,0,0,0,0,0,-8,11.6,21.6,7.0,4.0,0,45,6.1,25095,28478,Tyrick,Mitchell,Mitchell,2,8,244723,Crystal Palace,CRY,2,3,0,0,0,0
205,2026/27,2,0,0,0,0,0,0,0,0,0,0,0,0,0,0.0,0.0,0.0,0.0,0,45,0.0,0,147,Borna,Sosa,Sosa,2,8,218364,Crystal Palace,CRY,2,3,0,0,0,0
206,2026/27,2,0,0,0,0,0,0,0,0,0,0,0,0,0,0.0,0.0,0.0,0.0,0,43,0.0,40,199,Chadi,Riad Dnanou,Chadi Riad,2,8,515621,Crystal Palace,CRY,2,3,0,0,0,0
207,2026/27,2,15,0,0,0,1,0,0,0,0,0,0,0,1,2.2,0.1,0.0,0.2,1,43,0.1,142,491,Oscar,Mingueza,Mingueza,2,8,242313,Crystal Palace,CRY,2,3,0,0,0,0
208,2026/27,2,0,0,0,0,0,0,0,0,0,0,0,0,0,0.0,0.0,0.0,0.0,0,62,0.6,4321,3295,Ismaïla,Sarr,Sarr,3,8,232185,Crystal Palace,CRY,2,3,0,0,0,0
209,2026/27,2,28,0,0,0,0,0,0,0,0,0,0,0,1,1.2,0.0,0.0,0.1,1,59,0.1,630,1151,Brennan,Johnson,Johnson,3,9,242898,Everton,EVE,3,3,0,0,0,0
210,2026/27,2,90,0,0,0,4,0,0,0,0,0,0,0,21,16.2,24.7,0.0,4.1,2,54,0.7,1615,6135,Adam,Wharton,Wharton,3,8,496221,Crystal Palace,CRY,2,3,0,0,0,0
211,2026/27,2,67,0,1,0,3,0,0,0,0,0,0,0,27,10.8,34.2,9.0,5.4,5,55,0.3,991,4383,Yéremy,Pino Santos,Yeremy,3,8,488024,Crystal Palace,CRY,2,3,0,0,0,0
212,2026/27,2,0,0,0,0,0,0,0,0,0,0,0,0,0,0.0,0.0,0.0,0.0,0,44,7.0,12499,73314,Will,Hughes,Hughes,3,8,108413,Crystal Palace,CRY,2,3,0,0,0,0
213,2026/27,2,0,0,0,0,0,0,0,0,0,0,0,0,0,0.0,0.0,0.0,0.0,0,48,0.1,140,528,Jefferson,Lerma Solís,Lerma,3,8,152551,Crystal Palace,CRY,2,3,0,0,0,0
214,2026/27,2,90,0,0,0,4,0,0,0,0,0,0,0,21,17.6,2.8,7.0,2.7,2,50,0.5,5135,4746,Daichi,Kamada,Kamada,3,8,209400,Crystal Palace,CRY,2,3,0,0,0,0
215,2026/27,2,0,0,0,0,0,0,0,0,0,0,0,0,0,0.0,0.0,0.0,0.0,0,50,0.0,0,48,Justin,Devenny,Devenny,3,8,489706,Crystal Palace,CRY,2,3,0,0,0,0
216,2026/27,2,0,0,0,0,0,0,0,0,0,0,0,0,0,0.0,0.0,0.0,0.0,0,50,0.0,0,176,Romain,Esse,Esse,3,8,606921,Crystal Palace,CRY,2,3,0,0,0,0
217,2026/27,2,0,0,0,0,0,0,0,0,0,0,0,0,0,0.0,0.0,0.0,0.0,0,49,0.0,0,227,Matheus,França de Oliveira,M.França,3,8,536694,Crystal Palace,CRY,2,3,0,0,0,0
218,2026/27,2,0,0,0,0,0,0,0,0,0,0,0,0,0,0.0,0.0,0.0,0.0,0,48,0.0,165,407,Cheick,Doucouré,Doucouré,3,8,438464,Crystal Palace,CRY,2,3,0,0,0,0
219,2026/27,2,0,0,0,0,0,0,0,0,0,0,0,0,0,0.0,0.0,0.0,0.0,0,49,0.0,0,35,Jesurun,Rak-Sakyi,J.Rak-Sakyi,3,8,450542,Crystal Palace,CRY,2,3,0,0,0,0
220,2026/27,2,0,0,0,0,0,0,0,0,0,0,0,0,0,0.0,0.0,0.0,0.0,0,45,0.0,0,3,Rio,Cardines,Cardines,2,8,590014,Crystal Palace,CRY,2,3,0,0,0,0
221,2026/27,2,0,0,0,0,0,0,0,0,0,0,0,0,0,0.0,0.0,0.0,0.0,0,44,0.1,236,601,Joél,Drakes-Thomas,Drakes-Thomas,3,8,672492,Crystal Palace,CRY,2,3,0,0,0,0
222,2026/27,2,62,0,0,0,3,0,0,0,0,0,0,0,13,5.2,0.3,4.0,1.0,2,60,0.7,10163,6167,Jørgen,Strand Larsen,Strand Larsen,4,8,247412,Crystal Palace,CRY,2,3,0,0,0,0
223,2026/27,2,0,0,0,0,0,0,0,0,0,0,0,0,0,0.0,0.0,0.0,0.0,0,63,1.2,305,12224,Jean-Philippe,Mateta,Mateta,4,8,231747,Crystal Palace,CRY,2,3,0,0,0,0
224,2026/27,2,67,0,0,0,3,0,0,0,0,0,0,0,8,2.6,10.6,8.0,2.1,2,55,0.5,1912,4871,Eddie,Nketiah,Nketiah,4,8,205533,Crystal Palace,CRY,2,3,0,0,0,0
225,2026/27,2,0,0,0,0,0,0,0,0,0,0,0,0,0,0.0,0.0,0.0,0.0,0,50,0.0,0,0,Christantus,Uche,Uche,4,8,660392,Crystal Palace,CRY,2,3,0,0,0,0
226,2026/27,2,90,0,0,0,1,0,0,0,0,0,4,0,22,31.6,0.0,0.0,3.2,3,55,9.2,41602,26407,Jordan,Pickford,Pickford,1,9,111234,Everton,EVE,3,3,0,0,0,0
227,2026/27,2,0,0,0,0,0,0,0,0,0,0,0,0,0,0.0,0.0,0.0,0.0,0,50,0.0,344,344,Mark,Travers,Travers,1,9,229600,Everton,EVE,3,3,0,0,0,0
228,2026/27,2,0,0,0,0,0,0,0,0,0,0,0,0,0,0.0,0.0,0.0,0.0,0,45,0.0,153,219,Tom,King,King,1,9,138001,Everton,EVE,3,3,0,0,0,0
229,2026/27,2,90,1,0,0,1,0,0,0,0,0,0,2,27,54.8,11.3,19.0,8.5,12,62,17.8,346867,43725,James,Tarkowski,Tarkowski,2,9,17761,Everton,EVE,3,3,0,0,0,0
230,2026/27,2,90,0,0,0,1,0,0,0,0,0,0,0,6,22.6,1.5,33.0,5.7,4,55,2.6,37063,12677,Jarrad,Branthwaite,Branthwaite,2,9,480455,Everton,EVE,3,3,0,0,0,0
231,2026/27,2,0,0,0,0,0,0,0,0,0,0,0,0,0,0.0,0.0,0.0,0.0,0,48,0.7,724,5658,Michael,Keane,Keane,2,9,106611,Everton,EVE,3,3,0,0,0,0
232,2026/27,2,0,0,0,0,0,0,0,0,0,0,0,0,0,0.0,0.0,0.0,0.0,0,48,0.3,541,1707,Jake,O'Brien,O'Brien,2,9,512462,Everton,EVE,3,3,0,0,0,0
233,2026/27,2,90,0,0,0,1,0,0,0,0,0,0,0,7,36.8,1.0,0.0,3.8,4,46,3.9,44447,54510,Vitalii,Mykolenko,Mykolenko,2,9,224967,Everton,EVE,3,3,0,0,0,0
234,2026/27,2,0,0,0,0,0,0,0,0,0,0,0,0,0,0.0,0.0,0.0,0.0,0,45,0.0,0,177,Nathan,Patterson,Patterson,2,9,243571,Everton,EVE,3,3,0,0,0,0
235,2026/27,2,0,0,0,0,0,0,0,0,0,0,0,0,0,0.0,0.0,0.0,0.0,0,40,0.1,0,863,Adam,Aznou,Aznou,2,9,499300,Everton,EVE,3,3,0,0,0,0
236,2026/27,2,90,0,0,0,1,0,0,0,0,0,0,0,24,19.4,52.3,9.0,8.1,2,66,5.8,45227,76119,Kiernan,Dewsbury-Hall,Dewsbury-Hall,3,9,215413,Everton,EVE,3,3,0,0,0,0
237,2026/27,2,90,0,0,0,1,0,0,0,0,0,0,0,16,12.6,14.5,10.0,3.7,4,58,6.4,11259,103940,Iliman,Ndiaye,Ndiaye,3,15,440993,Man City,MCI,4,5,0,0,0,0
238,2026/27,2,0,0,0,0,0,0,0,0,0,0,0,0,0,0.0,0.0,0.0,0.0,0,65,0.5,6194,4312,Jack,Grealish,Grealish,3,9,114283,Everton,EVE,3,3,0,0,0,0
239,2026/27,2,61,0,0,0,1,0,0,0,1,0,0,0,9,3.4,1.1,0.0,0.5,1,60,0.2,3160,3060,James,Garner,Garner,3,9,232928,Everton,EVE,3,3,0,0,0,0
240,2026/27,2,4,0,0,0,0,0,0,0,0,0,0,0,2,0.0,0.0,0.0,0.0,1,50,0.0,98,169,Tim,Iroegbunam,Iroegbunam,3,11,490094,Hull City,HUL,2,2,0,0,0,0
241,2026/27,2,22,0,0,0,1,0,0,0,0,0,0,0,2,0.4,0.3,0.0,0.1,1,53,0.1,130,711,Dwight,McNeil,McNeil,3,8,433154,Crystal Palace,CRY,2,3,0,0,0,0
242,2026/27,2,61,0,0,0,1,0,0,0,0,0,0,0,12,6.0,12.2,16.0,3.4,2,55,0.8,3500,16953,Tyrique,George,George,3,9,550615,Everton,EVE,3,3,0,0,0,0
243,2026/27,2,4,0,0,0,0,0,0,0,1,0,0,0,-2,0.0,0.5,8.0,0.5,0,49,0.1,213,576,Carlos,Alcaraz Durán,Alcaraz,3,9,502697,Everton,EVE,3,3,0,0,0,0
244,2026/27,2,86,0,0,0,1,0,0,0,0,0,0,0,12,11.2,12.3,0.0,2.4,2,50,0.4,1209,4415,Harrison,Armstrong,Armstrong,3,9,609873,Everton,EVE,3,3,0,0,0,0
245,2026/27,2,0,0,0,0,0,0,0,0,0,0,0,0,0,0.0,0.0,0.0,0.0,0,53,0.0,169,235,Tyler,Dibling,Dibling,3,9,496661,Everton,EVE,3,3,0,0,0,0
246,2026/27,2,85,0,0,0,1,0,0,0,0,0,0,0,13,8.4,2.3,0.0,1.1,2,49,0.0,9,838,Merlin,Röhl,Röhl,3,9,513466,Everton,EVE,3,3,0,0,0,0
247,2026/27,2,28,0,0,0,0,0,0,0,0,0,0,0,3,7.8,1.4,2.0,1.1,1,54,0.2,258,1556,Hayden,Hackney,Hackney,3,9,244860,Everton,EVE,3,3,0,0,0,0
248,2026/27,2,20,0,0,0,0,0,0,0,0,0,0,0,2,3.0,0.3,3.0,0.6,1,54,0.6,0,10191,Norberto Bercique,Gomes Betuncal,Beto,4,9,486385,Everton,EVE,3,3,0,0,0,0
249,2026/27,2,69,0,0,0,1,0,0,0,0,0,0,0,6,10.0,11.7,58.0,8.0,2,57,8.6,141002,71231,Thierno,Barry,Barry,4,9,586309,Everton,EVE,3,3,0,0,0,0
250,2026/27,2,90,0,0,0,1,0,0,0,0,0,3,0,11,19.2,0.0,0.0,1.9,3,45,3.7,78809,22347,Bernd,Leno,Leno,1,10,80201,Fulham,FUL,2,3,0,0,0,0
251,2026/27,2,0,0,0,0,0,0,0,0,0,0,0,0,0,0.0,0.0,0.0,0.0,0,40,1.1,4264,4044,Benjamin,Lecomte,Lecomte,1,10,86873,Fulham,FUL,2,3,0,0,0,0
252,2026/27,2,0,0,0,0,0,0,0,0,0,0,0,0,0,0.0,0.0,0.0,0.0,0,40,0.1,0,884,Alfie,McNally,McNally,1,10,505079,Fulham,FUL,2,3,0,0,0,0
253,2026/27,2,90,0,0,0,1,0,0,0,1,0,0,0,4,17.8,12.9,2.0,3.3,1,50,0.2,4909,1662,Joachim,Andersen,Andersen,2,10,174874,Fulham,FUL,2,3,0,0,0,0
254,2026/27,2,90,0,0,0,1,0,0,0,0,0,0,0,10,9.8,4.6,0.0,1.4,2,45,1.5,33099,15865,Antonee,Robinson,Robinson,2,10,169528,Fulham,FUL,2,3,0,0,0,0
255,2026/27,2,0,0,0,0,0,0,0,0,0,0,0,0,0,0.0,0.0,0.0,0.0,0,45,0.0,90,150,Jorge,Cuenca Barreno,J.Cuenca,2,10,246301,Fulham,FUL,2,3,0,0,0,0
256,2026/27,2,0,0,0,0,0,0,0,0,0,0,0,0,0,0.0,0.0,0.0,0.0,0,44,0.2,147,1288,Kenny,Tete,Tete,2,10,167074,Fulham,FUL,2,3,0,0,0,0
257,2026/27,2,90,0,0,0,1,0,0,0,0,0,0,0,13,19.4,2.6,0.0,2.2,2,45,0.8,17018,3792,Calvin,Bassey,Bassey,2,10,232892,Fulham,FUL,2,3,0,0,0,0
258,2026/27,2,67,0,0,1,0,0,0,0,0,0,0,0,18,0.0,0.7,0.0,0.0,6,45,1.1,30866,8552,Timothy,Castagne,Castagne,2,10,166477,Fulham,FUL,2,3,0,0,0,0
259,2026/27,2,90,0,0,0,5,0,0,0,0,0,0,0,7,40.8,0.3,0.0,4.1,2,40,12.3,12324,94415,Issa,Diop,Diop,2,12,219924,Ipswich Town,IPS,2,2,0,0,0,0
260,2026/27,2,45,0,0,0,0,0,0,0,0,0,0,0,7,8.4,12.1,6.0,2.7,1,62,1.5,102,56554,Harry,Wilson,Wilson,3,13,153682,Leeds,LEE,3,3,0,0,0,0
261,2026/27,2,90,0,0,0,1,0,0,0,0,0,0,0,20,12.0,35.5,2.0,5.0,2,54,0.7,8344,5265,Alex,Iwobi,Iwobi,3,10,153133,Fulham,FUL,2,3,0,0,0,0
262,2026/27,2,14,0,0,0,0,0,0,0,0,0,0,0,5,5.2,22.8,7.0,3.5,1,53,0.2,502,1774,Emile,Smith Rowe,Smith Rowe,3,10,209289,Fulham,FUL,2,3,0,0,0,0
263,2026/27,2,7,0,0,0,0,0,0,0,0,0,0,0,2,0.0,1.5,0.0,0.1,1,53,0.0,319,406,Kevin,Santos Lopes de Macedo,Kevin,3,10,560552,Fulham,FUL,2,3,0,0,0,0
264,2026/27,2,67,0,0,1,0,0,0,0,0,0,0,0,8,7.0,12.4,6.0,2.5,3,55,0.3,5018,2731,Oscar,Bobb,Bobb,3,10,477555,Fulham,FUL,2,3,0,0,0,0
265,2026/27,2,82,0,0,0,1,0,0,0,0,0,0,0,14,6.0,27.9,2.0,3.6,2,49,0.3,1124,2040,Sander,Berge,Berge,3,10,207189,Fulham,FUL,2,3,0,0,0,0
266,2026/27,2,0,0,0,0,0,0,0,0,0,0,0,0,0,0.0,0.0,0.0,0.0,0,49,0.0,21,23,Tom,Cairney,Cairney,3,10,76357,Fulham,FUL,2,3,0,0,0,0
267,2026/27,2,72,0,0,0,4,0,0,0,1,0,0,0,11,17.4,11.9,2.0,3.1,1,49,0.1,356,852,Saša,Lukić,Lukić,3,12,212314,Ipswich Town,IPS,2,2,0,0,0,0
268,2026/27,2,90,0,0,0,1,0,0,0,0,0,0,0,8,10.6,4.5,21.0,3.6,2,56,3.6,212144,35616,Josh,King,King,3,10,577725,Fulham,FUL,2,3,0,0,0,0
269,2026/27,2,22,0,0,0,1,0,0,0,0,0,0,0,3,8.6,11.0,8.0,2.8,1,43,0.3,582,1849,Ryan,Sessegnon,Sessegnon,2,10,184349,Fulham,FUL,2,3,0,0,0,0
270,2026/27,2,0,0,0,0,0,0,0,0,0,0,0,0,0,0.0,0.0,0.0,0.0,0,44,1.1,3605,10127,Harrison,Reed,Reed,3,10,153366,Fulham,FUL,2,3,0,0,0,0
271,2026/27,2,0,0,0,0,0,0,0,0,0,0,0,0,0,0.0,0.0,0.0,0.0,0,54,0.4,3000,3858,Rodrigo,Muniz Carvalho,Muniz,4,10,244042,Fulham,FUL,2,3,0,0,0,0
272,2026/27,2,0,0,0,0,0,0,0,0,0,0,0,0,0,0.0,0.0,0.0,0.0,0,45,5.3,16433,51140,Jonah,Kusi-Asare,Kusi-Asare,4,10,631786,Fulham,FUL,2,3,0,0,0,0
273,2026/27,2,0,0,0,0,0,0,0,0,0,0,0,0,0,0.0,0.0,0.0,0.0,0,40,1.4,4856,5753,Dillon,Phillips,Phillips,1,11,167825,Hull City,HUL,2,2,0,0,0,0
274,2026/27,2,0,0,0,0,0,0,0,0,0,0,0,0,0,0.0,0.0,0.0,0.0,0,44,0.1,81,447,Jack,Butland,Butland,1,11,105666,Hull City,HUL,2,2,0,0,0,0
275,2026/27,2,0,0,0,0,0,0,0,0,0,0,0,0,0,0.0,0.0,0.0,0.0,0,40,0.0,0,39,Harvey,Cartwright,Cartwright,1,11,494950,Hull City,HUL,2,2,0,0,0,0
276,2026/27,2,0,0,0,0,0,0,0,0,0,0,0,0,0,0.0,0.0,0.0,0.0,0,40,0.0,0,156,Thimothée,Lo-Tutala,Lo-Tutala,1,11,444307,Hull City,HUL,2,2,0,0,0,0
277,2026/27,2,90,0,0,1,0,0,0,0,0,0,0,1,25,23.8,0.4,0.0,2.4,9,41,7.2,60741,44919,John,Egan,Egan,2,11,108416,Hull City,HUL,2,2,0,0,0,0
278,2026/27,2,0,0,0,0,0,0,0,0,0,0,0,0,0,0.0,0.0,0.0,0.0,0,39,0.2,1340,2496,Charlie,Hughes,Hughes,2,11,501902,Hull City,HUL,2,2,0,0,0,0
279,2026/27,2,90,0,0,1,0,0,0,0,0,0,0,0,24,15.6,0.8,0.0,1.6,6,42,13.9,69350,83119,Semi,Ajayi,Ajayi,2,11,146426,Hull City,HUL,2,2,0,0,0,0
280,2026/27,2,45,0,0,0,0,0,0,0,1,0,0,0,2,4.6,0.3,0.0,0.5,0,40,0.7,3017,3147,Lewie,Coyle,Coyle,2,11,193278,Hull City,HUL,2,2,0,0,0,0
281,2026/27,2,45,0,0,0,0,0,0,0,0,0,0,0,4,4.2,0.4,0.0,0.5,1,40,0.0,0,319,Cody,Drameh,Drameh,2,11,433590,Hull City,HUL,2,2,0,0,0,0
282,2026/27,2,90,0,0,1,0,0,0,0,0,0,0,0,21,9.6,15.0,2.0,2.7,6,40,2.9,31827,20367,Ryan,Giles,Giles,2,11,232351,Hull City,HUL,2,2,0,0,0,0
283,2026/27,2,0,0,0,0,0,0,0,0,0,0,0,0,0,0.0,0.0,0.0,0.0,0,40,0.0,0,50,Matty,Jacob,Jacob,2,11,449428,Hull City,HUL,2,2,0,0,0,0
284,2026/27,2,0,0,0,0,0,0,0,0,0,0,0,0,0,0.0,0.0,0.0,0.0,0,40,0.1,542,621,Cathal,McCarthy,McCarthy,2,11,661800,Hull City,HUL,2,2,0,0,0,0
285,2026/27,2,0,0,0,0,0,0,0,0,0,0,0,0,0,0.0,0.0,0.0,0.0,0,40,0.1,274,602,Paddy,McNair,McNair,2,11,160817,Hull City,HUL,2,2,0,0,0,0
286,2026/27,2,82,0,1,1,0,0,0,0,0,0,0,0,23,23.2,12.1,11.0,4.6,6,51,5.6,128741,41951,Mohamed,Belloumi,Belloumi,3,11,540324,Hull City,HUL,2,2,0,0,0,0
287,2026/27,2,31,1,0,0,0,0,0,0,0,0,0,0,24,34.0,0.8,13.0,4.8,6,50,0.0,0,403,Liam,Millar,Millar,3,11,232905,Hull City,HUL,2,2,0,0,0,0
288,2026/27,2,0,0,0,0,0,0,0,0,0,0,0,0,0,0.0,0.0,0.0,0.0,0,44,0.3,836,2886,Kieran,Dowell,Dowell,3,11,171270,Hull City,HUL,2,2,0,0,0,0
289,2026/27,2,0,0,0,0,0,0,0,0,0,0,0,0,0,0.0,0.0,0.0,0.0,0,44,0.5,7246,6481,Matt,Crooks,Crooks,3,11,101282,Hull City,HUL,2,2,0,0,0,0
290,2026/27,2,90,0,0,1,0,0,0,0,1,0,0,0,6,9.8,2.8,2.0,1.5,2,45,5.1,24298,58133,Regan,Slater,Slater,3,11,243413,Hull City,HUL,2,2,0,0,0,0
291,2026/27,2,0,0,0,0,0,0,0,0,0,0,0,0,0,0.0,0.0,0.0,0.0,0,45,0.0,34,84,Eliot,Matazo,Matazo,3,11,465525,Hull City,HUL,2,2,0,0,0,0
292,2026/27,2,0,0,0,0,0,0,0,0,0,0,0,0,0,0.0,0.0,0.0,0.0,0,49,0.0,102,187,Abdülkadir,Ömür,Ömür,3,11,208481,Hull City,HUL,2,2,0,0,0,0
293,2026/27,2,0,0,0,0,0,0,0,0,0,0,0,0,0,0.0,0.0,0.0,0.0,0,50,0.0,0,15,Abu,Kamara,Kamara,3,11,490161,Hull City,HUL,2,2,0,0,0,0
294,2026/27,2,0,0,0,0,0,0,0,0,0,0,0,0,0,0.0,0.0,0.0,0.0,0,45,0.1,195,658,Óscar,Zambrano,Zambrano,3,11,553783,Hull City,HUL,2,2,0,0,0,0
295,2026/27,2,90,0,0,1,0,0,0,0,1,0,0,0,7,0.8,13.3,8.0,2.2,1,55,1.9,13686,25585,Oli,McBurnie,McBurnie,4,11,169432,Hull City,HUL,2,2,0,0,0,0
296,2026/27,2,0,0,0,0,0,0,0,0,0,0,0,0,0,0.0,0.0,0.0,0.0,0,50,0.0,0,351,David,Akintola,Akintola,3,11,213292,Hull City,HUL,2,2,0,0,0,0
297,2026/27,2,0,0,0,0,0,0,0,0,0,0,0,0,0,0.0,0.0,0.0,0.0,0,44,0.0,79,180,Darko,Gyabi,Gyabi,3,11,470294,Hull City,HUL,2,2,0,0,0,0
298,2026/27,2,0,0,0,0,0,0,0,0,0,0,0,0,0,0.0,0.0,0.0,0.0,0,45,0.2,0,1933,Enis,Destan,Destan,4,11,500957,Hull City,HUL,2,2,0,0,0,0
299,2026/27,2,0,0,0,0,0,0,0,0,0,0,0,0,0,0.0,0.0,0.0,0.0,0,45,0.0,0,292,Mason,Burstow,Burstow,4,11,534392,Hull City,HUL,2,2,0,0,0,0
300,2026/27,2,0,0,0,0,0,0,0,0,0,0,0,0,0,0.0,0.0,0.0,0.0,0,44,0.4,3133,1727,Christian,Walton,Walton,1,12,108813,Ipswich Town,IPS,2,2,0,0,0,0
301,2026/27,2,0,0,0,0,0,0,0,0,0,0,0,0,0,0.0,0.0,0.0,0.0,0,40,3.8,8419,19530,Alex,Palmer,Palmer,1,12,112520,Ipswich Town,IPS,2,2,0,0,0,0
302,2026/27,2,0,0,0,0,0,0,0,0,0,0,0,0,0,0.0,0.0,0.0,0.0,0,40,0.6,2618,2088,David,Button,Button,1,12,50093,Ipswich Town,IPS,2,2,0,0,0,0
303,2026/27,2,0,0,0,0,0,0,0,0,0,0,0,0,0,0.0,0.0,0.0,0.0,0,39,0.9,6175,6020,Cédric,Kipré,Kipré,2,12,183015,Ipswich Town,IPS,2,2,0,0,0,0
304,2026/27,2,90,0,0,0,5,0,0,0,0,0,0,0,-14,0.0,0.8,9.0,0.9,0,40,2.6,3629,22813,Dara,O'Shea,O'Shea,2,12,216616,Ipswich Town,IPS,2,2,0,0,0,0
305,2026/27,2,90,1,0,0,5,0,0,0,0,0,0,0,1,47.0,14.7,50.0,11.2,6,40,7.3,99983,44795,Leif,Davis,Davis,2,12,455084,Ipswich Town,IPS,2,2,0,0,0,0
306,2026/27,2,90,0,0,0,5,1,0,0,1,0,0,0,-13,18.4,1.3,0.0,2.0,-1,39,1.1,4833,6593,Jacob,Greaves,Greaves,2,12,449429,Ipswich Town,IPS,2,2,0,0,0,0
307,2026/27,2,0,0,0,0,0,0,0,0,0,0,0,0,0,0.0,0.0,0.0,0.0,0,40,0.1,0,547,Ben,Johnson,Johnson,2,12,222018,Ipswich Town,IPS,2,2,0,0,0,0
308,2026/27,2,17,0,0,0,1,0,0,0,0,0,0,0,-1,5.0,0.5,0.0,0.6,1,39,0.6,7953,4306,Darnell,Furlong,Furlong,2,12,176420,Ipswich Town,IPS,2,2,0,0,0,0
309,2026/27,2,61,0,0,0,3,0,0,0,0,0,0,0,6,11.6,12.1,2.0,2.6,2,49,0.1,125,938,Marcelino,Núñez,Núñez,3,12,501390,Ipswich Town,IPS,2,2,0,0,0,0
310,2026/27,2,0,0,0,0,0,0,0,0,0,0,0,0,0,0.0,0.0,0.0,0.0,0,49,0.0,22,23,Azor,Matusiwa,Matusiwa,3,12,241117,Ipswich Town,IPS,2,2,0,0,0,0
311,2026/27,2,0,0,0,0,0,0,0,0,0,0,0,0,0,0.0,0.0,0.0,0.0,0,50,0.0,0,10,Wes,Burns,Burns,3,12,149929,Ipswich Town,IPS,2,2,0,0,0,0
312,2026/27,2,0,0,0,0,0,0,0,0,0,0,0,0,0,0.0,0.0,0.0,0.0,0,44,0.0,454,391,Jack,Taylor,Taylor,3,12,231899,Ipswich Town,IPS,2,2,0,0,0,0
313,2026/27,2,0,0,0,0,0,0,0,0,0,0,0,0,0,0.0,0.0,0.0,0.0,0,54,0.2,361,1415,Jack,Clarke,Clarke,3,12,443261,Ipswich Town,IPS,2,2,0,0,0,0
314,2026/27,2,0,0,0,0,0,0,0,0,0,0,0,0,0,0.0,0.0,0.0,0.0,0,49,0.0,0,90,Chiedozie,Ogbene,Ogbene,3,12,229164,Ipswich Town,IPS,2,2,0,0,0,0
315,2026/27,2,82,0,1,0,5,0,0,0,1,0,0,0,25,26.6,42.3,2.0,7.1,4,54,0.1,77,3631,Abdul,Fatawu,Fatawu,3,12,531442,Ipswich Town,IPS,2,2,0,0,0,0
316,2026/27,2,45,0,0,0,1,0,0,0,0,0,0,0,7,1.0,11.1,2.0,1.4,1,55,3.9,68709,32199,Emersonn,Correia da Silva,Emersonn,4,12,543968,Ipswich Town,IPS,2,2,0,0,0,0
317,2026/27,2,0,0,0,0,0,0,0,0,0,0,0,0,0,0.0,0.0,0.0,0.0,0,50,0.1,0,747,George,Hirst,Hirst,4,12,222625,Ipswich Town,IPS,2,2,0,0,0,0
318,2026/27,2,0,0,0,0,0,0,0,0,0,0,0,0,0,0.0,0.0,0.0,0.0,0,54,0.1,52,233,Jaden,Philogene,Philogene,3,12,481624,Ipswich Town,IPS,2,2,0,0,0,0
319,2026/27,2,0,0,0,0,0,0,0,0,0,0,0,0,0,0.0,0.0,0.0,0.0,0,50,0.0,0,22,Sam,Szmodics,Szmodics,3,12,172453,Ipswich Town,IPS,2,2,0,0,0,0
320,2026/27,2,45,1,0,0,4,0,0,0,0,0,0,0,30,33.2,1.7,17.0,5.2,5,50,1.1,6543,13288,Chuba,Akpom,Akpom,4,12,147675,Ipswich Town,IPS,2,2,0,0,0,0
321,2026/27,2,0,0,0,0,0,0,0,0,0,0,0,0,0,0.0,0.0,0.0,0.0,0,45,3.5,29016,39336,Sindre,Walle Egeli,Walle Egeli,4,12,557012,Ipswich Town,IPS,2,2,0,0,0,0
322,2026/27,2,0,0,0,0,0,0,0,0,0,0,0,0,0,0.0,0.0,0.0,0.0,0,50,0.0,0,525,Ali,Al-Hamadi,Al-Hamadi,4,12,462387,Ipswich Town,IPS,2,2,0,0,0,0
323,2026/27,2,7,0,0,0,0,0,0,0,0,0,0,0,3,0.2,0.0,0.0,0.0,1,44,1.0,2641,9896,Kasey,McAteer,McAteer,3,12,461587,Ipswich Town,IPS,2,2,0,0,0,0
324,2026/27,2,0,0,0,0,0,0,0,0,0,0,0,0,0,0.0,0.0,0.0,0.0,0,48,0.0,94,219,Anis,Mehmeti,Mehmeti,3,12,232457,Ipswich Town,IPS,2,2,0,0,0,0
325,2026/27,2,0,0,0,0,0,0,0,0,0,0,0,0,0,0.0,0.0,0.0,0.0,0,45,0.0,73,293,Karl,Darlow,Darlow,1,16,59735,Man Utd,MUN,4,4,0,0,0,0
326,2026/27,2,0,0,0,0,0,0,0,0,0,0,0,0,0,0.0,0.0,0.0,0.0,0,45,0.3,0,1863,Lucas Estella,Perri,Perri,1,13,201595,Leeds,LEE,3,3,0,0,0,0
327,2026/27,2,45,0,0,0,1,0,0,0,0,0,0,0,0,8.4,0.2,0.0,0.9,1,50,0.7,1096,7413,Jaka,Bijol,Bijol,2,13,434752,Leeds,LEE,3,3,0,0,0,0
328,2026/27,2,0,0,0,0,0,0,0,0,0,0,0,0,0,0.0,0.0,0.0,0.0,0,49,0.2,676,1475,Pascal,Struijk,Struijk,2,5,222694,Brighton,BHA,3,4,0,0,0,0
329,2026/27,2,33,0,0,0,0,0,0,0,0,0,0,0,4,8.6,0.3,2.0,1.1,1,43,0.7,68,14159,Joe,Rodon,Rodon,2,13,214225,Leeds,LEE,3,3,0,0,0,0
330,2026/27,2,67,0,0,0,1,0,0,0,0,0,0,0,9,18.6,11.3,4.0,3.4,2,46,7.8,196067,45805,Jayden,Bogle,Bogle,2,13,226182,Leeds,LEE,3,3,0,0,0,0
331,2026/27,2,0,0,0,0,0,0,0,0,0,0,0,0,0,0.0,0.0,0.0,0.0,0,45,0.1,1210,590,Gabriel,Gudmundsson,Gudmundsson,2,13,243526,Leeds,LEE,3,3,0,0,0,0
332,2026/27,2,90,0,0,0,1,0,0,0,0,0,0,0,12,24.6,11.8,9.0,4.5,2,45,1.4,9270,10219,James,Justin,Justin,2,13,220627,Leeds,LEE,3,3,0,0,0,0
333,2026/27,2,0,0,0,0,0,0,0,0,0,0,0,0,0,0.0,0.0,0.0,0.0,0,45,0.0,0,7,Sebastiaan,Bornauw,Bornauw,2,13,437738,Leeds,LEE,3,3,0,0,0,0
334,2026/27,2,90,0,0,0,1,0,0,0,0,0,0,0,17,51.6,0.8,2.0,5.4,4,50,4.4,60675,42250,Tarik,Muharemović,Muharemović,2,13,522047,Leeds,LEE,3,3,0,0,0,0
335,2026/27,2,90,0,0,0,1,0,0,0,0,0,0,0,13,24.6,17.0,4.0,4.6,4,60,2.4,7651,28269,Anton,Stach,Stach,3,13,466525,Leeds,LEE,3,3,0,0,0,0
336,2026/27,2,68,0,0,0,1,0,0,0,0,0,0,0,11,6.4,7.5,10.0,2.4,2,58,0.4,3122,5894,Noah,Okafor,Okafor,3,13,435997,Leeds,LEE,3,3,0,0,0,0
337,2026/27,2,45,0,0,0,1,0,0,0,0,0,0,0,6,2.2,0.6,0.0,0.3,1,53,0.5,307,5027,Brenden,Aaronson,Aaronson,3,13,427637,Leeds,LEE,3,3,0,0,0,0
338,2026/27,2,90,0,0,0,1,0,0,0,0,0,0,0,12,19.6,16.6,1.0,3.7,2,54,0.9,3062,8331,Ethan,Ampadu,Ampadu,3,13,199598,Leeds,LEE,3,3,0,0,0,0
339,2026/27,2,0,0,0,0,0,0,0,0,0,0,0,0,0,0.0,0.0,0.0,0.0,0,48,0.1,245,907,Sean,Longstaff,Longstaff,3,13,180135,Leeds,LEE,3,3,0,0,0,0
340,2026/27,2,0,0,0,0,0,0,0,0,0,0,0,0,0,0.0,0.0,0.0,0.0,0,50,0.0,121,147,Joe,Gelhardt,Gelhardt,3,11,462635,Hull City,HUL,2,2,0,0,0,0
341,2026/27,2,0,0,0,0,0,0,0,0,0,0,0,0,0,0.0,0.0,0.0,0.0,0,50,0.0,0,81,Wilfried,Gnonto,Gnonto,3,13,492859,Leeds,LEE,3,3,0,0,0,0
342,2026/27,2,0,0,0,0,0,0,0,0,0,0,0,0,0,0.0,0.0,0.0,0.0,0,50,0.0,0,5,Jack,Harrison,Harrison,3,13,221399,Leeds,LEE,3,3,0,0,0,0
343,2026/27,2,22,0,0,0,0,0,0,0,0,0,0,0,2,0.0,1.1,12.0,1.1,1,49,0.1,249,1053,Daniel,James,James,3,13,200617,Leeds,LEE,3,3,0,0,0,0
344,2026/27,2,0,0,0,0,0,0,0,0,0,0,0,0,0,0.0,0.0,0.0,0.0,0,50,0.0,58,26,Ilia,Gruev,Gruev,3,13,486520,Leeds,LEE,3,3,0,0,0,0
345,2026/27,2,45,0,0,0,0,0,0,0,0,0,0,0,6,20.0,1.8,0.0,2.2,1,49,0.3,3282,3503,Tanaka,Ao,Tanaka,3,13,248056,Leeds,LEE,3,3,0,0,0,0
346,2026/27,2,90,1,0,0,1,0,0,0,0,0,0,2,31,38.4,4.0,35.0,7.7,8,60,24.1,143646,289634,Dominic,Calvert-Lewin,Calvert-Lewin,4,13,177815,Leeds,LEE,3,3,0,0,0,0
347,2026/27,2,21,0,1,0,0,0,0,0,0,0,0,0,18,18.2,20.3,6.0,4.5,4,54,0.5,2845,5140,Lukas,Nmecha,Nmecha,4,13,174594,Leeds,LEE,3,3,0,0,0,0
348,2026/27,2,0,0,0,0,0,0,0,0,0,0,0,0,0,0.0,0.0,0.0,0.0,0,50,0.1,0,595,Joël,Piroe,Piroe,4,13,235826,Leeds,LEE,3,3,0,0,0,0
349,2026/27,2,0,0,0,0,0,0,0,0,0,0,0,0,0,0.0,0.0,0.0,0.0,0,45,0.1,489,660,Mateo,Joseph Fernández-Regatillo,Mateo Joseph,4,13,565297,Leeds,LEE,3,3,0,0,0,0
350,2026/27,2,90,0,0,0,2,0,0,0,1,0,1,0,-5,7.6,0.0,0.0,0.8,0,55,4.2,21063,18256,Alisson,Becker,A.Becker,1,14,116535,Liverpool,LIV,4,4,0,0,0,0
351,2026/27,2,0,0,0,0,0,0,0,0,0,0,0,0,0,0.0,0.0,0.0,0.0,0,48,0.1,322,751,Giorgi,Mamardashvili,Mamardashvili,1,14,449027,Liverpool,LIV,4,4,0,0,0,0
352,2026/27,2,0,0,0,0,0,0,0,0,0,0,0,0,0,0.0,0.0,0.0,0.0,0,40,1.0,1167,3291,Freddie,Woodman,Woodman,1,14,155503,Liverpool,LIV,4,4,0,0,0,0
353,2026/27,2,0,0,0,0,0,0,0,0,0,0,0,0,0,0.0,0.0,0.0,0.0,0,40,0.0,0,98,Armin,Pecsi,Pecsi,1,14,586268,Liverpool,LIV,4,4,0,0,0,0
354,2026/27,2,0,0,0,0,0,0,0,0,0,0,0,0,0,0.0,0.0,0.0,0.0,0,40,0.0,281,212,Vitezslav,Jaros,Jaros,1,14,432987,Liverpool,LIV,4,4,0,0,0,0
355,2026/27,2,0,0,0,0,0,0,0,0,0,0,0,0,0,0.0,0.0,0.0,0.0,0,40,0.2,430,605,Harvey,Davies,Davies,1,14,464353,Liverpool,LIV,4,4,0,0,0,0
356,2026/27,2,90,0,0,0,2,0,0,0,0,0,0,0,5,24.6,4.3,2.0,3.1,1,65,16.1,36379,67051,Virgil,van Dijk,Virgil,2,14,97032,Liverpool,LIV,4,4,0,0,0,0
357,2026/27,2,70,0,0,0,2,0,0,0,0,0,0,0,9,12.8,13.8,4.0,3.1,1,53,1.7,2121,17363,Jeremie,Frimpong,Frimpong,2,14,216094,Liverpool,LIV,4,4,0,0,0,0
358,2026/27,2,70,0,0,0,2,0,0,0,0,0,0,0,9,24.0,12.8,0.0,3.7,1,53,2.2,3671,16845,Milos,Kerkez,Kerkez,2,14,544877,Liverpool,LIV,4,4,0,0,0,0
359,2026/27,2,0,0,0,0,0,0,0,0,0,0,0,0,0,0.0,0.0,0.0,0.0,0,49,0.0,429,141,Joe,Gomez,Gomez,2,14,171287,Liverpool,LIV,4,4,0,0,0,0
360,2026/27,2,0,0,0,0,0,0,0,0,0,0,0,0,0,0.0,0.0,0.0,0.0,0,50,0.0,76,103,Conor,Bradley,Bradley,2,14,492777,Liverpool,LIV,4,4,0,0,0,0
361,2026/27,2,0,0,0,0,0,0,0,0,0,0,0,0,0,0.0,0.0,0.0,0.0,0,40,0.1,359,736,Wellity,Lucky,Lucky,2,14,519440,Liverpool,LIV,4,4,0,0,0,0
362,2026/27,2,76,0,0,0,2,0,0,0,0,0,0,0,13,30.8,15.1,2.0,4.8,3,50,3.4,45123,32500,Jeremy,Jacquet,Jacquet,2,14,606702,Liverpool,LIV,4,4,0,0,0,0
363,2026/27,2,0,0,0,0,0,0,0,0,0,0,0,0,0,0.0,0.0,0.0,0.0,0,40,0.0,85,262,Giovanni,Leoni,Leoni,2,14,647681,Liverpool,LIV,4,4,0,0,0,0
364,2026/27,2,19,0,0,0,0,0,0,0,0,0,0,0,4,3.6,1.3,9.0,1.4,1,49,0.1,139,487,Kostas,Tsimikas,Tsimikas,2,14,214285,Liverpool,LIV,4,4,0,0,0,0
365,2026/27,2,0,0,0,0,0,0,0,0,0,0,0,0,0,0.0,0.0,0.0,0.0,0,40,0.1,0,668,Calvin,Ramsay,Ramsay,2,14,489580,Liverpool,LIV,4,4,0,0,0,0
366,2026/27,2,90,0,1,0,2,0,0,0,1,0,0,0,23,27.8,24.3,22.0,7.4,4,73,5.6,10355,63423,Florian,Wirtz,Wirtz,3,14,494595,Liverpool,LIV,4,4,0,0,0,0
367,2026/27,2,70,0,1,0,2,0,0,0,0,0,0,0,21,23.2,27.8,6.0,5.7,5,72,11.1,55041,211282,Cody,Gakpo,Gakpo,3,14,243298,Liverpool,LIV,4,4,0,0,0,0
368,2026/27,2,90,0,0,0,2,0,0,0,0,0,0,0,24,21.4,40.7,4.0,6.6,4,69,31.5,56130,347337,Dominik,Szoboszlai,Szoboszlai,3,14,424876,Liverpool,LIV,4,4,0,0,0,0
369,2026/27,2,19,0,0,0,0,0,0,0,0,0,0,0,5,2.0,1.3,2.0,0.5,1,57,0.4,1173,5704,Rio,Ngumoha,Ngumoha,3,14,611922,Liverpool,LIV,4,4,0,0,0,0
370,2026/27,2,0,0,0,0,0,0,0,0,0,0,0,0,0,0.0,0.0,0.0,0.0,0,53,0.0,20,309,Federico,Chiesa,Chiesa,3,14,223541,Liverpool,LIV,4,4,0,0,0,0
371,2026/27,2,19,0,0,0,0,0,0,0,0,0,0,0,7,4.4,12.1,0.0,1.7,1,58,1.1,1710,11637,Ryan,Gravenberch,Gravenberch,3,14,441266,Liverpool,LIV,4,4,0,0,0,0
372,2026/27,2,76,0,0,0,2,0,0,0,0,0,0,0,10,12.6,7.7,0.0,2.0,2,54,1.3,5280,9664,Alexis,Mac Allister,Mac Allister,3,14,243016,Liverpool,LIV,4,4,0,0,0,0
373,2026/27,2,0,0,0,0,0,0,0,0,0,0,0,0,0,0.0,0.0,0.0,0.0,0,55,0.0,0,85,Curtis,Jones,C.Jones,3,14,206915,Liverpool,LIV,4,4,0,0,0,0
374,2026/27,2,0,0,0,0,0,0,0,0,0,0,0,0,0,0.0,0.0,0.0,0.0,0,49,0.1,193,522,Endo,Wataru,Endo,3,14,158983,Liverpool,LIV,4,4,0,0,0,0
375,2026/27,2,13,0,0,0,0,0,0,0,0,0,0,0,3,6.4,2.2,0.0,0.9,1,49,0.0,125,389,Trey,Nyoni,Nyoni,3,14,591386,Liverpool,LIV,4,4,0,0,0,0
376,2026/27,2,0,0,0,0,0,0,0,0,0,0,0,0,0,0.0,0.0,0.0,0.0,0,50,0.0,0,4,Stefan,Bajčetić Maquieira,Bajcetic,3,14,535928,Liverpool,LIV,4,4,0,0,0,0
377,2026/27,2,90,1,0,0,2,0,0,0,1,0,0,0,24,42.2,16.8,29.0,8.8,6,65,0.9,2514,15654,Victor,Munoz,Munoz,3,14,551499,Liverpool,LIV,4,4,0,0,0,0
378,2026/27,2,0,0,0,0,0,0,0,0,0,0,0,0,0,0.0,0.0,0.0,0.0,0,44,0.2,1187,1912,James,McConnell,McConnell,3,14,491501,Liverpool,LIV,4,4,0,0,0,0
379,2026/27,2,90,1,0,0,2,0,0,0,0,0,0,2,30,34.0,10.3,48.0,9.2,8,91,20.5,131614,266978,Alexander,Isak,Isak,4,14,219168,Liverpool,LIV,4,4,0,0,0,0
380,2026/27,2,0,0,0,0,0,0,0,0,0,0,0,0,0,0.0,0.0,0.0,0.0,0,74,0.1,512,1027,Hugo,Ekitiké,Ekitiké,4,14,510663,Liverpool,LIV,4,4,0,0,0,0
381,2026/27,2,0,0,0,0,0,0,0,0,0,0,0,0,0,0.0,0.0,0.0,0.0,0,50,0.0,432,264,Lewis,Koumas,Koumas,3,14,514514,Liverpool,LIV,4,4,0,0,0,0
382,2026/27,2,0,0,0,0,0,0,0,0,0,0,0,0,0,0.0,0.0,0.0,0.0,0,45,0.2,4829,3143,Jayden,Danns,Danns,4,14,500058,Liverpool,LIV,4,4,0,0,0,0
383,2026/27,2,0,0,0,0,0,0,0,0,0,0,0,0,0,0.0,0.0,0.0,0.0,0,54,0.0,0,288,Harvey,Elliott,Elliott,3,14,444884,Liverpool,LIV,4,4,0,0,0,0
384,2026/27,2,90,0,0,0,1,1,0,0,0,0,1,0,5,6.8,0.0,0.0,0.7,0,55,7.5,14248,45185,Gianluigi,Donnarumma,Donnarumma,1,15,204936,Man City,MCI,4,5,0,0,0,0
385,2026/27,2,90,0,0,0,1,0,0,0,0,0,4,0,20,37.6,0.0,0.0,3.8,3,50,5.5,35465,24370,James,Trafford,Trafford,1,13,432720,Leeds,LEE,3,3,0,0,0,0
386,2026/27,2,0,0,0,0,0,0,0,0,0,0,0,0,0,0.0,0.0,0.0,0.0,0,45,0.0,83,118,Marcus,Bettinelli,Bettinelli,1,15,122074,Man City,MCI,4,5,0,0,0,0
387,2026/27,2,88,0,0,0,1,0,0,0,0,0,0,0,11,3.6,7.8,5.0,1.6,2,63,10.3,5621,130143,Nico,O'Reilly,O'Reilly,2,15,472769,Man City,MCI,4,5,0,0,0,0
388,2026/27,2,90,0,0,0,1,0,0,0,0,0,0,0,12,24.2,15.8,0.0,4.0,2,60,17.9,33707,78966,Marc,Guéhi,Guéhi,2,15,209036,Man City,MCI,4,5,0,0,0,0
389,2026/27,2,0,0,0,0,0,0,0,0,0,0,0,0,0,0.0,0.0,0.0,0.0,0,59,1.0,2489,4102,Matheus,Nunes,Matheus N.,2,15,465351,Man City,MCI,4,5,0,0,0,0
390,2026/27,2,90,0,0,0,1,0,0,0,0,0,0,0,19,27.0,22.3,35.0,8.4,2,55,1.9,6456,12705,Rúben,dos Santos Gato Alves Dias,Rúben,2,15,171314,Man City,MCI,4,5,0,0,0,0
391,2026/27,2,74,0,1,0,1,0,0,0,0,0,0,0,18,27.6,30.8,2.0,6.0,5,57,27.0,220319,97805,Joško,Gvardiol,Gvardiol,2,15,477424,Man City,MCI,4,5,0,0,0,0
392,2026/27,2,0,0,0,0,0,0,0,0,0,0,0,0,0,0.0,0.0,0.0,0.0,0,52,0.4,694,2857,Rayan,Aït-Nouri,Aït-Nouri,2,15,448514,Man City,MCI,4,5,0,0,0,0
393,2026/27,2,88,0,0,0,1,0,0,0,0,0,0,0,17,21.0,5.3,4.0,3.0,2,54,1.3,1826,11553,Abdukodir,Khusanov,Khusanov,2,15,578153,Man City,MCI,4,5,0,0,0,0
394,2026/27,2,0,0,0,0,0,0,0,0,0,0,0,0,0,0.0,0.0,0.0,0.0,0,50,0.0,0,22,Max,Alleyne,Alleyne,2,15,494307,Man City,MCI,4,5,0,0,0,0
395,2026/27,2,0,0,0,0,0,0,0,0,0,0,0,0,0,0.0,0.0,0.0,0.0,0,44,0.2,450,1577,Rico,Lewis,Lewis,2,15,477064,Man City,MCI,4,5,0,0,0,0
396,2026/27,2,1,0,0,0,0,0,0,0,0,0,0,0,3,1.2,0.9,0.0,0.2,1,45,0.0,92,188,Vitor,de Oliveira Nunes dos Reis,Vitor Reis,2,15,616222,Man City,MCI,4,5,0,0,0,0
397,2026/27,2,90,0,1,0,1,0,0,0,0,0,0,0,33,29.2,43.0,40.0,11.2,5,84,14.3,139185,165438,Antoine,Semenyo,Semenyo,3,15,437730,Man City,MCI,4,5,0,0,0,0
398,2026/27,2,90,0,2,0,1,0,0,0,0,0,0,1,38,42.8,45.8,17.0,10.6,9,69,1.7,266,40361,Phil,Foden,Foden,3,15,209244,Man City,MCI,4,5,0,0,0,0
399,2026/27,2,81,2,0,0,1,0,0,0,1,0,0,3,60,74.8,47.8,49.0,17.2,14,78,28.6,206255,149301,Rayan,Cherki,Cherki,3,15,466052,Man City,MCI,4,5,0,0,0,0
400,2026/27,2,0,0,0,0,0,0,0,0,0,0,0,0,0,0.0,0.0,0.0,0.0,0,74,0.7,7460,2924,Jérémy,Doku,Doku,3,15,248875,Man City,MCI,4,5,0,0,0,0
401,2026/27,2,90,0,0,0,2,0,0,0,0,0,0,0,14,9.2,35.1,28.0,7.2,2,70,2.2,21869,31034,Omar,Marmoush,Marmoush,4,19,438234,Spurs,TOT,2,3,0,0,0,0
402,2026/27,2,0,0,0,0,0,0,0,0,0,0,0,0,0,0.0,0.0,0.0,0.0,0,65,0.0,0,30,Rodrigo 'Rodri',Hernandez Cascante,Rodrigo,3,15,220566,Man City,MCI,4,5,0,0,0,0
403,2026/27,2,0,0,0,0,0,0,0,0,0,0,0,0,0,0.0,0.0,0.0,0.0,0,65,0.6,5026,10818,Sávio,Moreira de Oliveira,Sávio,3,19,510281,Spurs,TOT,2,3,0,0,0,0
404,2026/27,2,0,0,0,0,0,0,0,0,0,0,0,0,0,0.0,0.0,0.0,0.0,0,60,0.0,0,122,Tijjani,Reijnders,Reijnders,3,15,433036,Man City,MCI,4,5,0,0,0,0
405,2026/27,2,70,0,0,1,0,0,0,0,1,0,0,0,9,7.2,29.5,0.0,3.7,2,55,0.2,1079,2185,Nico,González Iglesias,N.Gonzalez,3,17,465694,Newcastle,NEW,3,3,0,0,0,0
406,2026/27,2,15,0,0,0,0,0,0,0,0,0,0,0,9,2.0,3.1,0.0,0.5,1,53,0.1,143,571,Mateo,Kovačić,Kovačić,3,15,91651,Man City,MCI,4,5,0,0,0,0
407,2026/27,2,0,0,0,0,0,0,0,0,0,0,0,0,0,0.0,0.0,0.0,0.0,0,49,0.0,0,68,Claudio,Echeverri,Echeverri,3,15,575204,Man City,MCI,4,5,0,0,0,0
408,2026/27,2,0,0,0,0,0,0,0,0,0,0,0,0,0,0.0,0.0,0.0,0.0,0,50,0.0,0,18,Kalvin,Phillips,Phillips,3,15,155405,Man City,MCI,4,5,0,0,0,0
409,2026/27,2,0,0,0,0,0,0,0,0,0,0,0,0,0,0.0,0.0,0.0,0.0,0,45,0.1,0,829,Divine,Mukasa,Mukasa,3,15,590039,Man City,MCI,4,5,0,0,0,0
410,2026/27,2,0,0,0,0,0,0,0,0,0,0,0,0,0,0.0,0.0,0.0,0.0,0,49,0.0,0,70,Jeremy,Monga,Monga,3,15,649208,Man City,MCI,4,5,0,0,0,0
411,2026/27,2,90,2,0,0,1,0,0,0,0,0,0,3,60,69.0,0.1,51.0,12.0,13,156,74.1,126550,38782,Erling,Haaland,Haaland,4,15,223094,Man City,MCI,4,5,0,0,0,0
412,2026/27,2,90,0,0,0,2,0,0,0,0,0,3,0,11,27.0,0.0,0.0,2.7,2,49,9.6,10677,77516,Senne,Lammens,Lammens,1,16,465247,Man Utd,MUN,4,4,0,0,0,0
413,2026/27,2,0,0,0,0,0,0,0,0,0,0,0,0,0,0.0,0.0,0.0,0.0,0,45,0.0,0,60,Altay,Bayındır,Bayindir,1,16,451302,Man Utd,MUN,4,4,0,0,0,0
414,2026/27,2,0,0,0,0,0,0,0,0,0,0,0,0,0,0.0,0.0,0.0,0.0,0,40,0.1,298,406,Tom,Heaton,Heaton,1,16,21205,Man Utd,MUN,4,4,0,0,0,0
415,2026/27,2,10,0,0,0,1,0,0,0,0,0,0,0,4,7.0,11.7,39.0,5.8,1,58,0.5,1068,7139,Patrick,Dorgu,Dorgu,3,16,596777,Man Utd,MUN,4,4,0,0,0,0
416,2026/27,2,0,0,0,0,0,0,0,0,0,0,0,0,0,0.0,0.0,0.0,0.0,0,49,0.0,103,165,Matthijs,de Ligt,De Ligt,2,16,209365,Man Utd,MUN,4,4,0,0,0,0
417,2026/27,2,73,0,0,0,1,0,0,0,0,0,0,0,12,16.4,42.2,33.0,9.2,2,49,1.6,2643,11423,Diogo,Dalot Teixeira,Dalot,2,16,216051,Man Utd,MUN,4,4,0,0,0,0
418,2026/27,2,90,0,1,0,2,0,0,0,0,0,0,0,13,7.2,1.5,6.0,1.5,4,48,8.3,8320,111897,Harry,Maguire,Maguire,2,16,95658,Man Utd,MUN,4,4,0,0,0,0
419,2026/27,2,90,0,0,0,2,0,0,0,0,0,0,0,2,4.8,1.8,3.0,1.0,1,49,1.3,5165,8322,Lisandro,Martínez,Martinez,2,16,221820,Man Utd,MUN,4,4,0,0,0,0
420,2026/27,2,16,0,0,0,1,0,0,0,0,0,0,0,-2,1.8,1.8,0.0,0.4,1,48,0.5,749,2740,Leny,Yoro,Yoro,2,16,550864,Man Utd,MUN,4,4,0,0,0,0
421,2026/27,2,0,0,0,0,0,0,0,0,0,0,0,0,0,0.0,0.0,0.0,0.0,0,43,0.3,352,2009,Ayden,Heaven,Heaven,2,16,606745,Man Utd,MUN,4,4,0,0,0,0
422,2026/27,2,17,0,0,0,1,0,0,0,0,0,0,0,-1,1.4,1.3,0.0,0.3,1,44,0.5,623,4754,Noussair,Mazraoui,Mazraoui,2,16,230001,Man Utd,MUN,4,4,0,0,0,0
423,2026/27,2,72,0,0,0,1,0,0,0,0,0,0,0,12,18.4,1.6,4.0,2.4,2,43,7.4,7907,111688,Luke,Shaw,Shaw,2,16,106760,Man Utd,MUN,4,4,0,0,0,0
424,2026/27,2,0,0,0,0,0,0,0,0,0,0,0,0,0,0.0,0.0,0.0,0.0,0,40,0.2,578,1112,Harry,Amass,Amass,2,16,577974,Man Utd,MUN,4,4,0,0,0,0
425,2026/27,2,0,0,0,0,0,0,0,0,0,0,0,0,0,0.0,0.0,0.0,0.0,0,40,0.0,0,65,Tyler,Fredricson,Fredricson,2,16,547676,Man Utd,MUN,4,4,0,0,0,0
426,2026/27,2,90,3,1,0,2,0,0,0,0,0,0,3,87,132.4,62.5,66.0,26.1,23,119,38.1,85112,287915,Bruno,Borges Fernandes,B.Fernandes,3,16,141746,Man Utd,MUN,4,4,0,0,0,0
427,2026/27,2,90,1,1,0,2,0,0,0,1,0,0,2,37,45.6,43.3,35.0,12.4,11,79,20.3,80859,200784,Bryan,Mbeumo,Mbeumo,3,16,446008,Man Utd,MUN,4,4,0,0,0,0
428,2026/27,2,79,0,2,0,1,0,0,0,0,0,0,1,31,20.0,27.6,28.0,7.6,9,79,5.9,43492,32591,Matheus,Santos Carneiro da Cunha,Cunha,3,16,430871,Man Utd,MUN,4,4,0,0,0,0
429,2026/27,2,79,0,0,0,1,0,0,0,0,0,0,0,17,16.0,34.3,58.0,10.8,2,69,1.4,4807,25821,Marcus,Rashford,Rashford,3,16,176297,Man Utd,MUN,4,4,0,0,0,0
430,2026/27,2,0,0,0,0,0,0,0,0,0,0,0,0,0,0.0,0.0,0.0,0.0,0,54,0.0,235,246,Mason,Mount,Mount,3,16,184341,Man Utd,MUN,4,4,0,0,0,0
431,2026/27,2,0,0,0,0,0,0,0,0,0,0,0,0,0,0.0,0.0,0.0,0.0,0,57,0.3,212,2617,Amad,Diallo,Amad,3,16,493250,Man Utd,MUN,4,4,0,0,0,0
432,2026/27,2,79,0,0,0,1,0,0,0,0,0,0,0,25,15.2,7.2,9.0,3.1,4,55,1.5,8917,22528,Kobbie,Mainoo,Mainoo,3,16,516895,Man Utd,MUN,4,4,0,0,0,0
433,2026/27,2,0,0,0,0,0,0,0,0,0,0,0,0,0,0.0,0.0,0.0,0.0,0,50,0.0,30,31,Manuel,Ugarte Ribeiro,Ugarte,3,16,232112,Man Utd,MUN,4,4,0,0,0,0
434,2026/27,2,0,0,0,0,0,0,0,0,0,0,0,0,0,0.0,0.0,0.0,0.0,0,49,0.0,57,80,Jack,Fletcher,J.Fletcher,3,16,547037,Man Utd,MUN,4,4,0,0,0,0
435,2026/27,2,0,0,0,0,0,0,0,0,0,0,0,0,0,0.0,0.0,0.0,0.0,0,49,0.1,461,474,Shea,Lacey,Lacey,3,16,576628,Man Utd,MUN,4,4,0,0,0,0
436,2026/27,2,0,0,0,0,0,0,0,0,0,0,0,0,0,0.0,0.0,0.0,0.0,0,50,0.0,0,55,Toby,Collyer,Collyer,3,16,490881,Man Utd,MUN,4,4,0,0,0,0
437,2026/27,2,0,0,0,0,0,0,0,0,0,0,0,0,0,0.0,0.0,0.0,0.0,0,44,0.2,678,1187,Bendito,Mantato,Bendito Mantato,3,16,576620,Man Utd,MUN,4,4,0,0,0,0
438,2026/27,2,0,0,0,0,0,0,0,0,0,0,0,0,0,0.0,0.0,0.0,0.0,0,44,0.3,2865,2751,Tyler,Fletcher,Fletcher,3,16,519913,Man Utd,MUN,4,4,0,0,0,0
439,2026/27,2,10,0,0,0,1,0,0,0,0,0,0,0,5,2.2,10.5,2.0,1.5,1,70,1.5,7126,33153,Benjamin,Sesko,Šeško,4,16,485711,Man Utd,MUN,4,4,0,0,0,0
440,2026/27,2,0,0,0,0,0,0,0,0,0,0,0,0,0,0.0,0.0,0.0,0.0,0,53,0.4,2863,3998,Joshua,Zirkzee,Zirkzee,4,16,458249,Man Utd,MUN,4,4,0,0,0,0
441,2026/27,2,0,0,0,0,0,0,0,0,0,0,0,0,0,0.0,0.0,0.0,0.0,0,45,0.9,0,14099,Chido,Obi,Obi,4,16,596047,Man Utd,MUN,4,4,0,0,0,0
442,2026/27,2,0,0,0,0,0,0,0,0,0,0,0,0,0,0.0,0.0,0.0,0.0,0,49,0.9,1274,4132,Nick,Pope,Pope,1,17,98747,Newcastle,NEW,3,3,0,0,0,0
443,2026/27,2,0,0,0,0,0,0,0,0,0,0,0,0,0,0.0,0.0,0.0,0.0,0,45,0.0,68,127,Mark,Gillespie,Gillespie,1,17,81441,Newcastle,NEW,3,3,0,0,0,0
444,2026/27,2,0,0,0,0,0,0,0,0,0,0,0,0,0,0.0,0.0,0.0,0.0,0,44,0.0,29,185,Ewen,Jaouen,Jaouen,1,17,554578,Newcastle,NEW,3,3,0,0,0,0
445,2026/27,2,90,0,0,1,0,0,0,0,0,0,0,0,25,6.8,1.5,0.0,0.8,6,50,2.2,16015,16209,Malick,Thiaw,Thiaw,2,17,465642,Newcastle,NEW,3,3,0,0,0,0
446,2026/27,2,0,0,0,0,0,0,0,0,0,0,0,0,0,0.0,0.0,0.0,0.0,0,49,0.2,1020,1209,Fabian,Schär,Schär,2,17,119471,Newcastle,NEW,3,3,0,0,0,0
447,2026/27,2,90,0,0,1,0,0,0,0,1,0,0,0,22,11.2,1.8,2.0,1.5,5,50,0.7,8227,4704,Sven,Botman,Botman,2,17,220237,Newcastle,NEW,3,3,0,0,0,0
448,2026/27,2,0,0,0,0,0,0,0,0,0,0,0,0,0,0.0,0.0,0.0,0.0,0,48,0.7,148,8053,Dan,Burn,Burn,2,17,78916,Newcastle,NEW,3,3,0,0,0,0
449,2026/27,2,90,0,0,1,0,0,0,0,0,0,0,3,52,39.0,27.3,4.0,7.0,11,53,19.0,423797,39605,Lewis,Hall,Hall,2,17,487838,Newcastle,NEW,3,3,0,0,0,0
450,2026/27,2,0,0,0,0,0,0,0,0,0,0,0,0,0,0.0,0.0,0.0,0.0,0,49,0.1,520,2465,Tino,Livramento,Livramento,2,17,441191,Newcastle,NEW,3,3,0,0,0,0
451,2026/27,2,0,0,0,0,0,0,0,0,0,0,0,0,0,0.0,0.0,0.0,0.0,0,40,0.1,0,407,Alex,Murphy,A.Murphy,2,17,545477,Newcastle,NEW,3,3,0,0,0,0
452,2026/27,2,19,0,0,0,0,0,0,0,0,0,0,0,4,1.4,0.8,2.0,0.4,1,67,1.8,10851,10821,Bruno,Guimarães Rodriguez Moura,Bruno G.,3,1,208706,Arsenal,ARS,4,5,0,0,0,0
453,2026/27,2,90,0,0,1,0,0,0,0,0,0,0,0,9,7.2,22.1,7.0,3.6,3,61,6.8,288408,46752,Harvey,Barnes,Barnes,3,17,201666,Newcastle,NEW,3,3,0,0,0,0
454,2026/27,2,81,1,0,1,0,0,0,0,0,0,0,0,32,36.8,15.3,29.0,8.1,8,61,4.0,413,224218,Anthony,Elanga,Elanga,3,17,449434,Newcastle,NEW,3,3,0,0,0,0
455,2026/27,2,74,0,0,0,2,0,0,0,0,0,0,0,16,5.0,26.3,4.0,3.5,2,53,1.8,3457,22414,Sandro,Tonali,Tonali,3,19,432422,Spurs,TOT,2,3,0,0,0,0
456,2026/27,2,8,0,0,0,0,0,0,0,0,0,0,0,3,0.2,4.2,0.0,0.4,1,48,0.2,94,6530,Jacob,Ramsey,J.Ramsey,3,17,232653,Newcastle,NEW,3,3,0,0,0,0
457,2026/27,2,8,0,0,0,0,0,0,0,0,0,0,0,3,2.2,3.1,2.0,0.7,1,59,0.1,1415,1194,Jacob,Murphy,J.Murphy,3,17,114243,Newcastle,NEW,3,3,0,0,0,0
458,2026/27,2,0,0,0,0,0,0,0,0,0,0,0,0,0,0.0,0.0,0.0,0.0,0,54,0.0,32,113,Joelinton Cássio,Apolinário de Lira,Joelinton,3,17,180974,Newcastle,NEW,3,3,0,0,0,0
459,2026/27,2,90,0,0,1,0,0,0,0,0,0,0,0,16,11.2,14.7,0.0,2.6,3,55,0.1,508,1041,Lewis,Miley,L.Miley,3,17,547719,Newcastle,NEW,3,3,0,0,0,0
460,2026/27,2,70,0,0,1,0,0,0,0,0,0,0,0,0,0.0,4.3,8.0,0.5,3,50,0.6,15350,4747,Joe,Willock,Willock,3,17,200089,Newcastle,NEW,3,3,0,0,0,0
461,2026/27,2,1,0,0,0,0,0,0,0,0,0,0,0,3,0.0,0.0,0.0,0.0,1,58,0.1,506,1261,Bazoumana,Touré,Touré,3,17,611665,Newcastle,NEW,3,3,0,0,0,0
462,2026/27,2,19,0,0,0,0,0,0,0,0,0,0,0,4,5.0,0.0,0.0,0.5,1,49,0.1,398,595,Sean,Steur,Steur,3,17,636852,Newcastle,NEW,3,3,0,0,0,0
463,2026/27,2,19,0,1,0,0,0,0,0,0,0,0,0,18,18.2,10.5,11.0,4.0,4,59,0.5,0,4645,Nick,Woltemade,Woltemade,4,17,470313,Newcastle,NEW,3,3,0,0,0,0
464,2026/27,2,81,1,0,1,0,0,0,0,0,0,0,2,37,35.6,10.3,46.0,9.2,8,62,19.0,171884,200949,Yoane,Wissa,Wissa,4,17,216646,Newcastle,NEW,3,3,0,0,0,0
465,2026/27,2,0,0,0,0,0,0,0,0,0,0,0,0,0,0.0,0.0,0.0,0.0,0,58,0.3,224,3261,William,Osula,Osula,4,17,538207,Newcastle,NEW,3,3,0,0,0,0
466,2026/27,2,0,0,0,0,0,0,0,0,0,0,0,0,0,0.0,0.0,0.0,0.0,0,45,0.5,0,5245,Sean,Neave,Neave,4,17,599303,Newcastle,NEW,3,3,0,0,0,0
467,2026/27,2,90,0,0,0,2,0,0,0,0,0,2,0,6,16.6,0.0,0.0,1.7,1,50,1.5,3111,10114,Matz,Sels,Sels,1,18,85633,Nott'm Forest,NFO,3,3,0,0,0,0
468,2026/27,2,0,0,0,0,0,0,0,0,0,0,0,0,0,0.0,0.0,0.0,0.0,0,45,0.1,83,206,John Victor,Maciel Furtado,John,1,18,221389,Nott'm Forest,NFO,3,3,0,0,0,0
469,2026/27,2,90,0,1,0,2,0,0,0,0,0,0,0,16,34.4,25.3,6.0,6.6,6,50,8.4,17897,82178,Neco,Williams,N.Williams,2,18,215136,Nott'm Forest,NFO,3,3,0,0,0,0
470,2026/27,2,0,0,0,0,0,0,0,0,0,0,0,0,0,0.0,0.0,0.0,0.0,0,50,0.0,0,159,Felipe,Rodrigues da Silva,Morato,2,18,485047,Nott'm Forest,NFO,3,3,0,0,0,0
471,2026/27,2,90,0,0,0,2,0,0,0,0,0,0,0,3,17.0,0.0,0.0,1.7,3,54,0.9,98,17300,Nikola,Milenković,Milenković,2,18,227444,Nott'm Forest,NFO,3,3,0,0,0,0
472,2026/27,2,90,0,0,0,2,0,0,0,0,0,0,0,2,11.2,0.3,8.0,2.0,1,55,2.2,15645,12673,Murillo,Costa dos Santos,Murillo,2,18,575476,Nott'm Forest,NFO,3,3,0,0,0,0
473,2026/27,2,85,0,0,0,2,0,0,0,1,0,0,0,2,11.8,15.5,4.0,3.1,0,44,2.3,1738,31471,Ola,Aina,Aina,2,18,159506,Nott'm Forest,NFO,3,3,0,0,0,0
474,2026/27,2,90,0,0,0,2,0,0,0,0,0,0,0,6,14.6,0.4,0.0,1.5,1,45,0.2,459,933,Jair,Paula da Cunha Filho,Jair Cunha,2,18,575458,Nott'm Forest,NFO,3,3,0,0,0,0
475,2026/27,2,0,0,0,0,0,0,0,0,0,0,0,0,0,0.0,0.0,0.0,0.0,0,45,0.0,26,31,Nicolò,Savona,Savona,2,18,500151,Nott'm Forest,NFO,3,3,0,0,0,0
476,2026/27,2,0,0,0,0,0,0,0,0,0,0,0,0,0,0.0,0.0,0.0,0.0,0,40,0.2,407,1053,Omar,Richards,O.Richards,2,18,204822,Nott'm Forest,NFO,3,3,0,0,0,0
477,2026/27,2,0,0,0,0,0,0,0,0,0,0,0,0,0,0.0,0.0,0.0,0.0,0,40,0.1,0,1242,Zach,Abbott,Abbott,2,18,549067,Nott'm Forest,NFO,3,3,0,0,0,0
478,2026/27,2,4,0,0,0,0,0,0,0,0,0,0,0,5,2.0,0.0,0.0,0.2,1,44,0.0,78,163,Luca,Netz,Netz,2,18,470315,Nott'm Forest,NFO,3,3,0,0,0,0
479,2026/27,2,0,0,0,0,0,0,0,0,0,0,0,0,0,0.0,0.0,0.0,0.0,0,40,0.1,0,795,Tyler,Bindon,Bindon,2,18,538638,Nott'm Forest,NFO,3,3,0,0,0,0
480,2026/27,2,90,1,1,0,2,0,0,0,0,0,0,3,36,56.4,12.5,17.0,8.6,13,80,15.8,125128,137475,Morgan,Gibbs-White,Gibbs-White,3,18,222531,Nott'm Forest,NFO,3,3,0,0,0,0
481,2026/27,2,81,0,0,0,1,0,0,0,1,0,0,0,25,25.0,20.2,13.0,5.8,3,63,3.9,11619,39879,Elliot,Anderson,Anderson,3,15,215379,Man City,MCI,4,5,0,0,0,0
482,2026/27,2,1,0,0,0,0,0,0,0,0,0,0,0,2,0.0,0.3,0.0,0.0,1,58,0.1,422,1536,Callum,Hudson-Odoi,Hudson-Odoi,3,18,209046,Nott'm Forest,NFO,3,3,0,0,0,0
483,2026/27,2,65,1,0,0,1,0,0,0,0,0,0,2,30,35.8,23.0,36.0,9.5,9,55,0.7,1347,12198,Dan,Ndoye,Ndoye,3,18,456512,Nott'm Forest,NFO,3,3,0,0,0,0
484,2026/27,2,0,0,0,0,0,0,0,0,0,0,0,0,0,0.0,0.0,0.0,0.0,0,54,0.1,0,508,Omari,Hutchinson,Hutchinson,3,18,503301,Nott'm Forest,NFO,3,3,0,0,0,0
485,2026/27,2,0,0,0,0,0,0,0,0,0,0,0,0,0,0.0,0.0,0.0,0.0,0,55,0.0,0,44,Dilane,Bakwa,Bakwa,3,18,476887,Nott'm Forest,NFO,3,3,0,0,0,0
486,2026/27,2,90,0,0,0,2,0,0,0,0,0,0,0,16,8.2,18.5,0.0,2.7,2,55,0.1,542,1313,James,McAtee,McAtee,3,18,432714,Nott'm Forest,NFO,3,3,0,0,0,0
487,2026/27,2,1,0,0,0,0,0,0,0,0,0,0,0,3,0.2,0.0,0.0,0.0,1,49,0.1,78,404,Nicolás,Domínguez,Dominguez,3,18,250199,Nott'm Forest,NFO,3,3,0,0,0,0
488,2026/27,2,0,0,0,0,0,0,0,0,0,0,0,0,0,0.0,0.0,0.0,0.0,0,48,0.4,574,5277,Ibrahim,Sangaré,I.Sangaré,3,18,210462,Nott'm Forest,NFO,3,3,0,0,0,0
489,2026/27,2,0,0,0,0,0,0,0,0,0,0,0,0,0,0.0,0.0,0.0,0.0,0,44,1.1,1161,10206,Ryan,Yates,Yates,3,18,204968,Nott'm Forest,NFO,3,3,0,0,0,0
490,2026/27,2,0,0,0,0,0,0,0,0,0,0,0,0,0,0.0,0.0,0.0,0.0,0,58,0.9,3186,8614,Chris,Wood,Wood,4,18,60689,Nott'm Forest,NFO,3,3,0,0,0,0
491,2026/27,2,90,0,0,0,2,0,0,0,1,0,0,0,4,8.6,13.3,38.0,6.0,1,58,2.5,13007,38070,Igor Jesus,Maciel da Cruz,Igor Jesus,4,18,482973,Nott'm Forest,NFO,3,3,0,0,0,0
492,2026/27,2,90,0,0,0,1,0,0,0,0,0,0,0,6,10.0,23.6,65.0,9.9,2,54,0.4,108,7474,Taiwo,Awoniyi,Awoniyi,4,7,210156,Coventry City,COV,2,2,0,0,0,0
493,2026/27,2,0,0,0,0,0,0,0,0,0,0,0,0,0,0.0,0.0,0.0,0.0,0,54,0.0,294,529,Arnaud,Kalimuendo,Kalimuendo,4,18,465680,Nott'm Forest,NFO,3,3,0,0,0,0
494,2026/27,2,0,0,0,0,0,0,0,0,0,0,0,0,0,0.0,0.0,0.0,0.0,0,45,0.1,0,946,Guglielmo,Vicario,Vicario,1,19,184254,Spurs,TOT,2,3,0,0,0,0
495,2026/27,2,0,0,0,0,0,0,0,0,0,0,0,0,0,0.0,0.0,0.0,0.0,0,40,1.0,3011,3157,Brandon,Austin,Austin,1,19,214572,Spurs,TOT,2,3,0,0,0,0
496,2026/27,2,90,0,0,0,2,0,0,0,0,0,0,0,4,3.8,0.0,0.0,0.4,1,45,16.6,30730,185456,Antonín,Kinský,Kinsky,1,19,485055,Spurs,TOT,2,3,0,0,0,0
497,2026/27,2,0,0,0,0,0,0,0,0,0,0,0,0,0,0.0,0.0,0.0,0.0,0,40,17.0,52232,77761,Martin,Dubravka,Dubravka,1,19,67089,Spurs,TOT,2,3,0,0,0,0
498,2026/27,2,0,0,0,0,0,0,0,0,0,0,0,0,0,0.0,0.0,0.0,0.0,0,58,3.4,1736,29812,Marcos,Senesi Barón,Senesi,2,19,221466,Spurs,TOT,2,3,0,0,0,0
499,2026/27,2,90,0,0,0,2,0,0,0,0,0,0,0,1,9.4,7.9,21.0,3.8,1,54,7.1,1941,120269,Pedro,Porro Sauceda,Pedro Porro,2,19,441164,Spurs,TOT,2,3,0,0,0,0
500,2026/27,2,0,0,0,0,0,0,0,0,0,0,0,0,0,0.0,0.0,0.0,0.0,0,50,0.1,0,357,Cristian,Romero,Romero,2,19,221632,Spurs,TOT,2,3,0,0,0,0
501,2026/27,2,0,0,0,0,0,0,0,0,0,0,0,0,0,0.0,0.0,0.0,0.0,0,50,0.2,1702,1083,Kevin,Danso,Danso,2,20,135720,Sunderland,SUN,3,3,0,0,0,0
502,2026/27,2,67,0,0,0,1,0,0,0,0,0,0,0,7,11.2,16.8,25.0,5.3,2,44,2.5,10751,23120,Andrew,Robertson,Robertson,2,19,122798,Spurs,TOT,2,3,0,0,0,0
503,2026/27,2,90,0,0,0,2,0,0,0,1,0,0,0,5,15.2,2.1,0.0,1.7,0,50,3.8,10504,29130,Micky,van de Ven,Van de Ven,2,19,491279,Spurs,TOT,2,3,0,0,0,0
504,2026/27,2,90,0,0,0,4,0,0,0,0,0,0,0,-2,22.8,8.3,5.0,3.6,0,50,4.0,99118,25279,Luka,Vušković,Vuskovic,2,5,610799,Brighton,BHA,3,4,0,0,0,0
505,2026/27,2,0,0,0,0,0,0,0,0,0,0,0,0,0,0.0,0.0,0.0,0.0,0,45,0.2,0,1495,Djed,Spence,Spence,2,19,232859,Spurs,TOT,2,3,0,0,0,0
506,2026/27,2,22,0,0,0,1,0,0,0,0,0,0,0,2,5.2,11.5,2.0,1.9,1,44,0.3,493,2252,Destiny,Udogie,Udogie,2,19,487053,Spurs,TOT,2,3,0,0,0,0
507,2026/27,2,0,0,0,0,0,0,0,0,0,0,0,0,0,0.0,0.0,0.0,0.0,0,45,0.0,0,68,Ashley,Phillips,Phillips,2,19,548308,Spurs,TOT,2,3,0,0,0,0
508,2026/27,2,0,0,0,0,0,0,0,0,0,0,0,0,0,0.0,0.0,0.0,0.0,0,39,0.9,10629,6032,Ben,Davies,Davies,2,19,115556,Spurs,TOT,2,3,0,0,0,0
509,2026/27,2,0,0,0,0,0,0,0,0,0,0,0,0,0,0.0,0.0,0.0,0.0,0,40,0.1,175,336,Jun'ai,Byfield,Byfield,2,19,640419,Spurs,TOT,2,3,0,0,0,0
510,2026/27,2,0,0,0,0,0,0,0,0,0,0,0,0,0,0.0,0.0,0.0,0.0,0,40,0.1,219,462,James,Rowswell,Rowswell,2,19,499716,Spurs,TOT,2,3,0,0,0,0
511,2026/27,2,0,0,0,0,0,0,0,0,0,0,0,0,0,0.0,0.0,0.0,0.0,0,40,0.2,0,1301,João Victor,de Souza Menezes,Souza,2,19,616221,Spurs,TOT,2,3,0,0,0,0
512,2026/27,2,22,0,0,0,1,0,0,0,0,0,0,0,4,1.2,3.3,11.0,1.6,1,65,0.2,3845,1846,Mohammed,Kudus,Kudus,3,19,460842,Spurs,TOT,2,3,0,0,0,0
513,2026/27,2,0,0,0,0,0,0,0,0,0,0,0,0,0,0.0,0.0,0.0,0.0,0,59,0.0,68,94,Xavi,Simons,Xavi,3,19,493362,Spurs,TOT,2,3,0,0,0,0
514,2026/27,2,67,0,0,0,1,0,0,0,0,0,0,0,10,3.8,3.3,34.0,4.1,2,57,0.2,307,2867,Mathys,Tel,Tel,3,19,511499,Spurs,TOT,2,3,0,0,0,0
515,2026/27,2,0,0,0,0,0,0,0,0,0,0,0,0,0,0.0,0.0,0.0,0.0,0,63,0.4,1181,2814,James,Maddison,Maddison,3,19,172780,Spurs,TOT,2,3,0,0,0,0
516,2026/27,2,90,0,0,0,2,0,0,0,0,0,0,0,17,15.4,7.1,0.0,2.3,2,55,0.2,609,1289,Rodrigo,Bentancur,Bentancur,3,19,202993,Spurs,TOT,2,3,0,0,0,0
517,2026/27,2,0,0,0,0,0,0,0,0,0,0,0,0,0,0.0,0.0,0.0,0.0,0,55,0.0,45,21,Wilson,Odobert,Odobert,3,19,550839,Spurs,TOT,2,3,0,0,0,0
518,2026/27,2,0,0,0,0,0,0,0,0,0,0,0,0,0,0.0,0.0,0.0,0.0,0,49,0.1,0,945,Pape Matar,Sarr,P.M.Sarr,3,19,482442,Spurs,TOT,2,3,0,0,0,0
519,2026/27,2,0,0,0,0,0,0,0,0,0,0,0,0,0,0.0,0.0,0.0,0.0,0,53,0.2,1066,1063,Conor,Gallagher,Gallagher,3,19,232787,Spurs,TOT,2,3,0,0,0,0
520,2026/27,2,0,0,0,0,0,0,0,0,0,0,0,0,0,0.0,0.0,0.0,0.0,0,53,0.1,143,843,Lucas,Bergvall,Bergvall,3,19,570526,Spurs,TOT,2,3,0,0,0,0
521,2026/27,2,0,0,0,0,0,0,0,0,0,0,0,0,0,0.0,0.0,0.0,0.0,0,65,0.0,150,101,Dejan,Kulusevski,Kulusevski,3,19,445044,Spurs,TOT,2,3,0,0,0,0
522,2026/27,2,67,0,0,0,1,0,0,0,0,0,0,0,9,1.8,1.5,0.0,0.3,2,49,0.2,642,1653,Archie,Gray,Gray,3,19,547701,Spurs,TOT,2,3,0,0,0,0
523,2026/27,2,22,0,0,0,1,0,0,0,0,0,0,0,1,0.0,0.4,1.0,0.0,1,50,0.1,0,810,Mikey,Moore,Moore,3,19,499721,Spurs,TOT,2,3,0,0,0,0
524,2026/27,2,0,0,0,0,0,0,0,0,0,0,0,0,0,0.0,0.0,0.0,0.0,0,44,1.0,6555,9506,Callum,Olusesi,Olusesi,3,19,499726,Spurs,TOT,2,3,0,0,0,0
525,2026/27,2,90,0,0,0,2,0,0,0,0,0,0,0,18,14.0,46.3,1.0,6.1,2,57,0.7,715,9522,Mateus,Fernandes,Fernandes,3,19,551226,Spurs,TOT,2,3,0,0,0,0
526,2026/27,2,15,0,0,0,0,0,0,0,0,0,0,0,6,3.2,0.3,6.0,1.0,1,58,0.8,3228,8178,Dominic,Solanke-Mitchell,Solanke,4,19,154566,Spurs,TOT,2,3,0,0,0,0
527,2026/27,2,0,0,0,0,0,0,0,0,0,0,0,0,0,0.0,0.0,0.0,0.0,0,59,0.6,0,7888,Richarlison,de Andrade,Richarlison,4,19,212319,Spurs,TOT,2,3,0,0,0,0
528,2026/27,2,0,0,0,0,0,0,0,0,0,0,0,0,0,0.0,0.0,0.0,0.0,0,45,1.1,0,10884,Dane,Scarlett,Scarlett,4,19,490145,Spurs,TOT,2,3,0,0,0,0
529,2026/27,2,90,0,0,1,0,0,0,0,0,0,0,0,22,4.0,0.0,0.0,0.4,6,49,2.4,2918,19086,Robin,Roefs,Roefs,1,20,498016,Sunderland,SUN,3,3,0,0,0,0
530,2026/27,2,0,0,0,0,0,0,0,0,0,0,0,0,0,0.0,0.0,0.0,0.0,0,40,0.1,0,505,Anthony,Patterson,Patterson,1,20,232571,Sunderland,SUN,3,3,0,0,0,0
531,2026/27,2,0,0,0,0,0,0,0,0,0,0,0,0,0,0.0,0.0,0.0,0.0,0,44,0.1,204,361,Melker,Ellborg,Ellborg,1,20,515046,Sunderland,SUN,3,3,0,0,0,0
532,2026/27,2,90,0,0,1,0,0,0,0,0,0,0,0,27,23.6,1.2,7.0,3.2,8,49,2.2,3757,43152,Daniel,Ballard,Ballard,2,20,223827,Sunderland,SUN,3,3,0,0,0,0
533,2026/27,2,90,0,0,1,0,0,0,0,0,0,0,1,28,42.6,8.0,2.0,5.3,9,54,1.9,7588,13128,Nordi,Mukiele,Mukiele,2,20,200834,Sunderland,SUN,3,3,0,0,0,0
534,2026/27,2,90,0,0,1,0,0,0,0,0,0,0,0,24,18.6,19.1,2.0,4.0,6,43,2.6,1748,48488,Trai,Hume,Hume,2,20,487676,Sunderland,SUN,3,3,0,0,0,0
535,2026/27,2,0,0,0,0,0,0,0,0,0,0,0,0,0,0.0,0.0,0.0,0.0,0,48,0.2,392,1602,Omar,Alderete,Alderete,2,20,201895,Sunderland,SUN,3,3,0,0,0,0
536,2026/27,2,90,0,0,1,0,0,0,0,0,0,0,0,26,16.4,6.0,2.0,2.4,6,44,0.2,395,2244,Reinildo,Mandava,Reinildo,2,20,434399,Sunderland,SUN,3,3,0,0,0,0
537,2026/27,2,0,0,0,0,0,0,0,0,0,0,0,0,0,0.0,0.0,0.0,0.0,0,45,0.0,0,33,Jenson,Seelt,Seelt,2,20,519634,Sunderland,SUN,3,3,0,0,0,0
538,2026/27,2,0,0,0,0,0,0,0,0,0,0,0,0,0,0.0,0.0,0.0,0.0,0,40,0.0,0,226,Leo Fuhr,Hjelde,Hjelde,2,20,477547,Sunderland,SUN,3,3,0,0,0,0
539,2026/27,2,0,0,0,0,0,0,0,0,0,0,0,0,0,0.0,0.0,0.0,0.0,0,39,2.5,24708,18907,Luke,O'Nien,O'Nien,2,20,167512,Sunderland,SUN,3,3,0,0,0,0
540,2026/27,2,0,0,0,0,0,0,0,0,0,0,0,0,0,0.0,0.0,0.0,0.0,0,40,0.1,0,846,Arthur,Masuaku,Masuaku,2,20,105717,Sunderland,SUN,3,3,0,0,0,0
541,2026/27,2,90,0,0,1,0,0,0,0,0,0,0,0,27,22.6,20.0,9.0,5.2,6,45,0.3,2691,1529,Thomas,Meunier,Meunier,2,20,93605,Sunderland,SUN,3,3,0,0,0,0
542,2026/27,2,89,0,0,1,0,0,0,0,0,0,0,0,13,3.4,21.2,30.0,5.5,3,57,3.3,17603,39844,Enzo,Le Fée,E.Le Fée,3,20,484420,Sunderland,SUN,3,3,0,0,0,0
543,2026/27,2,18,0,1,0,0,0,0,0,0,0,0,0,15,15.2,10.3,0.0,2.6,4,53,0.0,25,313,Habib,Diarra,Diarra,3,20,547027,Sunderland,SUN,3,3,0,0,0,0
544,2026/27,2,90,0,0,1,0,0,0,0,0,0,0,3,29,20.4,57.9,0.0,7.8,6,55,3.5,8995,34327,Granit,Xhaka,Xhaka,3,20,84450,Sunderland,SUN,3,3,0,0,0,0
545,2026/27,2,90,0,0,1,0,0,0,0,0,0,0,0,21,18.4,7.8,6.0,3.2,3,49,0.2,569,2062,Noah,Sadiki,Sadiki,3,20,577669,Sunderland,SUN,3,3,0,0,0,0
546,2026/27,2,0,0,0,0,0,0,0,0,0,0,0,0,0,0.0,0.0,0.0,0.0,0,49,0.0,0,286,Simon,Adingra,Adingra,3,20,535818,Sunderland,SUN,3,3,0,0,0,0
547,2026/27,2,1,0,0,0,0,0,0,0,0,0,0,0,2,8.0,0.1,17.0,2.5,1,49,0.0,13,65,Romaine,Mundle,Mundle,3,20,461199,Sunderland,SUN,3,3,0,0,0,0
548,2026/27,2,7,0,0,0,0,0,0,0,0,0,0,0,3,0.0,0.0,0.0,0.0,1,49,0.0,50,334,Chris,Rigg,Rigg,3,20,554197,Sunderland,SUN,3,3,0,0,0,0
549,2026/27,2,0,0,0,0,0,0,0,0,0,0,0,0,0,0.0,0.0,0.0,0.0,0,53,0.1,151,779,Chemsdine,Talbi,Talbi,3,20,549912,Sunderland,SUN,3,3,0,0,0,0
550,2026/27,2,0,0,0,0,0,0,0,0,0,0,0,0,0,0.0,0.0,0.0,0.0,0,50,0.0,60,65,Djiamgone Jocelin Ta,Bi,Jocelin.T,3,20,699989,Sunderland,SUN,3,3,0,0,0,0
551,2026/27,2,64,0,0,1,0,0,0,0,0,0,0,0,13,7.2,16.7,0.0,2.4,3,50,0.1,766,1082,Nilson,Angulo,N.Angulo,3,20,536661,Sunderland,SUN,3,3,0,0,0,0
552,2026/27,2,63,0,0,1,0,0,0,0,0,0,0,0,5,0.0,2.8,6.0,0.7,2,57,6.4,203749,108213,Brian,Brobbey,Brobbey,4,20,441264,Sunderland,SUN,3,3,0,0,0,0
553,2026/27,2,26,1,0,0,0,0,0,0,0,0,0,3,29,29.2,0.1,25.0,5.4,8,55,1.3,7867,15663,Wilson,Isidor,Isidor,4,20,437505,Sunderland,SUN,3,3,0,0,0,0
554,2026/27,2,0,0,0,0,0,0,0,0,0,0,0,0,0,0.0,0.0,0.0,0.0,0,45,0.0,0,132,Kayne,van Oevelen,Van Oevelen,1,12,546600,Ipswich Town,IPS,2,2,0,0,0,0
555,2026/27,2,0,0,0,0,0,0,0,0,0,0,0,0,0,0.0,0.0,0.0,0.0,0,40,1.7,1731,4155,Remi,Matthews,Matthews,1,8,169593,Crystal Palace,CRY,2,3,0,0,0,0
556,2026/27,2,0,0,0,0,0,0,0,0,0,0,0,0,0,0.0,0.0,0.0,0.0,0,40,1.6,153,15102,Matt,Targett,Targett,2,11,169359,Hull City,HUL,2,2,0,0,0,0
557,2026/27,2,45,0,0,0,0,0,0,0,1,0,0,0,1,0.0,11.8,4.0,1.6,0,63,10.4,13019,312963,Christos,Tzolis,Tzolis,3,1,439509,Arsenal,ARS,4,5,0,0,0,0
48,2026/27,3,0,0,0,0,0,0,0,0,0,0,0,0,0,0.0,0.0,0.0,0.0,0,49,0.0,71,127,Amadou,Onana,Onana,3,2,449871,Aston Villa,AVL,3,3,0,0,0,0
558,2026/27,2,90,0,0,0,2,0,0,0,0,0,0,0,15,21.2,0.7,7.0,2.9,4,50,0.1,301,1204,Xaver,Schlager,Schlager,3,18,204561,Nott'm Forest,NFO,3,3,0,0,0,0
559,2026/27,2,0,0,0,0,0,0,0,0,0,0,0,0,0,0.0,0.0,0.0,0.0,0,49,0.1,162,689,Aladji,Bamba,Bamba,3,17,632794,Newcastle,NEW,3,3,0,0,0,0
560,2026/27,2,0,0,0,0,0,0,0,0,0,0,0,0,0,0.0,0.0,0.0,0.0,0,44,0.1,295,393,Mike,Penders,Penders,1,6,549939,Chelsea,CHE,4,4,0,0,0,0
561,2026/27,2,0,0,0,0,0,0,0,0,0,0,0,0,0,0.0,0.0,0.0,0.0,0,45,0.0,91,130,Aaron,Anselmino,Anselmino,2,6,622758,Chelsea,CHE,4,4,0,0,0,0
562,2026/27,2,72,0,0,0,4,0,0,0,0,0,0,0,10,8.0,1.4,19.0,2.8,2,53,0.2,208,2308,Daizen,Maeda,Maeda,3,12,442967,Ipswich Town,IPS,2,2,0,0,0,0
563,2026/27,2,45,0,0,0,0,0,0,0,0,0,0,0,6,11.0,13.4,0.0,2.4,1,49,0.0,25,240,Hidemasa,Morita,Morita,3,11,445028,Hull City,HUL,2,2,0,0,0,0
564,2026/27,2,90,0,0,0,5,0,0,0,0,0,6,0,9,46.4,0.0,0.0,4.6,2,45,0.6,1236,3962,Kjell,Scherpen,Scherpen,1,12,240514,Ipswich Town,IPS,2,2,0,0,0,0
565,2026/27,2,90,0,0,0,1,0,0,0,0,0,0,0,16,24.4,25.3,11.0,6.1,4,56,9.3,12128,197839,Mamadou,Sangaré,M.Sangaré,3,4,513545,Brentford,BRE,3,3,0,0,0,0
566,2026/27,2,90,0,0,0,1,0,0,0,0,0,0,0,11,18.6,1.8,13.0,3.3,4,50,0.5,21103,9563,António João,Pereira de Albuquerque Tavares da Silva,Silva,2,3,483067,Bournemouth,BOU,3,3,0,0,0,0
567,2026/27,2,90,0,0,1,0,0,0,0,0,0,4,0,32,34.6,0.0,0.0,3.5,7,50,1.5,11201,8488,Lukás,Hornícek,Horníček,1,17,470551,Newcastle,NEW,3,3,0,0,0,0
568,2026/27,2,8,0,0,0,1,0,0,0,0,0,0,0,1,0.0,0.0,4.0,0.2,1,54,0.1,313,599,Valentín,Barco,Barco,3,6,543158,Chelsea,CHE,4,4,0,0,0,0
569,2026/27,2,90,0,0,0,1,0,0,0,0,0,0,0,2,5.6,2.8,24.0,3.2,2,60,5.4,226755,52355,Gonzalo,García,Gonzalo,4,10,551466,Fulham,FUL,2,3,0,0,0,0
570,2026/27,2,75,0,0,0,1,0,0,0,1,0,0,0,6,3.0,1.3,3.0,0.7,1,54,0.2,1041,1397,César,Palacios,Palacios,3,10,571779,Fulham,FUL,2,3,0,0,0,0
571,2026/27,2,0,0,0,0,0,0,0,0,0,0,0,0,0,0.0,0.0,0.0,0.0,0,48,0.1,156,553,Florentino Ibrain,Morris Luís,Florentino,3,12,216055,Ipswich Town,IPS,2,2,0,0,0,0
572,2026/27,2,90,0,0,1,0,0,0,0,0,0,3,3,32,26.2,0.0,0.0,2.6,10,47,13.1,176216,40182,Konstantinos,Tzolakis,Tzolakis,1,11,473284,Hull City,HUL,2,2,0,0,0,0
573,2026/27,2,0,0,0,0,0,0,0,0,0,0,0,0,0,0.0,0.0,0.0,0.0,0,44,0.2,194,602,Juanlu,Sánchez,Sanchez,2,3,494928,Bournemouth,BOU,3,3,0,0,0,0
574,2026/27,2,0,0,0,0,0,0,0,0,0,0,0,0,0,0.0,0.0,0.0,0.0,0,49,0.1,94,467,Jens,Hjertø-Dahl,Hjertø-Dahl,3,11,552946,Hull City,HUL,2,2,0,0,0,0
575,2026/27,2,70,0,0,1,0,0,0,0,0,0,0,0,17,9.4,16.0,7.0,3.2,3,48,0.1,431,1505,Caleb,Yirenkyi,Yirenkyi,3,7,661888,Coventry City,COV,2,2,0,0,0,0
576,2026/27,2,58,0,0,0,0,0,0,0,1,0,0,0,-2,0.0,4.3,7.0,0.9,0,50,0.1,194,672,Elliot,Stroud,Stroud,3,11,608227,Hull City,HUL,2,2,0,0,0,0
577,2026/27,2,73,0,0,0,3,0,0,0,0,0,0,0,-3,12.6,1.3,2.0,1.6,1,44,0.2,157,2072,Takehiro,Tomiyasu,Tomiyasu,2,8,223723,Crystal Palace,CRY,2,3,0,0,0,0
578,2026/27,2,0,0,0,0,0,0,0,0,0,0,0,0,0,0.0,0.0,0.0,0.0,0,53,0.0,34,714,Mykhailo,Mudryk,Mudryk,3,19,465920,Spurs,TOT,2,3,0,0,0,0
579,2026/27,2,13,0,0,0,0,0,0,0,1,0,0,0,-1,5.8,2.3,0.0,0.8,0,54,3.1,26826,14843,Ronald,Araujo,Araujo,2,14,445087,Liverpool,LIV,4,4,0,0,0,0
580,2026/27,2,22,0,0,0,1,0,0,0,0,0,0,0,2,0.6,2.8,6.0,0.9,1,50,0.1,2081,804,Shea,Charles,Charles,3,10,463210,Fulham,FUL,2,3,0,0,0,0
581,2026/27,2,0,0,0,0,0,0,0,0,0,0,0,0,0,0.0,0.0,0.0,0.0,0,54,0.5,2133,3063,Ousmane,Diomande,Diomande,2,18,568420,Nott'm Forest,NFO,3,3,0,0,0,0
582,2026/27,2,0,0,0,0,0,0,0,0,0,0,0,0,0,0.0,0.0,0.0,0.0,0,54,0.2,547,2729,Brian,Madjo,Madjo,4,2,690838,Aston Villa,AVL,3,3,0,0,0,0
583,2026/27,2,18,0,0,0,1,0,0,0,0,0,0,0,1,6.4,0.3,0.0,0.7,1,49,0.2,783,799,Pep,Chavarría,Chavarria,2,6,498444,Chelsea,CHE,4,4,0,0,0,0
584,2026/27,2,19,0,0,0,1,0,0,0,0,0,0,0,2,0.2,1.5,0.0,0.2,1,54,0.1,68,587,Gustavo,Hamer,Hamer,3,7,196100,Coventry City,COV,2,2,0,0,0,0
585,2026/27,2,31,0,0,0,0,0,0,0,0,0,0,0,3,3.0,0.2,0.0,0.3,1,40,0.6,1387,2439,Lucas,Herrington,Herrington,2,11,597462,Hull City,HUL,2,2,0,0,0,0
586,2026/27,2,58,0,0,0,0,0,0,0,0,0,0,0,9,27.6,0.0,7.0,3.5,1,41,6.2,12424,41043,Nobel,Mendy,Mendy,2,11,606930,Hull City,HUL,2,2,0,0,0,0
587,2026/27,2,0,0,0,0,0,0,0,0,0,0,0,0,0,0.0,0.0,0.0,0.0,0,50,0.0,93,128,Gerónimo,Rulli,Rulli,1,15,106921,Man City,MCI,4,5,0,0,0,0
588,2026/27,2,74,0,0,0,3,0,0,0,1,0,0,0,9,26.4,1.5,3.0,3.1,2,50,0.3,2601,2953,Anan,Khalaili,Khalaili,2,8,570794,Crystal Palace,CRY,2,3,0,0,0,0
589,2026/27,2,45,0,0,0,0,0,0,0,0,0,0,0,6,12.8,0.9,0.0,1.4,1,50,0.0,42,148,Lucas,Gourna-Douath,Gourna-Douath,3,11,469266,Hull City,HUL,2,2,0,0,0,0
590,2026/27,2,0,0,0,0,0,0,0,0,0,0,0,0,0,0.0,0.0,0.0,0.0,0,45,0.1,174,309,Steven,Benda,Benda,1,18,428971,Nott'm Forest,NFO,3,3,0,0,0,0
591,2026/27,2,90,0,1,0,5,0,0,0,0,0,0,0,25,21.8,12.4,21.0,5.5,5,55,0.8,5050,9296,Julio,Enciso,Enciso,3,12,474120,Ipswich Town,IPS,2,2,0,0,0,0
592,2026/27,2,17,0,0,0,1,0,0,0,0,0,0,0,-1,0.6,0.6,0.0,0.1,1,40,0.8,1063,3015,Abdoul,Ouattara,Ouattara,2,12,572584,Ipswich Town,IPS,2,2,0,0,0,0
593,2026/27,2,90,0,1,1,0,0,0,0,0,0,0,2,37,42.6,30.4,0.0,7.3,11,45,1.6,428,57155,Amar,Dedic,Dedić,2,17,463726,Newcastle,NEW,3,3,0,0,0,0
594,2026/27,2,10,0,0,0,0,0,0,0,0,0,0,0,3,0.0,3.7,0.0,0.4,1,59,0.2,4074,2875,Promise,David,David,4,5,538007,Brighton,BHA,3,4,0,0,0,0
595,2026/27,2,22,0,0,0,1,0,0,0,0,0,0,0,3,1.4,1.3,0.0,0.3,1,49,0.0,50,121,Zavier,Gozo,Gozo,3,8,559152,Crystal Palace,CRY,2,3,0,0,0,0
596,2026/27,2,0,0,0,0,0,0,0,0,0,0,0,0,0,0.0,0.0,0.0,0.0,0,45,0.1,1184,550,Matteo,Ruggeri,Ruggeri,2,2,487992,Aston Villa,AVL,3,3,0,0,0,0
597,2026/27,2,90,0,0,0,1,0,0,0,0,0,1,0,8,13.6,0.0,0.0,1.4,2,50,1.9,19399,10350,Zion,Suzuki,Suzuki,1,2,433969,Aston Villa,AVL,3,3,0,0,0,0
598,2026/27,2,56,0,0,0,1,0,0,0,0,0,0,0,9,16.0,1.1,6.0,2.3,1,45,0.1,447,383,Nico,Elvedi,Elvedi,2,13,173774,Leeds,LEE,3,3,0,0,0,0
599,2026/27,2,0,0,0,0,0,0,0,0,0,0,0,0,0,0.0,0.0,0.0,0.0,0,50,0.1,769,1041,Sidiki,Cherif,Cherif,4,7,627221,Coventry City,COV,2,2,0,0,0,0
600,2026/27,2,16,0,0,0,1,0,0,0,0,0,0,0,6,3.0,1.3,2.0,0.6,1,50,0.0,139,161,Ibrahim,Osman,Osman,3,5,612855,Brighton,BHA,3,4,0,0,0,0
601,2026/27,2,0,0,0,0,0,0,0,0,0,0,0,0,0,0.0,0.0,0.0,0.0,0,45,0.1,229,903,Luca,Williams-Barnett,Williams-Barnett,3,19,611917,Spurs,TOT,2,3,0,0,0,0
602,2026/27,2,0,0,0,0,0,0,0,0,0,0,0,0,0,0.0,0.0,0.0,0.0,0,45,0.0,0,278,Cameron,Humphreys,Humphreys,3,12,524180,Ipswich Town,IPS,2,2,0,0,0,0
603,2026/27,2,0,0,0,0,0,0,0,0,0,0,0,0,0,0.0,0.0,0.0,0.0,0,40,0.1,318,634,Jayden,Lienou,Lienou,2,13,643970,Leeds,LEE,3,3,0,0,0,0
604,2026/27,2,0,0,0,0,0,0,0,0,0,0,0,0,0,0.0,0.0,0.0,0.0,0,45,0.1,436,1115,Alfie,Cresswell,Cresswell,3,13,592740,Leeds,LEE,3,3,0,0,0,0
605,2026/27,2,73,1,0,0,3,0,0,0,0,0,0,1,39,50.8,20.1,42.0,11.3,8,45,3.9,38376,48133,Malick,Yalcouyé,Yalcouyé,3,5,611695,Brighton,BHA,3,4,0,0,0,0
606,2026/27,2,0,0,0,0,0,0,0,0,0,0,0,0,0,0.0,0.0,0.0,0.0,0,40,0.2,413,1066,Triston,Rowe,Rowe,2,2,569577,Aston Villa,AVL,3,3,0,0,0,0
607,2026/27,2,0,0,0,0,0,0,0,0,0,0,0,0,0,0.0,0.0,0.0,0.0,0,45,0.1,0,822,Luka,Lynch,Lynch,3,2,571380,Aston Villa,AVL,3,3,0,0,0,0
608,2026/27,2,0,0,0,0,0,0,0,0,0,0,0,0,0,0.0,0.0,0.0,0.0,0,50,0.1,1246,1186,Daniel,Jebbison,Jebbison,4,3,523700,Bournemouth,BOU,3,3,0,0,0,0
609,2026/27,2,0,0,0,0,0,0,0,0,0,0,0,0,0,0.0,0.0,0.0,0.0,0,40,0.2,0,2201,Leo,Shahar,Shahar,2,17,553746,Newcastle,NEW,3,3,0,0,0,0
610,2026/27,2,0,0,0,0,0,0,0,0,0,0,0,0,0,0.0,0.0,0.0,0.0,0,40,0.1,0,579,Luc,De Fougerolles,De Fougerolles,2,10,547686,Fulham,FUL,2,3,0,0,0,0
611,2026/27,2,12,0,0,0,0,0,0,0,0,0,0,0,4,3.6,0.8,0.0,0.4,1,45,0.2,2266,1913,Aaron,Wan-Bissaka,Wan-Bissaka,2,2,214590,Aston Villa,AVL,3,3,0,0,0,0
612,2026/27,2,0,0,0,0,0,0,0,0,0,0,0,0,0,0.0,0.0,0.0,0.0,0,45,0.0,150,88,Dayann,Méthalie,Methalie,2,20,638411,Sunderland,SUN,3,3,0,0,0,0
613,2026/27,2,0,0,0,0,0,0,0,0,0,0,0,0,0,0.0,0.0,0.0,0.0,0,45,0.2,755,2013,Jules,Ahoka,Ahoka,3,20,696104,Sunderland,SUN,3,3,0,0,0,0
614,2026/27,2,0,0,0,0,0,0,0,0,0,0,0,0,0,0.0,0.0,0.0,0.0,0,45,0.0,306,306,Jaouen,Hadjam,Hadjam,2,5,512123,Brighton,BHA,3,4,0,0,0,0
615,2026/27,2,0,0,0,0,0,0,0,0,0,0,0,0,0,0.0,0.0,0.0,0.0,0,45,0.0,240,246,Michele,Di Gregorio,Di Gregorio,1,3,230650,Bournemouth,BOU,3,3,0,0,0,0
616,2026/27,2,8,0,0,0,0,0,0,0,0,0,0,0,3,1.8,4.3,0.0,0.6,1,55,0.2,1023,2560,Ayyoub,Bouaddi,Bouaddi,3,15,637238,Man City,MCI,4,5,0,0,0,0
617,2026/27,2,7,0,0,0,0,0,0,0,0,0,0,0,3,0.4,0.3,0.0,0.1,1,50,0.0,467,199,Mohamed-Ali,Cho,Cho,3,11,490884,Hull City,HUL,2,2,0,0,0,0
618,2026/27,2,0,0,0,0,0,0,0,0,0,0,0,0,0,0.0,0.0,0.0,0.0,0,59,0.0,37,501,Leon,Goretzka,Goretzka,3,2,119090,Aston Villa,AVL,3,3,0,0,0,0
619,2026/27,2,28,0,0,0,2,0,0,0,0,0,0,0,11,7.2,12.0,2.0,2.1,1,50,0.1,788,1166,Exequiel,Palacios,Palacios,3,12,218543,Ipswich Town,IPS,2,2,0,0,0,0
620,2026/27,2,0,0,0,0,0,0,0,0,0,0,0,0,0,0.0,0.0,0.0,0.0,0,45,0.1,770,924,El Hadji Malick,Diouf,Diouf,2,4,613804,Brentford,BRE,3,3,0,0,0,0
621,2026/27,2,8,0,0,0,0,0,0,0,0,0,0,0,3,0.0,0.5,1.0,0.1,1,44,0.1,454,1331,Ryan,McAidoo,McAidoo,3,15,616288,Man City,MCI,4,5,0,0,0,0
622,2026/27,2,1,0,0,0,0,0,0,0,0,0,0,0,3,0.6,0.8,0.0,0.1,1,40,0.2,723,1879,Kaden,Braithwaite,Braithwaite,2,15,554054,Man City,MCI,4,5,0,0,0,0
623,2026/27,2,0,0,0,0,0,0,0,0,0,0,0,0,0,0.0,0.0,0.0,0.0,0,40,0.7,19767,3759,Dan,Bentley,Bentley,1,7,79602,Coventry City,COV,2,2,0,0,0,0
624,2026/27,2,0,0,0,0,0,0,0,0,0,0,0,0,0,0.0,0.0,0.0,0.0,0,50,0.0,0,6,Amario,Cozier-Duberry,Cozier-Duberry,3,5,519324,Brighton,BHA,3,4,0,0,0,0
625,2026/27,2,0,0,0,0,0,0,0,0,0,0,0,0,0,0.0,0.0,0.0,0.0,0,40,0.2,1185,992,Alex,Cairns,Cairns,1,13,97846,Leeds,LEE,3,3,0,0,0,0
626,2026/27,2,0,0,0,0,0,0,0,0,0,0,0,0,0,0.0,0.0,0.0,0.0,0,44,0.3,2657,3062,Macaulay,Zepa,Zepa,3,10,616069,Fulham,FUL,2,3,0,0,0,0
1,2026/27,3,90,0,0,0,1,0,0,0,0,0,4,0,15,28.8,0.0,0.0,2.9,3,61,42.9,218440,75764,David,Raya Martín,Raya,1,1,154561,Arsenal,ARS,4,5,0,0,0,0
2,2026/27,3,0,0,0,0,0,0,0,0,0,0,0,0,0,0.0,0.0,0.0,0.0,0,49,0.1,157,328,Kepa,Arrizabalaga Revuelta,Arrizabalaga,1,1,109745,Arsenal,ARS,4,5,0,0,0,0
3,2026/27,3,0,0,0,0,0,0,0,0,0,0,0,0,0,0.0,0.0,0.0,0.0,0,49,0.0,69,149,Illan,Meslier,Meslier,1,1,437495,Arsenal,ARS,4,5,0,0,0,0
4,2026/27,3,90,0,0,0,1,0,0,0,0,0,0,0,10,23.6,2.4,76.0,10.2,2,80,22.7,45788,101649,Gabriel,dos Santos Magalhães,Gabriel,2,1,226597,Arsenal,ARS,4,5,0,0,0,0
5,2026/27,3,0,0,0,0,0,0,0,0,0,0,0,0,0,0.0,0.0,0.0,0.0,0,65,0.5,23944,6887,Jurriën,Timber,J.Timber,2,1,445122,Arsenal,ARS,4,5,0,0,0,0
6,2026/27,3,0,0,0,0,0,0,0,0,0,0,0,0,0,0.0,0.0,0.0,0.0,0,59,0.2,522,1363,William,Saliba,Saliba,2,1,462424,Arsenal,ARS,4,5,0,0,0,0
7,2026/27,3,66,0,0,0,1,0,0,0,0,0,0,0,5,0.0,12.7,4.0,1.0,2,54,0.6,1732,6401,Myles,Lewis-Skelly,Lewis-Skelly,3,1,499169,Arsenal,ARS,4,5,0,0,0,0
8,2026/27,3,66,0,0,0,1,0,0,0,0,0,0,0,0,4.4,3.2,26.0,3.4,2,59,50.9,150962,86848,Riccardo,Calafiori,Calafiori,2,1,466075,Arsenal,ARS,4,5,0,0,0,0
9,2026/27,3,23,0,0,0,0,0,0,0,0,0,0,0,3,6.0,0.5,2.0,0.9,1,52,0.9,2211,7112,Piero,Hincapié,Hincapie,2,1,448104,Arsenal,ARS,4,5,0,0,0,0
10,2026/27,3,90,0,0,0,1,0,0,0,0,0,0,0,11,15.8,5.1,10.0,3.1,2,55,4.6,3950,99727,Benjamin,White,White,2,1,198869,Arsenal,ARS,4,5,0,0,0,0
11,2026/27,3,0,0,0,0,0,0,0,0,0,0,0,0,0,0.0,0.0,0.0,0.0,0,53,1.6,2956,14592,Cristhian,Mosquera,Mosquera,2,1,500040,Arsenal,ARS,4,5,0,0,0,0
12,2026/27,3,89,0,0,0,1,0,0,0,0,0,0,0,13,10.6,27.8,70.0,10.8,2,96,15.5,304055,68164,Bukayo,Saka,Saka,3,1,223340,Arsenal,ARS,4,5,0,0,0,0
13,2026/27,3,90,0,1,0,1,0,0,0,0,0,0,0,22,33.8,19.9,2.0,5.6,5,74,11.0,8639,137432,Declan,Rice,Rice,3,1,204480,Arsenal,ARS,4,5,0,0,0,0
14,2026/27,3,0,0,0,0,0,0,0,0,0,0,0,0,0,0.0,0.0,0.0,0.0,0,62,1.0,5964,8713,Eberechi,Eze,Eze,3,1,232413,Arsenal,ARS,4,5,0,0,0,0
15,2026/27,3,76,1,0,0,1,0,0,0,0,0,0,3,47,45.0,54.2,30.0,12.9,10,68,20.0,150212,136964,Martin,Ødegaard,Ødegaard,3,1,184029,Arsenal,ARS,4,5,0,0,0,0
16,2026/27,3,1,0,0,0,0,0,0,0,0,0,0,0,3,2.2,0.8,0.0,0.3,1,62,0.2,1042,1877,Noni,Madueke,Madueke,3,1,248857,Arsenal,ARS,4,5,0,0,0,0
17,2026/27,3,13,0,0,0,0,0,0,0,1,0,0,0,0,0.0,1.1,0.0,0.1,0,57,0.4,2251,3536,Mikel,Merino Zazón,Merino,3,1,195384,Arsenal,ARS,4,5,0,0,0,0
18,2026/27,3,0,0,0,0,0,0,0,0,0,0,0,0,0,0.0,0.0,0.0,0.0,0,63,0.1,0,701,Gabriel,Martinelli Silva,Martinelli,3,1,444145,Arsenal,ARS,4,5,0,0,0,0
19,2026/27,3,23,0,0,0,0,0,0,0,0,0,0,0,1,1.4,0.8,11.0,1.3,1,53,0.6,662,4836,Martín,Zubimendi Ibáñez,Zubimendi,3,1,481655,Arsenal,ARS,4,5,0,0,0,0
20,2026/27,3,0,0,0,0,0,0,0,0,0,0,0,0,0,0.0,0.0,0.0,0.0,0,53,0.1,506,834,Max,Dowman,Dowman,3,1,616077,Arsenal,ARS,4,5,0,0,0,0
21,2026/27,3,0,0,0,0,0,0,0,0,0,0,0,0,0,0.0,0.0,0.0,0.0,0,48,0.0,88,496,Christian,Nørgaard,Nørgaard,3,9,128295,Everton,EVE,3,3,0,0,0,0
22,2026/27,3,0,0,0,0,0,0,0,0,0,0,0,0,0,0.0,0.0,0.0,0.0,0,54,0.0,0,61,Ethan,Nwaneri,Nwaneri,3,1,499175,Arsenal,ARS,4,5,0,0,0,0
23,2026/27,3,0,0,0,0,0,0,0,0,0,0,0,0,0,0.0,0.0,0.0,0.0,0,55,0.0,0,46,Fábio,Ferreira Vieira,Fábio Vieira,3,1,438098,Arsenal,ARS,4,5,0,0,0,0
24,2026/27,3,0,0,0,0,0,0,0,0,0,0,0,0,0,0.0,0.0,0.0,0.0,0,55,0.0,0,28,Reiss,Nelson,Nelson,3,1,200641,Arsenal,ARS,4,5,0,0,0,0
25,2026/27,3,12,0,0,0,0,0,0,0,0,0,0,0,2,0.0,0.1,0.0,0.0,1,71,3.6,58982,24570,Viktor,Gyökeres,Gyökeres,4,1,224117,Arsenal,ARS,4,5,0,0,0,0
26,2026/27,3,77,1,0,0,1,0,0,0,0,0,0,2,38,43.0,37.0,57.0,13.7,8,76,7.4,53137,143798,Kai,Havertz,Havertz,4,1,219847,Arsenal,ARS,4,5,0,0,0,0
27,2026/27,3,0,0,0,0,0,0,0,0,0,0,0,0,0,0.0,0.0,0.0,0.0,0,59,0.1,0,1198,Gabriel,Fernando de Jesus,G.Jesus,4,1,205651,Arsenal,ARS,4,5,0,0,0,0
28,2026/27,3,90,0,0,0,2,0,0,0,0,0,8,0,26,63.2,0.0,0.0,6.3,3,50,4.7,13016,29580,Emiliano,Martínez Romero,Martinez,1,6,98980,Chelsea,CHE,4,4,0,0,0,0
29,2026/27,3,0,0,0,0,0,0,0,0,0,0,0,0,0,0.0,0.0,0.0,0.0,0,45,0.1,92,1365,Marco,Bizot,M.Bizot,1,2,72147,Aston Villa,AVL,3,3,0,0,0,0
30,2026/27,3,0,0,0,0,0,0,0,0,0,0,0,0,0,0.0,0.0,0.0,0.0,0,45,0.0,0,296,Lucas,Digne,Digne,2,2,101188,Aston Villa,AVL,3,3,0,0,0,0
31,2026/27,3,90,0,0,0,1,0,0,0,0,0,0,0,15,19.4,1.4,4.0,2.5,4,46,18.3,113440,165784,Ezri,Konsa Ngoyo,Konsa,2,1,199798,Arsenal,ARS,4,5,0,0,0,0
32,2026/27,3,84,0,0,1,0,0,0,0,0,0,0,0,23,6.4,16.3,6.0,2.9,6,44,4.7,4393,39181,Matty,Cash,Cash,2,2,199796,Aston Villa,AVL,3,3,0,0,0,0
33,2026/27,3,90,0,0,1,0,0,0,0,0,0,0,0,28,14.8,4.4,13.0,3.2,6,45,0.4,3356,2223,Tyrone,Mings,Mings,2,2,149484,Aston Villa,AVL,3,3,0,0,0,0
34,2026/27,3,0,0,0,0,0,0,0,0,0,0,0,0,0,0.0,0.0,0.0,0.0,0,44,0.3,67,4465,Pau,Torres,Pau,2,2,244954,Aston Villa,AVL,3,3,0,0,0,0
35,2026/27,3,0,0,0,0,0,0,0,0,0,0,0,0,0,0.0,0.0,0.0,0.0,0,49,0.1,218,558,Lamare,Bogarde,Bogarde,3,2,515597,Aston Villa,AVL,3,3,0,0,0,0
36,2026/27,3,74,0,0,1,0,0,0,0,0,0,0,1,29,10.6,19.8,4.0,3.4,7,44,0.5,64,9925,Ian,Maatsen,Maatsen,2,2,441302,Aston Villa,AVL,3,3,0,0,0,0
37,2026/27,3,90,0,0,1,0,0,0,0,0,0,0,0,28,22.4,24.9,2.0,4.9,6,45,0.3,2085,2120,Victor,Lindelöf,Lindelöf,2,2,184667,Aston Villa,AVL,3,3,0,0,0,0
38,2026/27,3,0,0,0,0,0,0,0,0,0,0,0,0,0,0.0,0.0,0.0,0.0,0,40,1.5,2366,8553,Andrés,García,A.García,2,2,606798,Aston Villa,AVL,3,3,0,0,0,0
39,2026/27,3,0,0,0,0,0,0,0,0,0,0,0,0,0,0.0,0.0,0.0,0.0,0,40,0.1,0,790,Kosta,Nedeljkovic,Nedeljkovic,2,2,578545,Aston Villa,AVL,3,3,0,0,0,0
40,2026/27,3,86,1,0,0,2,0,0,0,1,0,0,0,22,30.2,13.6,16.0,6.0,6,78,41.7,305769,100493,Morgan,Rogers,Rogers,3,6,244850,Chelsea,CHE,4,4,0,0,0,0
41,2026/27,3,74,0,0,1,0,0,0,0,0,0,0,0,2,0.0,10.8,7.0,1.4,3,59,1.1,23053,7971,Emiliano,Buendía Stati,Buendía,3,2,195546,Aston Villa,AVL,3,3,0,0,0,0
42,2026/27,3,0,0,0,0,0,0,0,0,0,0,0,0,0,0.0,0.0,0.0,0.0,0,54,0.0,138,335,Evann,Guessand,Guessand,3,8,485337,Crystal Palace,CRY,2,3,0,0,0,0
43,2026/27,3,90,0,0,0,2,0,0,0,0,0,0,0,17,18.6,18.9,9.0,4.7,2,58,1.4,4587,14404,Youri,Tielemans,Tielemans,3,16,166989,Man Utd,MUN,4,4,0,0,0,0
44,2026/27,3,0,0,0,0,0,0,0,0,0,0,0,0,0,0.0,0.0,0.0,0.0,0,54,0.0,0,637,Leon,Bailey,Bailey,3,2,215711,Aston Villa,AVL,3,3,0,0,0,0
45,2026/27,3,90,0,0,1,0,0,0,0,0,0,0,0,6,1.4,5.6,4.0,1.1,3,54,2.2,12680,15139,John,McGinn,McGinn,3,2,122806,Aston Villa,AVL,3,3,0,0,0,0
46,2026/27,3,90,0,0,1,0,0,0,0,0,0,0,0,15,13.6,34.1,15.0,6.3,3,50,0.2,760,2596,Ross,Barkley,Barkley,3,2,88894,Aston Villa,AVL,3,3,0,0,0,0
47,2026/27,3,90,0,0,1,0,0,0,0,0,0,0,0,20,13.6,26.2,0.0,4.0,3,50,0.3,1906,2340,Boubacar,Kamara,Kamara,3,2,226944,Aston Villa,AVL,3,3,0,0,0,0
49,2026/27,3,0,0,0,0,0,0,0,0,0,0,0,0,0,0.0,0.0,0.0,0.0,0,50,0.0,0,12,Samuel,Iling-Junior,Iling Jr,3,2,469247,Aston Villa,AVL,3,3,0,0,0,0
50,2026/27,3,0,0,0,0,0,0,0,0,0,0,0,0,0,0.0,0.0,0.0,0.0,0,45,0.5,779,4603,Bradley,Burrowes,Burrowes,3,2,645618,Aston Villa,AVL,3,3,0,0,0,0
51,2026/27,3,74,0,0,1,0,0,0,0,0,0,0,0,12,10.8,13.5,21.0,4.5,3,45,1.1,4324,14885,George,Hemmings,George Hemmings,3,2,577285,Aston Villa,AVL,3,3,0,0,0,0
52,2026/27,3,15,0,0,0,0,0,0,0,0,0,0,0,3,0.2,1.8,0.0,0.2,1,50,0.0,76,1033,Alysson Edward Franco,da Rocha dos Santos,Alysson,3,2,653481,Aston Villa,AVL,3,3,0,0,0,0
53,2026/27,3,0,0,0,0,0,0,0,0,0,0,0,0,0,0.0,0.0,0.0,0.0,0,59,0.6,46967,6278,Johan,Manzambi,Manzambi,3,2,614071,Aston Villa,AVL,3,3,0,0,0,0
54,2026/27,3,0,0,0,0,0,0,0,0,0,0,0,0,0,0.0,0.0,0.0,0.0,0,55,0.0,645,282,Joao,Gomes,Gomes,3,2,448089,Aston Villa,AVL,3,3,0,0,0,0
55,2026/27,3,0,0,0,0,0,0,0,0,0,0,0,0,0,0.0,0.0,0.0,0.0,0,78,2.4,0,16290,Ollie,Watkins,Watkins,4,2,178301,Aston Villa,AVL,3,3,0,0,0,0
56,2026/27,3,5,0,0,0,0,0,0,0,0,0,0,0,3,2.0,1.0,0.0,0.3,1,55,0.2,2633,2416,Tammy,Abraham,Abraham,4,2,173879,Aston Villa,AVL,3,3,0,0,0,0
57,2026/27,3,90,0,0,0,2,0,0,0,0,0,0,0,0,3.4,0.0,0.0,0.3,1,45,2.9,10231,19044,Đorđe,Petrović,Petrović,1,3,457569,Bournemouth,BOU,3,3,0,0,0,0
58,2026/27,3,0,0,0,0,0,0,0,0,0,0,0,0,0,0.0,0.0,0.0,0.0,0,40,3.5,13484,11395,Fraser,Forster,Forster,1,3,40383,Bournemouth,BOU,3,3,0,0,0,0
59,2026/27,3,0,0,0,0,0,0,0,0,0,0,0,0,0,0.0,0.0,0.0,0.0,0,40,0.1,0,874,Will,Dennis,Dennis,1,3,444172,Bournemouth,BOU,3,3,0,0,0,0
60,2026/27,3,90,0,0,0,2,0,0,0,0,0,0,0,4,16.8,31.5,2.0,5.0,1,55,0.8,5129,4680,James,Hill,Hill,2,3,463981,Bournemouth,BOU,3,3,0,0,0,0
61,2026/27,3,90,0,0,0,2,0,0,0,1,0,0,0,-3,10.2,15.7,2.0,2.8,0,54,3.0,7888,19087,Adrien,Truffert,Truffert,2,3,494521,Bournemouth,BOU,3,3,0,0,0,0
62,2026/27,3,0,0,0,0,0,0,0,0,0,0,0,0,0,0.0,0.0,0.0,0.0,0,49,0.2,608,1213,Bafodé,Diakité,Diakité,2,3,242882,Bournemouth,BOU,3,3,0,0,0,0
63,2026/27,3,0,0,0,0,0,0,0,0,0,0,0,0,0,0.0,0.0,0.0,0.0,0,49,0.0,55,85,Veljko,Milosavljevic,Milosavljević,2,3,620487,Bournemouth,BOU,3,3,0,0,0,0
64,2026/27,3,90,0,0,0,2,0,0,0,1,0,0,0,3,9.6,25.3,4.0,3.9,0,45,0.1,700,760,Adam,Smith,Smith,2,3,54469,Bournemouth,BOU,3,3,0,0,0,0
65,2026/27,3,0,0,0,0,0,0,0,0,0,0,0,0,0,0.0,0.0,0.0,0.0,0,44,0.0,64,90,Julián,Araujo Zúñiga,J.Araujo,2,3,436893,Bournemouth,BOU,3,3,0,0,0,0
66,2026/27,3,0,0,0,0,0,0,0,0,0,0,0,0,0,0.0,0.0,0.0,0.0,0,40,0.3,1004,1529,Julio,Soler Barreto,Soler,2,3,575901,Bournemouth,BOU,3,3,0,0,0,0
67,2026/27,3,88,0,0,0,2,0,0,0,0,0,0,0,8,1.6,0.9,10.0,1.3,2,63,1.5,7367,14442,Rayan Vitor,Simplício Rocha,Rayan,3,3,499604,Bournemouth,BOU,3,3,0,0,0,0
68,2026/27,3,88,1,0,0,2,0,0,0,0,0,0,3,43,46.6,13.2,77.0,13.7,10,61,7.0,136781,73492,Marcus,Tavernier,Tavernier,3,3,201658,Bournemouth,BOU,3,3,0,0,0,0
69,2026/27,3,90,0,2,0,2,0,0,0,0,0,0,2,37,13.4,22.9,12.0,4.8,10,61,5.0,26658,122749,Alex,Scott,Scott,3,3,503139,Bournemouth,BOU,3,3,0,0,0,0
70,2026/27,3,75,0,0,0,1,0,0,0,1,0,0,0,6,0.0,2.0,3.0,0.2,1,60,0.8,2351,28600,Justin,Kluivert,Kluivert,3,3,222683,Bournemouth,BOU,3,3,0,0,0,0
71,2026/27,3,14,0,0,0,1,0,0,0,0,0,0,0,2,0.0,0.3,0.0,0.0,1,50,0.2,363,1580,Lewis,Cook,Cook,3,3,155408,Bournemouth,BOU,3,3,0,0,0,0
72,2026/27,3,1,0,0,0,0,0,0,0,0,0,0,0,3,2.0,0.5,5.0,0.8,1,49,0.1,200,557,Ben,Gannon-Doak,Gannon-Doak,3,3,496208,Bournemouth,BOU,3,3,0,0,0,0
73,2026/27,3,75,0,0,0,1,0,0,0,0,0,0,0,15,12.2,11.5,0.0,2.4,4,50,0.3,1699,2228,Tyler,Adams,Adams,3,3,200785,Bournemouth,BOU,3,3,0,0,0,0
74,2026/27,3,14,0,0,0,1,0,0,0,0,0,0,0,2,0.0,0.0,0.0,0.0,1,50,0.1,272,472,David,Brooks,Brooks,3,3,111317,Bournemouth,BOU,3,3,0,0,0,0
75,2026/27,3,1,0,0,0,0,0,0,0,0,0,0,0,3,0.0,0.0,0.0,0.0,1,50,0.0,578,356,Ryan,Christie,Christie,3,3,158499,Bournemouth,BOU,3,3,0,0,0,0
76,2026/27,3,0,0,0,0,0,0,0,0,0,0,0,0,0,0.0,0.0,0.0,0.0,0,49,0.0,41,79,Alex,Tóth,Tóth.A,3,3,614574,Bournemouth,BOU,3,3,0,0,0,0
77,2026/27,3,0,0,0,0,0,0,0,0,0,0,0,0,0,0.0,0.0,0.0,0.0,0,49,0.0,38,98,Amine,Adli,Adli,3,3,489888,Bournemouth,BOU,3,3,0,0,0,0
78,2026/27,3,0,0,0,0,0,0,0,0,0,0,0,0,0,0.0,0.0,0.0,0.0,0,74,0.2,264,1113,Junior,Kroupi,Kroupi.Jr,3,3,560262,Bournemouth,BOU,3,3,0,0,0,0
79,2026/27,3,90,0,0,0,2,0,0,0,0,0,0,0,4,3.2,5.1,21.0,2.9,2,60,3.3,33530,31109,Francisco Evanilson,de Lima Barbosa,Evanilson,4,3,444102,Bournemouth,BOU,3,3,0,0,0,0
80,2026/27,3,0,0,0,0,0,0,0,0,0,0,0,0,0,0.0,0.0,0.0,0.0,0,55,0.0,0,66,Enes,Ünal,Enes Ünal,4,3,168636,Bournemouth,BOU,3,3,0,0,0,0
81,2026/27,3,0,0,0,0,0,0,0,0,0,0,0,0,0,0.0,0.0,0.0,0.0,0,60,0.1,1200,927,Álvaro,Rodríguez,Rodríguez,4,3,561245,Bournemouth,BOU,3,3,0,0,0,0
82,2026/27,3,90,0,0,0,1,0,0,0,0,0,2,0,10,16.8,0.0,0.0,1.7,2,50,6.1,30178,23213,Caoimhín,Kelleher,Kelleher,1,4,200720,Brentford,BRE,3,3,0,0,0,0
83,2026/27,3,0,0,0,0,0,0,0,0,0,0,0,0,0,0.0,0.0,0.0,0.0,0,45,0.1,415,494,Hákon Rafn,Valdimarsson,Valdimarsson,1,4,507433,Brentford,BRE,3,3,0,0,0,0
84,2026/27,3,16,0,0,0,0,0,0,0,0,0,0,0,4,1.0,0.0,0.0,0.1,1,54,0.9,149,13679,Nathan,Collins,Collins,2,4,432830,Brentford,BRE,3,3,0,0,0,0
85,2026/27,3,0,0,0,0,0,0,0,0,0,0,0,0,0,0.0,0.0,0.0,0.0,0,49,0.1,60,489,Sepp,van den Berg,Van den Berg,2,4,444765,Brentford,BRE,3,3,0,0,0,0
86,2026/27,3,90,0,0,0,1,0,0,0,0,0,0,0,4,8.2,45.1,22.0,7.5,2,55,1.6,5634,17569,Keane,Lewis-Potter,Lewis-Potter,3,4,249231,Brentford,BRE,3,3,0,0,0,0
87,2026/27,3,90,0,0,0,1,0,0,0,0,0,0,0,8,11.8,0.3,0.0,1.2,2,45,3.8,20840,37037,Kristoffer,Ajer,Ajer,2,4,191866,Brentford,BRE,3,3,0,0,0,0
88,2026/27,3,45,0,0,0,0,0,0,0,0,0,0,0,2,7.6,0.3,2.0,1.0,1,46,7.6,26178,33960,Michael,Kayode,Kayode,2,4,607464,Brentford,BRE,3,3,0,0,0,0
89,2026/27,3,0,0,0,0,0,0,0,0,0,0,0,0,0,0.0,0.0,0.0,0.0,0,44,0.2,213,849,Rico,Henry,Henry,2,4,194010,Brentford,BRE,3,3,0,0,0,0
90,2026/27,3,45,0,0,0,1,0,0,0,0,0,0,0,0,7.6,1.0,0.0,0.9,1,45,0.1,271,372,Aaron,Hickey,Hickey,2,4,472713,Brentford,BRE,3,3,0,0,0,0
91,2026/27,3,90,0,0,0,1,0,0,0,1,0,0,0,3,18.2,0.0,6.0,2.4,3,45,0.1,675,384,Ethan,Pinnock,Pinnock,2,7,231065,Coventry City,COV,2,2,0,0,0,0
92,2026/27,3,0,0,0,0,0,0,0,0,0,0,0,0,0,0.0,0.0,0.0,0.0,0,44,0.0,80,109,Kim,Ji-soo,Ji-soo,2,4,570241,Brentford,BRE,3,3,0,0,0,0
93,2026/27,3,73,0,0,0,1,0,0,0,0,0,0,0,11,17.2,0.2,4.0,2.1,4,45,0.5,29279,4600,Jannik,Schuster,Schuster,2,4,513086,Brentford,BRE,3,3,0,0,0,0
94,2026/27,3,90,0,0,0,1,0,0,0,0,0,0,0,11,4.0,13.3,8.0,2.5,2,62,13.8,637758,56338,Kevin,Schade,Schade,3,4,513418,Brentford,BRE,3,3,0,0,0,0
95,2026/27,3,45,0,0,0,0,0,0,0,0,0,0,0,6,6.8,11.3,0.0,1.8,1,63,0.4,1356,5450,Dango,Ouattara,O.Dango,3,4,533463,Brentford,BRE,3,3,0,0,0,0
96,2026/27,3,85,0,1,0,1,0,0,0,0,0,0,3,30,10.0,28.5,6.0,4.5,8,54,0.4,1926,4673,Mikkel,Damsgaard,Damsgaard,3,4,440089,Brentford,BRE,3,3,0,0,0,0
97,2026/27,3,0,0,0,0,0,0,0,0,0,0,0,0,0,0.0,0.0,0.0,0.0,0,54,0.1,23,910,Mathias,Jensen,Jensen,3,4,207283,Brentford,BRE,3,3,0,0,0,0
98,2026/27,3,90,1,0,0,1,0,0,0,1,0,0,3,30,48.0,3.1,17.0,6.8,11,50,2.5,29062,27030,Vitaly,Janelt,Janelt,3,4,204580,Brentford,BRE,3,3,0,0,0,0
99,2026/27,3,0,0,0,0,0,0,0,0,0,0,0,0,0,0.0,0.0,0.0,0.0,0,50,0.0,12,10,Antoni,Milambo,Milambo,3,4,543295,Brentford,BRE,3,3,0,0,0,0
100,2026/27,3,0,0,0,0,0,0,0,0,0,0,0,0,0,0.0,0.0,0.0,0.0,0,50,0.0,780,227,Fábio,Freitas Gouveia Carvalho,Carvalho,3,4,244858,Brentford,BRE,3,3,0,0,0,0
101,2026/27,3,0,0,0,0,0,0,0,0,0,0,0,0,0,0.0,0.0,0.0,0.0,0,49,0.0,670,213,Jordan,Henderson,Henderson,3,6,56979,Chelsea,CHE,4,4,0,0,0,0
102,2026/27,3,45,0,0,0,1,0,0,0,1,0,0,0,1,2.4,3.4,2.0,0.8,0,48,0.6,2125,5630,Yehor,Yarmoliuk,Yarmoliuk,3,4,508395,Brentford,BRE,3,3,0,0,0,0
103,2026/27,3,0,0,0,0,0,0,0,0,0,0,0,0,0,0.0,0.0,0.0,0.0,0,49,0.0,16,150,Josh,Dasilva,Dasilva,3,4,183656,Brentford,BRE,3,3,0,0,0,0
104,2026/27,3,62,0,0,0,1,0,0,0,0,0,0,0,5,0.4,0.4,0.0,0.1,2,49,0.1,238,679,Frank,Onyeka,Onyeka,3,7,428580,Coventry City,COV,2,2,0,0,0,0
105,2026/27,3,45,0,0,0,1,0,0,0,0,0,0,0,3,0.0,2.2,3.0,0.4,1,59,0.2,3632,935,Jaidon,Anthony,Anthony,3,4,444180,Brentford,BRE,3,3,0,0,0,0
106,2026/27,3,90,0,0,0,1,0,0,0,0,0,0,0,9,16.0,1.4,43.0,6.0,2,78,9.4,103209,59005,Igor Thiago,Nascimento Rodrigues,Thiago,4,4,502500,Brentford,BRE,3,3,0,0,0,0
107,2026/27,3,0,0,0,0,0,0,0,0,0,0,0,0,0,0.0,0.0,0.0,0.0,0,45,0.8,1149,12805,Kaye,Furo,Furo,4,4,593174,Brentford,BRE,3,3,0,0,0,0
108,2026/27,3,4,0,0,0,0,0,0,0,0,0,0,0,2,1.0,0.0,0.0,0.1,1,54,0.3,1733,3191,Callum,Wilson,Wilson,4,4,75115,Brentford,BRE,3,3,0,0,0,0
109,2026/27,3,90,0,0,0,1,0,0,0,0,0,3,0,17,29.2,3.0,0.0,3.2,3,45,21.5,115860,129605,Bart,Verbruggen,Verbruggen,1,5,489639,Brighton,BHA,3,4,0,0,0,0
110,2026/27,3,90,0,0,0,1,0,0,0,0,0,2,0,13,18.8,0.0,0.0,1.9,2,45,0.7,3975,8371,Carl,Rushworth,Rushworth,1,7,472739,Coventry City,COV,2,2,0,0,0,0
111,2026/27,3,0,0,0,0,0,0,0,0,0,0,0,0,0,0.0,0.0,0.0,0.0,0,40,4.1,11516,23272,Jason,Steele,Steele,1,5,49262,Brighton,BHA,3,4,0,0,0,0
112,2026/27,3,90,0,0,1,0,0,0,0,0,0,0,2,29,16.6,12.8,11.0,4.0,8,49,6.1,28219,75606,Jan Paul,van Hecke,Van Hecke,2,19,469142,Spurs,TOT,2,3,0,0,0,0
113,2026/27,3,77,0,0,0,1,0,0,0,0,0,0,0,8,12.6,12.5,19.0,4.4,2,44,1.5,7104,12012,Ferdi,Kadıoğlu,F.Kadıoğlu,2,5,231416,Brighton,BHA,3,4,0,0,0,0
114,2026/27,3,90,0,0,0,1,0,0,0,0,0,0,0,17,20.6,62.3,0.0,8.3,2,45,0.3,4125,1471,Olivier,Boscagli,Boscagli,2,5,204120,Brighton,BHA,3,4,0,0,0,0
115,2026/27,3,76,0,1,0,1,0,0,0,1,0,0,0,17,19.6,22.1,2.0,4.4,4,50,29.4,478970,41522,Maxim,De Cuyper,De Cuyper,2,5,465730,Brighton,BHA,3,4,0,0,0,0
116,2026/27,3,90,0,0,0,1,0,0,0,0,0,0,1,20,30.8,1.9,4.0,3.7,5,45,1.5,9581,16139,Lewis,Dunk,Dunk,2,5,83299,Brighton,BHA,3,4,0,0,0,0
117,2026/27,3,0,0,0,0,0,0,0,0,0,0,0,0,0,0.0,0.0,0.0,0.0,0,45,0.0,151,129,Diego,Coppola,Coppola,2,5,550090,Brighton,BHA,3,4,0,0,0,0
118,2026/27,3,0,0,0,0,0,0,0,0,0,0,0,0,0,0.0,0.0,0.0,0.0,0,45,0.0,0,395,Igor Julio,dos Santos de Paulo,Igor,2,5,223434,Brighton,BHA,3,4,0,0,0,0
119,2026/27,3,12,0,0,0,0,0,0,0,0,0,0,0,7,5.8,14.5,0.0,2.0,1,45,0.0,249,178,João Pedro,Loureiro da Costa,Costinha,2,5,451490,Brighton,BHA,3,4,0,0,0,0
120,2026/27,3,0,0,0,0,0,0,0,0,0,0,0,0,0,0.0,0.0,0.0,0.0,0,50,0.1,1514,582,Michael,Svoboda,Svoboda,2,5,454490,Brighton,BHA,3,4,0,0,0,0
121,2026/27,3,0,0,0,0,0,0,0,0,0,0,0,0,0,0.0,0.0,0.0,0.0,0,59,0.0,168,222,Mitoma,Kaoru,Mitoma,3,5,451340,Brighton,BHA,3,4,0,0,0,0
122,2026/27,3,0,0,0,0,0,0,0,0,0,0,0,0,0,0.0,0.0,0.0,0.0,0,58,0.0,59,296,Yankuba,Minteh,Minteh,3,5,592031,Brighton,BHA,3,4,0,0,0,0
123,2026/27,3,0,0,0,0,0,0,0,0,0,0,0,0,0,0.0,0.0,0.0,0.0,0,59,0.5,458,9036,Jack,Hinshelwood,Hinshelwood,3,5,532529,Brighton,BHA,3,4,0,0,0,0
124,2026/27,3,90,0,0,0,1,0,0,0,1,0,0,0,-1,0.0,16.5,19.0,3.2,1,59,32.4,1144037,23635,Pascal,Groß,Groß,3,5,60307,Brighton,BHA,3,4,0,0,0,0
125,2026/27,3,0,0,0,0,0,0,0,0,0,0,0,0,0,0.0,0.0,0.0,0.0,0,53,0.5,4047,5865,Georginio,Rutter,Georginio,4,5,463067,Brighton,BHA,3,4,0,0,0,0
126,2026/27,3,0,0,0,0,0,0,0,0,0,0,0,0,0,0.0,0.0,0.0,0.0,0,54,0.1,535,696,Matt,O'Riley,O'Riley,3,5,219249,Brighton,BHA,3,4,0,0,0,0
127,2026/27,3,90,0,0,0,1,0,0,0,0,0,0,0,13,15.2,26.4,30.0,7.2,2,50,3.8,18854,59954,Diego,Gómez Amarilla,Gomez,3,5,514254,Brighton,BHA,3,4,0,0,0,0
128,2026/27,3,0,0,0,0,0,0,0,0,0,0,0,0,0,0.0,0.0,0.0,0.0,0,50,0.0,0,10,Facundo,Buonanotte,Buonanotte,3,5,536916,Brighton,BHA,3,4,0,0,0,0
129,2026/27,3,90,0,0,0,1,0,0,0,0,0,0,0,18,11.4,14.8,18.0,4.4,2,54,0.4,3919,3118,Yasin,Ayari,Ayari,3,5,509416,Brighton,BHA,3,4,0,0,0,0
130,2026/27,3,0,0,0,0,0,0,0,0,0,0,0,0,0,0.0,0.0,0.0,0.0,0,49,0.2,37,2699,Mats,Wieffer,Wieffer,2,5,467779,Brighton,BHA,3,4,0,0,0,0
131,2026/27,3,0,0,0,0,0,0,0,0,0,0,0,0,0,0.0,0.0,0.0,0.0,0,49,0.1,2631,1054,Carlos,Baleba,Baleba,3,16,535301,Man Utd,MUN,4,4,0,0,0,0
132,2026/27,3,0,0,0,0,0,0,0,0,0,0,0,0,0,0.0,0.0,0.0,0.0,0,45,0.0,0,290,Harry,Howell,Howell,3,5,597320,Brighton,BHA,3,4,0,0,0,0
133,2026/27,3,0,0,0,0,0,0,0,0,0,0,0,0,0,0.0,0.0,0.0,0.0,0,50,0.0,0,6,Tom,Watson,Watson,3,5,549074,Brighton,BHA,3,4,0,0,0,0
134,2026/27,3,0,0,0,0,0,0,0,0,0,0,0,0,0,0.0,0.0,0.0,0.0,0,45,0.2,445,1856,Nehemiah,Oriola,Oriola,3,5,556637,Brighton,BHA,3,4,0,0,0,0
135,2026/27,3,0,0,0,0,0,0,0,0,0,0,0,0,0,0.0,0.0,0.0,0.0,0,48,0.0,30,544,Zadok,Yohanna,Yohanna,3,5,700308,Brighton,BHA,3,4,0,0,0,0
136,2026/27,3,3,0,0,0,0,0,0,0,0,0,0,0,3,0.0,0.3,2.0,0.2,1,59,1.0,14206,14234,Danny,Welbeck,Welbeck,4,6,50175,Chelsea,CHE,4,4,0,0,0,0
137,2026/27,3,0,0,0,0,0,0,0,0,0,0,0,0,0,0.0,0.0,0.0,0.0,0,54,0.0,49,73,Stefanos,Tzimas,Tzimas,4,5,608181,Brighton,BHA,3,4,0,0,0,0
138,2026/27,3,90,0,0,0,1,0,0,0,0,0,0,0,9,9.6,5.3,24.0,3.9,2,56,6.4,532072,39096,Charalampos,Kostoulas,Kostoulas,4,5,647850,Brighton,BHA,3,4,0,0,0,0
139,2026/27,3,0,0,0,0,0,0,0,0,0,0,0,0,0,0.0,0.0,0.0,0.0,0,50,0.0,183,320,Evan,Ferguson,Ferguson,4,5,487117,Brighton,BHA,3,4,0,0,0,0
140,2026/27,3,0,0,0,0,0,0,0,0,0,0,0,0,0,0.0,0.0,0.0,0.0,0,49,0.7,0,6779,Robert,Lynch Sánchez,Sánchez,1,6,215059,Chelsea,CHE,4,4,0,0,0,0
141,2026/27,3,0,0,0,0,0,0,0,0,0,0,0,0,0,0.0,0.0,0.0,0.0,0,50,0.0,0,36,Filip,Jörgensen,Jörgensen,1,6,508479,Chelsea,CHE,4,4,0,0,0,0
142,2026/27,3,90,0,0,0,2,0,0,0,0,0,0,0,9,12.6,15.0,13.0,4.1,1,53,5.5,1142,107354,Reece,James,James,2,6,225796,Chelsea,CHE,4,4,0,0,0,0
143,2026/27,3,0,0,0,0,0,0,0,0,0,0,0,0,0,0.0,0.0,0.0,0.0,0,55,0.1,0,396,Trevoh,Chalobah,Chalobah,2,6,180736,Chelsea,CHE,4,4,0,0,0,0
144,2026/27,3,30,0,0,0,0,0,0,0,0,0,0,0,4,3.0,3.4,1.0,0.7,1,49,0.9,2268,8710,Malo,Gusto,Gusto,2,6,482609,Chelsea,CHE,4,4,0,0,0,0
145,2026/27,3,90,0,0,0,2,0,0,0,0,0,0,0,16,39.8,22.8,0.0,6.3,3,50,0.2,4288,1764,Wesley,Fofana,Fofana,2,6,444463,Chelsea,CHE,4,4,0,0,0,0
146,2026/27,3,0,0,0,0,0,0,0,0,0,0,0,0,0,0.0,0.0,0.0,0.0,0,45,0.0,0,57,Benoît,Badiashile Mukinayi,B.Badiashile,2,6,242880,Chelsea,CHE,4,4,0,0,0,0
147,2026/27,3,0,0,0,0,0,0,0,0,0,0,0,0,0,0.0,0.0,0.0,0.0,0,44,0.1,156,751,Tosin,Adarabioyo,Tosin,2,19,109646,Spurs,TOT,2,3,0,0,0,0
148,2026/27,3,59,0,1,0,2,0,0,0,0,0,0,0,5,34.8,11.2,2.0,4.8,3,45,0.8,1452,10832,Jorrel,Hato,Hato,2,6,551210,Chelsea,CHE,4,4,0,0,0,0
149,2026/27,3,0,0,0,0,0,0,0,0,0,0,0,0,0,0.0,0.0,0.0,0.0,0,48,0.9,2066,7847,Levi,Samuels Colwill,Colwill,2,6,460028,Chelsea,CHE,4,4,0,0,0,0
150,2026/27,3,0,0,0,0,0,0,0,0,0,0,0,0,0,0.0,0.0,0.0,0.0,0,45,0.0,0,231,Mamadou,Sarr,M.Sarr,2,6,574458,Chelsea,CHE,4,4,0,0,0,0
151,2026/27,3,90,0,0,0,2,0,0,0,0,0,0,0,-3,2.2,1.8,4.0,0.8,1,45,0.3,611,2697,Josh,Acheampong,Acheampong,2,6,577016,Chelsea,CHE,4,4,0,0,0,0
152,2026/27,3,0,0,0,0,0,0,0,0,0,0,0,0,0,0.0,0.0,0.0,0.0,0,53,0.6,642,6370,Marco,Palestra,Palestra,2,6,620109,Chelsea,CHE,4,4,0,0,0,0
153,2026/27,3,90,0,0,0,2,0,0,0,0,0,0,0,14,31.4,13.3,2.0,4.7,3,45,0.1,41,1160,Axel,Disasi,Disasi,2,8,220362,Crystal Palace,CRY,2,3,0,0,0,0
154,2026/27,3,90,0,0,0,2,0,0,0,1,0,0,0,11,7.0,15.8,32.0,5.5,1,97,24.3,71416,316825,Cole,Palmer,Palmer,3,6,244851,Chelsea,CHE,4,4,0,0,0,0
155,2026/27,3,75,0,0,1,0,0,0,0,0,0,0,0,17,10.2,18.9,18.0,4.7,3,69,3.7,44758,22526,Enzo,Fernández,Enzo,3,15,448047,Man City,MCI,4,5,0,0,0,0
156,2026/27,3,80,0,0,0,2,0,0,0,0,0,0,0,10,6.2,23.8,14.0,4.4,2,65,1.4,9902,13159,Pedro,Lomba Neto,Neto,3,6,247632,Chelsea,CHE,4,4,0,0,0,0
157,2026/27,3,9,0,0,0,0,0,0,0,0,0,0,0,5,3.2,0.4,17.0,2.1,1,63,0.7,2966,5294,Estêvão,Almeida de Oliveira Gonçalves,Estêvão,3,6,624773,Chelsea,CHE,4,4,0,0,0,0
158,2026/27,3,0,0,0,0,0,0,0,0,0,0,0,0,0,0.0,0.0,0.0,0.0,0,58,0.0,164,333,Jamie,Bynoe-Gittens,Gittens,3,6,463936,Chelsea,CHE,4,4,0,0,0,0
159,2026/27,3,0,0,0,0,0,0,0,0,0,0,0,0,0,0.0,0.0,0.0,0.0,0,53,1.0,657,12610,Moisés,Caicedo Corozo,Caicedo,3,6,486672,Chelsea,CHE,4,4,0,0,0,0
160,2026/27,3,15,0,0,0,0,0,0,0,0,0,0,0,4,1.0,1.6,0.0,0.3,1,58,0.3,764,3467,Alejandro,Garnacho Ferreyra,Garnacho,3,2,493105,Aston Villa,AVL,3,3,0,0,0,0
161,2026/27,3,59,0,0,0,2,0,0,0,0,0,0,0,7,5.8,1.5,0.0,0.7,1,50,0.2,779,3255,Roméo,Lavia,Lavia,3,6,514356,Chelsea,CHE,4,4,0,0,0,0
162,2026/27,3,6,0,0,0,1,0,0,0,0,0,0,0,4,7.2,0.6,6.0,1.4,1,48,0.5,1247,6911,Andrey,Nascimento dos Santos,Andrey Santos,3,16,532605,Man Utd,MUN,4,4,0,0,0,0
163,2026/27,3,0,0,0,0,0,0,0,0,0,0,0,0,0,0.0,0.0,0.0,0.0,0,45,0.1,0,995,Dário,Luís Essugo,D.Essugo,3,6,491007,Chelsea,CHE,4,4,0,0,0,0
164,2026/27,3,0,0,0,0,0,0,0,0,0,0,0,0,0,0.0,0.0,0.0,0.0,0,53,0.0,94,231,Geovany,Quenda,Quenda,3,6,593117,Chelsea,CHE,4,4,0,0,0,0
165,2026/27,3,90,0,0,0,2,0,0,0,1,0,0,0,8,0.0,28.8,9.0,3.7,1,77,63.7,136278,572646,João Pedro,Junqueira de Jesus,João Pedro,4,6,475168,Chelsea,CHE,4,4,0,0,0,0
166,2026/27,3,84,0,0,1,0,0,0,0,0,0,0,0,10,1.2,17.5,20.0,3.9,2,65,1.8,67525,13702,Nicolas,Jackson,N.Jackson,4,2,517052,Aston Villa,AVL,3,3,0,0,0,0
167,2026/27,3,73,0,0,1,0,0,0,0,0,0,0,0,6,2.4,20.8,5.0,2.8,2,56,2.6,33079,45038,Liam,Delap,Delap,4,18,463034,Nott'm Forest,NFO,3,3,0,0,0,0
168,2026/27,3,0,0,0,0,0,0,0,0,0,0,0,0,0,0.0,0.0,0.0,0.0,0,50,0.2,0,2073,Marc,Guiu Paz,Marc Guiu,4,6,499309,Chelsea,CHE,4,4,0,0,0,0
169,2026/27,3,0,0,0,0,0,0,0,0,0,0,0,0,0,0.0,0.0,0.0,0.0,0,45,0.5,5878,4594,Shumaira,Mheuka,Mheuka,4,6,567119,Chelsea,CHE,4,4,0,0,0,0
170,2026/27,3,0,0,0,0,0,0,0,0,0,0,0,0,0,0.0,0.0,0.0,0.0,0,49,0.1,148,1353,Emmanuel,Emegha,Emegha,4,6,503037,Chelsea,CHE,4,4,0,0,0,0
171,2026/27,3,0,0,0,0,0,0,0,0,0,0,0,0,0,0.0,0.0,0.0,0.0,0,40,1.0,0,7788,Oliver,Dovin,Dovin,1,7,484389,Coventry City,COV,2,2,0,0,0,0
172,2026/27,3,0,0,0,0,0,0,0,0,0,0,0,0,0,0.0,0.0,0.0,0.0,0,44,0.4,319,981,Ben,Wilson,Wilson,1,7,110690,Coventry City,COV,2,2,0,0,0,0
173,2026/27,3,90,0,0,0,1,0,0,0,0,0,0,0,19,20.6,20.8,24.0,6.5,4,40,8.6,54309,52019,Bobby,Thomas,Thomas,2,7,461102,Coventry City,COV,2,2,0,0,0,0
174,2026/27,3,0,0,0,0,0,0,0,0,0,0,0,0,0,0.0,0.0,0.0,0.0,0,40,0.3,0,2885,Liam,Kitching,Kitching,2,7,436761,Coventry City,COV,2,2,0,0,0,0
175,2026/27,3,90,0,0,0,1,0,0,0,1,0,0,0,5,16.8,5.2,2.0,2.4,3,40,8.2,1428,124583,Milan,van Ewijk,van Ewijk,2,7,451284,Coventry City,COV,2,2,0,0,0,0
176,2026/27,3,84,0,0,0,1,0,0,0,0,0,0,0,10,21.8,14.9,0.0,3.7,2,40,0.8,13432,3442,Jay,Dasilva,Dasilva,2,7,173878,Coventry City,COV,2,2,0,0,0,0
177,2026/27,3,0,0,0,0,0,0,0,0,0,0,0,0,0,0.0,0.0,0.0,0.0,0,39,0.1,4317,1255,Kaine,Kesler-Hayden,Kesler-Hayden,2,7,465390,Coventry City,COV,2,2,0,0,0,0
178,2026/27,3,0,0,0,0,0,0,0,0,0,0,0,0,0,0.0,0.0,0.0,0.0,0,40,0.1,261,441,Jake,Bidwell,Bidwell,2,7,80178,Coventry City,COV,2,2,0,0,0,0
179,2026/27,3,0,0,0,0,0,0,0,0,0,0,0,0,0,0.0,0.0,0.0,0.0,0,40,0.0,103,212,Joel,Latibeaudiere,Latibeaudiere,2,7,204813,Coventry City,COV,2,2,0,0,0,0
180,2026/27,3,0,0,0,0,0,0,0,0,0,0,0,0,0,0.0,0.0,0.0,0.0,0,39,0.1,432,879,Luke,Woolfenden,Woolfenden,2,7,220583,Coventry City,COV,2,2,0,0,0,0
181,2026/27,3,0,0,0,0,0,0,0,0,0,0,0,0,0,0.0,0.0,0.0,0.0,0,40,0.0,0,161,Miguel,Brau,Brau,2,7,577411,Coventry City,COV,2,2,0,0,0,0
182,2026/27,3,90,0,0,0,1,0,0,0,0,0,0,0,4,4.4,1.3,6.0,1.2,2,40,0.6,58,9574,Aurèle,Amenda,Amenda,2,7,539142,Coventry City,COV,2,2,0,0,0,0
183,2026/27,3,62,0,0,0,1,0,0,0,0,0,0,0,9,14.4,28.5,33.0,7.6,2,49,0.1,1475,1148,Jack,Rudoni,Rudoni,3,7,480457,Coventry City,COV,2,2,0,0,0,0
184,2026/27,3,90,0,0,0,1,0,0,0,0,0,0,0,8,18.6,2.3,1.0,2.2,2,49,0.1,262,1328,Matt,Grimes,Grimes,3,7,168144,Coventry City,COV,2,2,0,0,0,0
185,2026/27,3,0,0,0,0,0,0,0,0,0,0,0,0,0,0.0,0.0,0.0,0.0,0,48,0.1,146,570,Tatsuhiro,Sakamoto,Sakamoto,3,7,501459,Coventry City,COV,2,2,0,0,0,0
186,2026/27,3,70,0,0,0,1,0,0,0,0,0,0,0,4,0.0,0.8,2.0,0.1,2,53,0.1,102,472,Ephron,Mason-Clark,Mason-Clark,3,7,241293,Coventry City,COV,2,2,0,0,0,0
187,2026/27,3,0,0,0,0,0,0,0,0,0,0,0,0,0,0.0,0.0,0.0,0.0,0,48,0.0,41,133,Josh,Eccles,Eccles,3,7,439668,Coventry City,COV,2,2,0,0,0,0
188,2026/27,3,0,0,0,0,0,0,0,0,0,0,0,0,0,0.0,0.0,0.0,0.0,0,53,0.1,49,635,Victor,Torp,Torp,3,7,226965,Coventry City,COV,2,2,0,0,0,0
189,2026/27,3,0,0,0,0,0,0,0,0,0,0,0,0,0,0.0,0.0,0.0,0.0,0,44,0.3,4889,3774,George,Shepherd,Shepherd,3,7,684268,Coventry City,COV,2,2,0,0,0,0
190,2026/27,3,27,0,0,0,0,0,0,0,0,0,0,0,9,8.2,24.8,21.0,5.4,1,54,0.1,45,537,Loum,Tchaouna,Tchaouna,3,7,469272,Coventry City,COV,2,2,0,0,0,0
191,2026/27,3,0,0,0,0,0,0,0,0,0,0,0,0,0,0.0,0.0,0.0,0.0,0,45,0.1,0,1123,Raphael,Borges Rodrigues,Borges Rodrigues,3,7,492498,Coventry City,COV,2,2,0,0,0,0
192,2026/27,3,0,0,0,0,0,0,0,0,0,0,0,0,0,0.0,0.0,0.0,0.0,0,45,0.3,0,3203,Kai,Andrews,Andrews,3,7,629397,Coventry City,COV,2,2,0,0,0,0
193,2026/27,3,0,0,0,0,0,0,0,0,0,0,0,0,0,0.0,0.0,0.0,0.0,0,53,0.1,55,785,Haji,Wright,Wright,4,7,176412,Coventry City,COV,2,2,0,0,0,0
194,2026/27,3,19,0,0,0,0,0,0,0,0,0,0,0,6,2.2,0.3,2.0,0.5,1,50,0.8,14272,9313,Brandon,Thomas-Asante,Thomas-Asante,4,7,230730,Coventry City,COV,2,2,0,0,0,0
195,2026/27,3,19,0,0,0,0,0,0,0,0,0,0,0,3,5.0,10.0,35.0,5.0,1,49,0.6,3998,7926,Ellis,Simms,Simms,4,7,218997,Coventry City,COV,2,2,0,0,0,0
196,2026/27,3,0,0,0,0,0,0,0,0,0,0,0,0,0,0.0,0.0,0.0,0.0,0,50,0.0,0,79,Jahnoah,Markelo,Markelo,4,7,551262,Coventry City,COV,2,2,0,0,0,0
197,2026/27,3,0,0,0,0,0,0,0,0,0,0,0,0,0,0.0,0.0,0.0,0.0,0,45,0.0,0,194,Norman,Bassette,Bassette,4,7,549653,Coventry City,COV,2,2,0,0,0,0
198,2026/27,3,90,0,0,0,2,0,0,0,0,0,5,0,19,38.4,0.0,0.0,3.8,2,49,1.2,188,15971,Dean,Henderson,Henderson,1,8,172649,Crystal Palace,CRY,2,3,0,0,0,0
199,2026/27,3,0,0,0,0,0,0,0,0,0,0,0,0,0,0.0,0.0,0.0,0.0,0,45,0.1,1251,626,Walter,Benítez,Benitez,1,8,121709,Crystal Palace,CRY,2,3,0,0,0,0
200,2026/27,3,90,0,0,0,2,0,0,0,1,0,0,0,3,26.0,1.3,2.0,2.9,2,59,6.7,14567,41214,Maxence,Lacroix,Lacroix,2,6,437499,Chelsea,CHE,4,4,0,0,0,0
201,2026/27,3,31,0,0,0,0,0,0,0,0,0,0,0,5,2.4,0.8,4.0,0.7,1,54,5.6,12136,45511,Daniel,Muñoz Mejía,Muñoz,2,18,247348,Nott'm Forest,NFO,3,3,0,0,0,0
202,2026/27,3,90,0,0,0,2,0,0,0,0,0,0,0,8,28.8,0.5,7.0,3.6,1,49,0.6,2878,3205,Chris,Richards,Richards,2,8,427623,Crystal Palace,CRY,2,3,0,0,0,0
203,2026/27,3,90,0,0,0,2,0,0,0,0,0,0,0,4,13.0,1.9,0.0,1.5,1,48,0.2,830,1326,Jaydee,Canvot,Canvot,2,8,651426,Crystal Palace,CRY,2,3,0,0,0,0
204,2026/27,3,73,2,0,0,2,0,0,0,0,0,0,2,31,78.0,10.7,47.0,13.6,15,45,6.1,25095,28478,Tyrick,Mitchell,Mitchell,2,8,244723,Crystal Palace,CRY,2,3,0,0,0,0
205,2026/27,3,0,0,0,0,0,0,0,0,0,0,0,0,0,0.0,0.0,0.0,0.0,0,45,0.0,0,147,Borna,Sosa,Sosa,2,8,218364,Crystal Palace,CRY,2,3,0,0,0,0
206,2026/27,3,0,0,0,0,0,0,0,0,0,0,0,0,0,0.0,0.0,0.0,0.0,0,43,0.0,40,199,Chadi,Riad Dnanou,Chadi Riad,2,8,515621,Crystal Palace,CRY,2,3,0,0,0,0
207,2026/27,3,1,0,0,0,0,0,0,0,0,0,0,0,4,1.0,0.3,0.0,0.1,1,43,0.1,142,491,Oscar,Mingueza,Mingueza,2,8,242313,Crystal Palace,CRY,2,3,0,0,0,0
208,2026/27,3,0,0,0,0,0,0,0,0,0,0,0,0,0,0.0,0.0,0.0,0.0,0,62,0.6,4321,3295,Ismaïla,Sarr,Sarr,3,8,232185,Crystal Palace,CRY,2,3,0,0,0,0
209,2026/27,3,65,0,0,0,1,0,0,0,1,0,0,0,3,6.6,22.9,9.0,3.9,1,59,0.1,630,1151,Brennan,Johnson,Johnson,3,9,242898,Everton,EVE,3,3,0,0,0,0
210,2026/27,3,90,0,0,0,2,0,0,0,0,0,0,0,10,14.8,2.8,2.0,2.0,2,54,0.7,1615,6135,Adam,Wharton,Wharton,3,8,496221,Crystal Palace,CRY,2,3,0,0,0,0
211,2026/27,3,88,0,1,0,2,0,0,0,0,0,0,0,25,8.0,42.6,6.0,5.7,5,55,0.3,991,4383,Yéremy,Pino Santos,Yeremy,3,8,488024,Crystal Palace,CRY,2,3,0,0,0,0
212,2026/27,3,16,0,0,0,0,0,0,0,0,0,0,0,3,2.4,0.3,0.0,0.3,1,44,7.0,12499,73314,Will,Hughes,Hughes,3,8,108413,Crystal Palace,CRY,2,3,0,0,0,0
213,2026/27,3,0,0,0,0,0,0,0,0,0,0,0,0,0,0.0,0.0,0.0,0.0,0,48,0.1,140,528,Jefferson,Lerma Solís,Lerma,3,8,152551,Crystal Palace,CRY,2,3,0,0,0,0
214,2026/27,3,88,0,1,0,2,0,0,0,0,0,0,0,21,19.6,23.2,6.0,4.9,5,50,0.5,5135,4746,Daichi,Kamada,Kamada,3,8,209400,Crystal Palace,CRY,2,3,0,0,0,0
215,2026/27,3,0,0,0,0,0,0,0,0,0,0,0,0,0,0.0,0.0,0.0,0.0,0,50,0.0,0,48,Justin,Devenny,Devenny,3,8,489706,Crystal Palace,CRY,2,3,0,0,0,0
216,2026/27,3,0,0,0,0,0,0,0,0,0,0,0,0,0,0.0,0.0,0.0,0.0,0,50,0.0,0,176,Romain,Esse,Esse,3,8,606921,Crystal Palace,CRY,2,3,0,0,0,0
217,2026/27,3,0,0,0,0,0,0,0,0,0,0,0,0,0,0.0,0.0,0.0,0.0,0,49,0.0,0,227,Matheus,França de Oliveira,M.França,3,8,536694,Crystal Palace,CRY,2,3,0,0,0,0
218,2026/27,3,0,0,0,0,0,0,0,0,0,0,0,0,0,0.0,0.0,0.0,0.0,0,48,0.0,165,407,Cheick,Doucouré,Doucouré,3,8,438464,Crystal Palace,CRY,2,3,0,0,0,0
219,2026/27,3,0,0,0,0,0,0,0,0,0,0,0,0,0,0.0,0.0,0.0,0.0,0,49,0.0,0,35,Jesurun,Rak-Sakyi,J.Rak-Sakyi,3,8,450542,Crystal Palace,CRY,2,3,0,0,0,0
220,2026/27,3,0,0,0,0,0,0,0,0,0,0,0,0,0,0.0,0.0,0.0,0.0,0,45,0.0,0,3,Rio,Cardines,Cardines,2,8,590014,Crystal Palace,CRY,2,3,0,0,0,0
221,2026/27,3,0,0,0,0,0,0,0,0,0,0,0,0,0,0.0,0.0,0.0,0.0,0,44,0.1,236,601,Joél,Drakes-Thomas,Drakes-Thomas,3,8,672492,Crystal Palace,CRY,2,3,0,0,0,0
222,2026/27,3,45,0,0,0,0,0,0,0,0,0,0,0,4,2.4,0.8,0.0,0.3,1,60,0.7,10163,6167,Jørgen,Strand Larsen,Strand Larsen,4,8,247412,Crystal Palace,CRY,2,3,0,0,0,0
223,2026/27,3,0,0,0,0,0,0,0,0,0,0,0,0,0,0.0,0.0,0.0,0.0,0,63,1.2,305,12224,Jean-Philippe,Mateta,Mateta,4,8,231747,Crystal Palace,CRY,2,3,0,0,0,0
224,2026/27,3,45,0,1,0,2,0,0,0,0,0,0,0,16,21.2,10.7,19.0,5.1,4,55,0.5,1912,4871,Eddie,Nketiah,Nketiah,4,8,205533,Crystal Palace,CRY,2,3,0,0,0,0
225,2026/27,3,0,0,0,0,0,0,0,0,0,0,0,0,0,0.0,0.0,0.0,0.0,0,50,0.0,0,0,Christantus,Uche,Uche,4,8,660392,Crystal Palace,CRY,2,3,0,0,0,0
226,2026/27,3,90,0,0,0,2,0,0,0,0,0,1,0,6,9.2,0.0,0.0,0.9,1,55,9.2,41602,26407,Jordan,Pickford,Pickford,1,9,111234,Everton,EVE,3,3,0,0,0,0
227,2026/27,3,0,0,0,0,0,0,0,0,0,0,0,0,0,0.0,0.0,0.0,0.0,0,50,0.0,344,344,Mark,Travers,Travers,1,9,229600,Everton,EVE,3,3,0,0,0,0
228,2026/27,3,0,0,0,0,0,0,0,0,0,0,0,0,0,0.0,0.0,0.0,0.0,0,45,0.0,153,219,Tom,King,King,1,9,138001,Everton,EVE,3,3,0,0,0,0
229,2026/27,3,90,0,0,0,2,0,0,0,0,0,0,0,11,24.4,1.0,6.0,3.1,3,62,17.8,346867,43725,James,Tarkowski,Tarkowski,2,9,17761,Everton,EVE,3,3,0,0,0,0
230,2026/27,3,90,0,0,0,2,0,0,0,0,0,0,0,10,41.6,0.6,34.0,7.6,3,55,2.6,37063,12677,Jarrad,Branthwaite,Branthwaite,2,9,480455,Everton,EVE,3,3,0,0,0,0
231,2026/27,3,0,0,0,0,0,0,0,0,0,0,0,0,0,0.0,0.0,0.0,0.0,0,48,0.7,724,5658,Michael,Keane,Keane,2,9,106611,Everton,EVE,3,3,0,0,0,0
232,2026/27,3,0,0,0,0,0,0,0,0,0,0,0,0,0,0.0,0.0,0.0,0.0,0,48,0.3,541,1707,Jake,O'Brien,O'Brien,2,9,512462,Everton,EVE,3,3,0,0,0,0
233,2026/27,3,90,0,0,0,2,0,0,0,0,0,0,0,8,12.8,2.5,0.0,1.5,1,46,3.9,44447,54510,Vitalii,Mykolenko,Mykolenko,2,9,224967,Everton,EVE,3,3,0,0,0,0
234,2026/27,3,0,0,0,0,0,0,0,0,0,0,0,0,0,0.0,0.0,0.0,0.0,0,45,0.0,0,177,Nathan,Patterson,Patterson,2,9,243571,Everton,EVE,3,3,0,0,0,0
235,2026/27,3,0,0,0,0,0,0,0,0,0,0,0,0,0,0.0,0.0,0.0,0.0,0,40,0.1,0,863,Adam,Aznou,Aznou,2,9,499300,Everton,EVE,3,3,0,0,0,0
236,2026/27,3,90,0,0,0,2,0,0,0,0,0,0,0,20,24.0,30.0,33.0,8.7,2,66,5.8,45227,76119,Kiernan,Dewsbury-Hall,Dewsbury-Hall,3,9,215413,Everton,EVE,3,3,0,0,0,0
237,2026/27,3,86,0,0,1,0,0,0,0,0,0,0,0,12,7.0,17.9,10.0,3.5,3,58,6.4,11259,103940,Iliman,Ndiaye,Ndiaye,3,15,440993,Man City,MCI,4,5,0,0,0,0
238,2026/27,3,24,0,0,0,1,0,0,0,0,0,0,0,8,6.0,12.3,10.0,2.8,1,65,0.5,6194,4312,Jack,Grealish,Grealish,3,9,114283,Everton,EVE,3,3,0,0,0,0
239,2026/27,3,76,0,0,0,1,0,0,0,0,0,0,0,19,9.6,31.1,0.0,4.1,2,60,0.2,3160,3060,James,Garner,Garner,3,9,232928,Everton,EVE,3,3,0,0,0,0
240,2026/27,3,0,0,0,0,0,0,0,0,0,0,0,0,0,0.0,0.0,0.0,0.0,0,50,0.0,98,169,Tim,Iroegbunam,Iroegbunam,3,11,490094,Hull City,HUL,2,2,0,0,0,0
241,2026/27,3,0,0,0,0,0,0,0,0,0,0,0,0,0,0.0,0.0,0.0,0.0,0,53,0.1,130,711,Dwight,McNeil,McNeil,3,8,433154,Crystal Palace,CRY,2,3,0,0,0,0
242,2026/27,3,90,1,0,0,2,0,0,0,0,0,0,3,35,44.2,34.4,25.0,10.4,10,55,0.8,3500,16953,Tyrique,George,George,3,9,550615,Everton,EVE,3,3,0,0,0,0
243,2026/27,3,0,0,0,0,0,0,0,0,0,0,0,0,0,0.0,0.0,0.0,0.0,0,49,0.1,213,576,Carlos,Alcaraz Durán,Alcaraz,3,9,502697,Everton,EVE,3,3,0,0,0,0
244,2026/27,3,90,0,0,0,2,0,0,0,1,0,0,0,5,5.2,6.7,9.0,2.1,1,50,0.4,1209,4415,Harrison,Armstrong,Armstrong,3,9,609873,Everton,EVE,3,3,0,0,0,0
245,2026/27,3,0,0,0,0,0,0,0,0,0,0,0,0,0,0.0,0.0,0.0,0.0,0,53,0.0,169,235,Tyler,Dibling,Dibling,3,9,496661,Everton,EVE,3,3,0,0,0,0
246,2026/27,3,74,0,0,0,1,0,0,0,1,0,0,0,10,4.4,16.8,0.0,2.1,1,49,0.0,9,838,Merlin,Röhl,Röhl,3,9,513466,Everton,EVE,3,3,0,0,0,0
247,2026/27,3,15,0,1,0,1,0,0,0,0,0,0,0,14,20.6,25.5,10.0,5.6,4,54,0.2,258,1556,Hayden,Hackney,Hackney,3,9,244860,Everton,EVE,3,3,0,0,0,0
248,2026/27,3,0,0,0,0,0,0,0,0,0,0,0,0,0,0.0,0.0,0.0,0.0,0,54,0.6,0,10191,Norberto Bercique,Gomes Betuncal,Beto,4,9,486385,Everton,EVE,3,3,0,0,0,0
249,2026/27,3,90,0,0,0,2,0,0,0,0,0,0,0,7,0.2,15.0,24.0,3.9,2,57,8.6,141002,71231,Thierno,Barry,Barry,4,9,586309,Everton,EVE,3,3,0,0,0,0
250,2026/27,3,90,0,0,0,3,0,0,0,0,0,2,0,8,18.8,0.0,0.0,1.9,1,45,3.7,78809,22347,Bernd,Leno,Leno,1,10,80201,Fulham,FUL,2,3,0,0,0,0
251,2026/27,3,0,0,0,0,0,0,0,0,0,0,0,0,0,0.0,0.0,0.0,0.0,0,40,1.1,4264,4044,Benjamin,Lecomte,Lecomte,1,10,86873,Fulham,FUL,2,3,0,0,0,0
252,2026/27,3,0,0,0,0,0,0,0,0,0,0,0,0,0,0.0,0.0,0.0,0.0,0,40,0.1,0,884,Alfie,McNally,McNally,1,10,505079,Fulham,FUL,2,3,0,0,0,0
253,2026/27,3,90,0,0,0,3,0,0,0,0,0,0,0,8,24.4,22.9,6.0,5.3,1,50,0.2,4909,1662,Joachim,Andersen,Andersen,2,10,174874,Fulham,FUL,2,3,0,0,0,0
254,2026/27,3,78,0,0,0,3,0,0,0,0,0,0,0,7,14.6,24.8,9.0,4.8,1,45,1.5,33099,15865,Antonee,Robinson,Robinson,2,10,169528,Fulham,FUL,2,3,0,0,0,0
255,2026/27,3,0,0,0,0,0,0,0,0,0,0,0,0,0,0.0,0.0,0.0,0.0,0,45,0.0,90,150,Jorge,Cuenca Barreno,J.Cuenca,2,10,246301,Fulham,FUL,2,3,0,0,0,0
256,2026/27,3,0,0,0,0,0,0,0,0,0,0,0,0,0,0.0,0.0,0.0,0.0,0,44,0.2,147,1288,Kenny,Tete,Tete,2,10,167074,Fulham,FUL,2,3,0,0,0,0
257,2026/27,3,90,0,0,0,3,0,0,0,0,0,0,0,2,13.8,6.4,0.0,2.0,1,45,0.8,17018,3792,Calvin,Bassey,Bassey,2,10,232892,Fulham,FUL,2,3,0,0,0,0
258,2026/27,3,90,0,0,0,3,0,0,0,0,0,0,0,-1,20.6,24.1,30.0,7.5,1,45,1.1,30866,8552,Timothy,Castagne,Castagne,2,10,166477,Fulham,FUL,2,3,0,0,0,0
259,2026/27,3,90,0,0,0,2,0,0,0,0,0,0,0,10,27.2,10.8,0.0,3.8,3,40,12.3,12324,94415,Issa,Diop,Diop,2,12,219924,Ipswich Town,IPS,2,2,0,0,0,0
260,2026/27,3,17,0,0,0,0,0,0,0,1,0,0,0,0,1.4,20.3,2.0,2.4,0,62,1.5,102,56554,Harry,Wilson,Wilson,3,13,153682,Leeds,LEE,3,3,0,0,0,0
261,2026/27,3,82,0,0,0,3,0,0,0,0,0,0,0,15,7.6,23.7,11.0,4.2,2,54,0.7,8344,5265,Alex,Iwobi,Iwobi,3,10,153133,Fulham,FUL,2,3,0,0,0,0
262,2026/27,3,11,0,0,0,0,0,0,0,0,0,0,0,3,0.2,0.5,2.0,0.3,1,53,0.2,502,1774,Emile,Smith Rowe,Smith Rowe,3,10,209289,Fulham,FUL,2,3,0,0,0,0
263,2026/27,3,0,0,0,0,0,0,0,0,0,0,0,0,0,0.0,0.0,0.0,0.0,0,53,0.0,319,406,Kevin,Santos Lopes de Macedo,Kevin,3,10,560552,Fulham,FUL,2,3,0,0,0,0
264,2026/27,3,78,0,0,0,3,0,0,0,0,0,0,0,17,11.2,58.8,53.0,12.3,2,55,0.3,5018,2731,Oscar,Bobb,Bobb,3,10,477555,Fulham,FUL,2,3,0,0,0,0
265,2026/27,3,29,0,0,0,1,0,0,0,0,0,0,0,9,3.2,2.9,0.0,0.6,1,49,0.3,1124,2040,Sander,Berge,Berge,3,10,207189,Fulham,FUL,2,3,0,0,0,0
266,2026/27,3,0,0,0,0,0,0,0,0,0,0,0,0,0,0.0,0.0,0.0,0.0,0,49,0.0,21,23,Tom,Cairney,Cairney,3,10,76357,Fulham,FUL,2,3,0,0,0,0
267,2026/27,3,90,0,0,0,2,0,0,0,0,0,0,0,13,10.4,14.2,0.0,2.5,2,49,0.1,356,852,Saša,Lukić,Lukić,3,12,212314,Ipswich Town,IPS,2,2,0,0,0,0
268,2026/27,3,90,1,0,0,3,0,0,0,0,0,0,3,38,44.6,26.0,34.0,10.5,10,56,3.6,212144,35616,Josh,King,King,3,10,577725,Fulham,FUL,2,3,0,0,0,0
269,2026/27,3,11,0,0,0,0,0,0,0,0,0,0,0,3,2.0,14.8,4.0,2.1,1,43,0.3,582,1849,Ryan,Sessegnon,Sessegnon,2,10,184349,Fulham,FUL,2,3,0,0,0,0
270,2026/27,3,0,0,0,0,0,0,0,0,0,0,0,0,0,0.0,0.0,0.0,0.0,0,44,1.1,3605,10127,Harrison,Reed,Reed,3,10,153366,Fulham,FUL,2,3,0,0,0,0
271,2026/27,3,7,0,0,0,0,0,0,0,0,0,0,0,5,3.2,10.1,27.0,4.0,1,54,0.4,3000,3858,Rodrigo,Muniz Carvalho,Muniz,4,10,244042,Fulham,FUL,2,3,0,0,0,0
272,2026/27,3,0,0,0,0,0,0,0,0,0,0,0,0,0,0.0,0.0,0.0,0.0,0,45,5.3,16433,51140,Jonah,Kusi-Asare,Kusi-Asare,4,10,631786,Fulham,FUL,2,3,0,0,0,0
273,2026/27,3,0,0,0,0,0,0,0,0,0,0,0,0,0,0.0,0.0,0.0,0.0,0,40,1.4,4856,5753,Dillon,Phillips,Phillips,1,11,167825,Hull City,HUL,2,2,0,0,0,0
274,2026/27,3,0,0,0,0,0,0,0,0,0,0,0,0,0,0.0,0.0,0.0,0.0,0,44,0.1,81,447,Jack,Butland,Butland,1,11,105666,Hull City,HUL,2,2,0,0,0,0
275,2026/27,3,0,0,0,0,0,0,0,0,0,0,0,0,0,0.0,0.0,0.0,0.0,0,40,0.0,0,39,Harvey,Cartwright,Cartwright,1,11,494950,Hull City,HUL,2,2,0,0,0,0
276,2026/27,3,0,0,0,0,0,0,0,0,0,0,0,0,0,0.0,0.0,0.0,0.0,0,40,0.0,0,156,Thimothée,Lo-Tutala,Lo-Tutala,1,11,444307,Hull City,HUL,2,2,0,0,0,0
277,2026/27,3,90,0,0,1,0,0,0,0,0,0,0,0,18,15.4,0.1,0.0,1.6,6,41,7.2,60741,44919,John,Egan,Egan,2,11,108416,Hull City,HUL,2,2,0,0,0,0
278,2026/27,3,0,0,0,0,0,0,0,0,0,0,0,0,0,0.0,0.0,0.0,0.0,0,39,0.2,1340,2496,Charlie,Hughes,Hughes,2,11,501902,Hull City,HUL,2,2,0,0,0,0
279,2026/27,3,90,0,0,1,0,0,0,0,1,0,0,0,17,11.0,0.7,0.0,1.2,5,42,13.9,69350,83119,Semi,Ajayi,Ajayi,2,11,146426,Hull City,HUL,2,2,0,0,0,0
280,2026/27,3,63,0,0,1,0,0,0,0,0,0,0,0,19,1.4,4.6,0.0,0.6,6,40,0.7,3017,3147,Lewie,Coyle,Coyle,2,11,193278,Hull City,HUL,2,2,0,0,0,0
281,2026/27,3,0,0,0,0,0,0,0,0,0,0,0,0,0,0.0,0.0,0.0,0.0,0,40,0.0,0,319,Cody,Drameh,Drameh,2,11,433590,Hull City,HUL,2,2,0,0,0,0
282,2026/27,3,90,0,0,1,0,0,0,0,0,0,0,2,30,14.8,26.4,0.0,4.1,8,40,2.9,31827,20367,Ryan,Giles,Giles,2,11,232351,Hull City,HUL,2,2,0,0,0,0
283,2026/27,3,0,0,0,0,0,0,0,0,0,0,0,0,0,0.0,0.0,0.0,0.0,0,40,0.0,0,50,Matty,Jacob,Jacob,2,11,449428,Hull City,HUL,2,2,0,0,0,0
284,2026/27,3,0,0,0,0,0,0,0,0,0,0,0,0,0,0.0,0.0,0.0,0.0,0,40,0.1,542,621,Cathal,McCarthy,McCarthy,2,11,661800,Hull City,HUL,2,2,0,0,0,0
285,2026/27,3,0,0,0,0,0,0,0,0,0,0,0,0,0,0.0,0.0,0.0,0.0,0,40,0.1,274,602,Paddy,McNair,McNair,2,11,160817,Hull City,HUL,2,2,0,0,0,0
286,2026/27,3,81,0,0,1,0,0,0,0,0,0,0,0,15,22.8,12.4,10.0,4.5,5,51,5.6,128741,41951,Mohamed,Belloumi,Belloumi,3,11,540324,Hull City,HUL,2,2,0,0,0,0
287,2026/27,3,0,0,0,0,0,0,0,0,0,0,0,0,0,0.0,0.0,0.0,0.0,0,50,0.0,0,403,Liam,Millar,Millar,3,11,232905,Hull City,HUL,2,2,0,0,0,0
288,2026/27,3,0,0,0,0,0,0,0,0,0,0,0,0,0,0.0,0.0,0.0,0.0,0,44,0.3,836,2886,Kieran,Dowell,Dowell,3,11,171270,Hull City,HUL,2,2,0,0,0,0
289,2026/27,3,0,0,0,0,0,0,0,0,0,0,0,0,0,0.0,0.0,0.0,0.0,0,44,0.5,7246,6481,Matt,Crooks,Crooks,3,11,101282,Hull City,HUL,2,2,0,0,0,0
290,2026/27,3,90,0,0,1,0,0,0,0,0,0,0,0,10,10.6,12.3,8.0,3.1,3,45,5.1,24298,58133,Regan,Slater,Slater,3,11,243413,Hull City,HUL,2,2,0,0,0,0
291,2026/27,3,0,0,0,0,0,0,0,0,0,0,0,0,0,0.0,0.0,0.0,0.0,0,45,0.0,34,84,Eliot,Matazo,Matazo,3,11,465525,Hull City,HUL,2,2,0,0,0,0
292,2026/27,3,0,0,0,0,0,0,0,0,0,0,0,0,0,0.0,0.0,0.0,0.0,0,49,0.0,102,187,Abdülkadir,Ömür,Ömür,3,11,208481,Hull City,HUL,2,2,0,0,0,0
293,2026/27,3,0,0,0,0,0,0,0,0,0,0,0,0,0,0.0,0.0,0.0,0.0,0,50,0.0,0,15,Abu,Kamara,Kamara,3,11,490161,Hull City,HUL,2,2,0,0,0,0
294,2026/27,3,0,0,0,0,0,0,0,0,0,0,0,0,0,0.0,0.0,0.0,0.0,0,45,0.1,195,658,Óscar,Zambrano,Zambrano,3,11,553783,Hull City,HUL,2,2,0,0,0,0
295,2026/27,3,90,0,0,1,0,0,0,0,0,0,0,0,2,2.6,11.3,15.0,2.9,2,55,1.9,13686,25585,Oli,McBurnie,McBurnie,4,11,169432,Hull City,HUL,2,2,0,0,0,0
296,2026/27,3,0,0,0,0,0,0,0,0,0,0,0,0,0,0.0,0.0,0.0,0.0,0,50,0.0,0,351,David,Akintola,Akintola,3,11,213292,Hull City,HUL,2,2,0,0,0,0
297,2026/27,3,0,0,0,0,0,0,0,0,0,0,0,0,0,0.0,0.0,0.0,0.0,0,44,0.0,79,180,Darko,Gyabi,Gyabi,3,11,470294,Hull City,HUL,2,2,0,0,0,0
298,2026/27,3,0,0,0,0,0,0,0,0,0,0,0,0,0,0.0,0.0,0.0,0.0,0,45,0.2,0,1933,Enis,Destan,Destan,4,11,500957,Hull City,HUL,2,2,0,0,0,0
299,2026/27,3,0,0,0,0,0,0,0,0,0,0,0,0,0,0.0,0.0,0.0,0.0,0,45,0.0,0,292,Mason,Burstow,Burstow,4,11,534392,Hull City,HUL,2,2,0,0,0,0
300,2026/27,3,0,0,0,0,0,0,0,0,0,0,0,0,0,0.0,0.0,0.0,0.0,0,44,0.4,3133,1727,Christian,Walton,Walton,1,12,108813,Ipswich Town,IPS,2,2,0,0,0,0
301,2026/27,3,0,0,0,0,0,0,0,0,0,0,0,0,0,0.0,0.0,0.0,0.0,0,40,3.8,8419,19530,Alex,Palmer,Palmer,1,12,112520,Ipswich Town,IPS,2,2,0,0,0,0
302,2026/27,3,0,0,0,0,0,0,0,0,0,0,0,0,0,0.0,0.0,0.0,0.0,0,40,0.6,2618,2088,David,Button,Button,1,12,50093,Ipswich Town,IPS,2,2,0,0,0,0
303,2026/27,3,0,0,0,0,0,0,0,0,0,0,0,0,0,0.0,0.0,0.0,0.0,0,39,0.9,6175,6020,Cédric,Kipré,Kipré,2,12,183015,Ipswich Town,IPS,2,2,0,0,0,0
304,2026/27,3,90,0,0,0,2,0,0,0,0,0,0,0,5,23.8,4.4,4.0,3.2,3,40,2.6,3629,22813,Dara,O'Shea,O'Shea,2,12,216616,Ipswich Town,IPS,2,2,0,0,0,0
305,2026/27,3,90,0,0,0,2,0,0,0,0,0,0,0,4,17.4,21.5,19.0,5.8,1,40,7.3,99983,44795,Leif,Davis,Davis,2,12,455084,Ipswich Town,IPS,2,2,0,0,0,0
306,2026/27,3,90,0,0,0,2,0,0,0,0,0,0,0,6,15.0,12.3,4.0,3.1,1,39,1.1,4833,6593,Jacob,Greaves,Greaves,2,12,449429,Ipswich Town,IPS,2,2,0,0,0,0
307,2026/27,3,0,0,0,0,0,0,0,0,0,0,0,0,0,0.0,0.0,0.0,0.0,0,40,0.1,0,547,Ben,Johnson,Johnson,2,12,222018,Ipswich Town,IPS,2,2,0,0,0,0
308,2026/27,3,0,0,0,0,0,0,0,0,0,0,0,0,0,0.0,0.0,0.0,0.0,0,39,0.6,7953,4306,Darnell,Furlong,Furlong,2,12,176420,Ipswich Town,IPS,2,2,0,0,0,0
309,2026/27,3,0,0,0,0,0,0,0,0,0,0,0,0,0,0.0,0.0,0.0,0.0,0,49,0.1,125,938,Marcelino,Núñez,Núñez,3,12,501390,Ipswich Town,IPS,2,2,0,0,0,0
310,2026/27,3,0,0,0,0,0,0,0,0,0,0,0,0,0,0.0,0.0,0.0,0.0,0,49,0.0,22,23,Azor,Matusiwa,Matusiwa,3,12,241117,Ipswich Town,IPS,2,2,0,0,0,0
311,2026/27,3,0,0,0,0,0,0,0,0,0,0,0,0,0,0.0,0.0,0.0,0.0,0,50,0.0,0,10,Wes,Burns,Burns,3,12,149929,Ipswich Town,IPS,2,2,0,0,0,0
312,2026/27,3,0,0,0,0,0,0,0,0,0,0,0,0,0,0.0,0.0,0.0,0.0,0,44,0.0,454,391,Jack,Taylor,Taylor,3,12,231899,Ipswich Town,IPS,2,2,0,0,0,0
313,2026/27,3,24,0,0,0,0,0,0,0,0,0,0,0,3,3.4,11.7,4.0,1.9,1,54,0.2,361,1415,Jack,Clarke,Clarke,3,12,443261,Ipswich Town,IPS,2,2,0,0,0,0
314,2026/27,3,0,0,0,0,0,0,0,0,0,0,0,0,0,0.0,0.0,0.0,0.0,0,49,0.0,0,90,Chiedozie,Ogbene,Ogbene,3,12,229164,Ipswich Town,IPS,2,2,0,0,0,0
315,2026/27,3,78,0,0,0,2,0,0,0,0,0,0,0,14,10.2,32.9,4.0,4.7,2,54,0.1,77,3631,Abdul,Fatawu,Fatawu,3,12,531442,Ipswich Town,IPS,2,2,0,0,0,0
316,2026/27,3,65,0,0,0,2,0,0,0,0,0,0,0,8,3.2,0.0,8.0,1.1,2,55,3.9,68709,32199,Emersonn,Correia da Silva,Emersonn,4,12,543968,Ipswich Town,IPS,2,2,0,0,0,0
317,2026/27,3,0,0,0,0,0,0,0,0,0,0,0,0,0,0.0,0.0,0.0,0.0,0,50,0.1,0,747,George,Hirst,Hirst,4,12,222625,Ipswich Town,IPS,2,2,0,0,0,0
318,2026/27,3,0,0,0,0,0,0,0,0,0,0,0,0,0,0.0,0.0,0.0,0.0,0,54,0.1,52,233,Jaden,Philogene,Philogene,3,12,481624,Ipswich Town,IPS,2,2,0,0,0,0
319,2026/27,3,0,0,0,0,0,0,0,0,0,0,0,0,0,0.0,0.0,0.0,0.0,0,50,0.0,0,22,Sam,Szmodics,Szmodics,3,12,172453,Ipswich Town,IPS,2,2,0,0,0,0
320,2026/27,3,0,0,0,0,0,0,0,0,0,0,0,0,0,0.0,0.0,0.0,0.0,0,50,1.1,6543,13288,Chuba,Akpom,Akpom,4,12,147675,Ipswich Town,IPS,2,2,0,0,0,0
321,2026/27,3,0,0,0,0,0,0,0,0,0,0,0,0,0,0.0,0.0,0.0,0.0,0,45,3.5,29016,39336,Sindre,Walle Egeli,Walle Egeli,4,12,557012,Ipswich Town,IPS,2,2,0,0,0,0
322,2026/27,3,0,0,0,0,0,0,0,0,0,0,0,0,0,0.0,0.0,0.0,0.0,0,50,0.0,0,525,Ali,Al-Hamadi,Al-Hamadi,4,12,462387,Ipswich Town,IPS,2,2,0,0,0,0
323,2026/27,3,11,0,0,0,0,0,0,0,0,0,0,0,5,3.2,0.5,7.0,1.1,1,44,1.0,2641,9896,Kasey,McAteer,McAteer,3,12,461587,Ipswich Town,IPS,2,2,0,0,0,0
324,2026/27,3,0,0,0,0,0,0,0,0,0,0,0,0,0,0.0,0.0,0.0,0.0,0,48,0.0,94,219,Anis,Mehmeti,Mehmeti,3,12,232457,Ipswich Town,IPS,2,2,0,0,0,0
325,2026/27,3,0,0,0,0,0,0,0,0,0,0,0,0,0,0.0,0.0,0.0,0.0,0,45,0.0,73,293,Karl,Darlow,Darlow,1,16,59735,Man Utd,MUN,4,4,0,0,0,0
326,2026/27,3,0,0,0,0,0,0,0,0,0,0,0,0,0,0.0,0.0,0.0,0.0,0,45,0.3,0,1863,Lucas Estella,Perri,Perri,1,13,201595,Leeds,LEE,3,3,0,0,0,0
327,2026/27,3,29,0,0,0,1,0,0,0,0,0,0,0,1,6.2,0.0,0.0,0.6,1,50,0.7,1096,7413,Jaka,Bijol,Bijol,2,13,434752,Leeds,LEE,3,3,0,0,0,0
328,2026/27,3,1,0,0,0,0,0,0,0,0,0,0,0,3,0.2,0.1,0.0,0.0,1,49,0.2,676,1475,Pascal,Struijk,Struijk,2,5,222694,Brighton,BHA,3,4,0,0,0,0
329,2026/27,3,0,0,0,0,0,0,0,0,0,0,0,0,0,0.0,0.0,0.0,0.0,0,43,0.7,68,14159,Joe,Rodon,Rodon,2,13,214225,Leeds,LEE,3,3,0,0,0,0
330,2026/27,3,60,1,0,1,0,0,0,0,1,0,0,3,30,35.4,1.7,33.0,7.0,14,46,7.8,196067,45805,Jayden,Bogle,Bogle,2,13,226182,Leeds,LEE,3,3,0,0,0,0
331,2026/27,3,90,0,0,0,1,0,0,0,0,0,0,0,9,12.6,1.2,2.0,1.6,2,45,0.1,1210,590,Gabriel,Gudmundsson,Gudmundsson,2,13,243526,Leeds,LEE,3,3,0,0,0,0
332,2026/27,3,90,0,0,0,1,0,0,0,0,0,0,0,9,16.8,1.5,21.0,3.9,4,45,1.4,9270,10219,James,Justin,Justin,2,13,220627,Leeds,LEE,3,3,0,0,0,0
333,2026/27,3,0,0,0,0,0,0,0,0,0,0,0,0,0,0.0,0.0,0.0,0.0,0,45,0.0,0,7,Sebastiaan,Bornauw,Bornauw,2,13,437738,Leeds,LEE,3,3,0,0,0,0
334,2026/27,3,90,0,0,0,1,0,0,0,0,0,0,0,10,29.2,0.8,2.0,3.2,4,50,4.4,60675,42250,Tarik,Muharemović,Muharemović,2,13,522047,Leeds,LEE,3,3,0,0,0,0
335,2026/27,3,90,0,0,0,1,0,0,0,0,0,0,0,7,15.4,16.5,19.0,5.1,2,60,2.4,7651,28269,Anton,Stach,Stach,3,13,466525,Leeds,LEE,3,3,0,0,0,0
336,2026/27,3,61,0,0,1,0,0,0,0,0,0,0,0,9,1.4,0.6,2.0,0.4,3,58,0.4,3122,5894,Noah,Okafor,Okafor,3,13,435997,Leeds,LEE,3,3,0,0,0,0
337,2026/27,3,28,0,0,0,1,0,0,0,0,0,0,0,5,0.0,1.0,0.0,0.1,1,53,0.5,307,5027,Brenden,Aaronson,Aaronson,3,13,427637,Leeds,LEE,3,3,0,0,0,0
338,2026/27,3,90,0,0,0,1,0,0,0,0,0,0,0,13,23.6,1.3,0.0,2.5,2,54,0.9,3062,8331,Ethan,Ampadu,Ampadu,3,13,199598,Leeds,LEE,3,3,0,0,0,0
339,2026/27,3,0,0,0,0,0,0,0,0,0,0,0,0,0,0.0,0.0,0.0,0.0,0,48,0.1,245,907,Sean,Longstaff,Longstaff,3,13,180135,Leeds,LEE,3,3,0,0,0,0
340,2026/27,3,0,0,0,0,0,0,0,0,0,0,0,0,0,0.0,0.0,0.0,0.0,0,50,0.0,121,147,Joe,Gelhardt,Gelhardt,3,11,462635,Hull City,HUL,2,2,0,0,0,0
341,2026/27,3,0,0,0,0,0,0,0,0,0,0,0,0,0,0.0,0.0,0.0,0.0,0,50,0.0,0,81,Wilfried,Gnonto,Gnonto,3,13,492859,Leeds,LEE,3,3,0,0,0,0
342,2026/27,3,0,0,0,0,0,0,0,0,0,0,0,0,0,0.0,0.0,0.0,0.0,0,50,0.0,0,5,Jack,Harrison,Harrison,3,13,221399,Leeds,LEE,3,3,0,0,0,0
343,2026/27,3,0,0,0,0,0,0,0,0,0,0,0,0,0,0.0,0.0,0.0,0.0,0,49,0.1,249,1053,Daniel,James,James,3,13,200617,Leeds,LEE,3,3,0,0,0,0
344,2026/27,3,0,0,0,0,0,0,0,0,0,0,0,0,0,0.0,0.0,0.0,0.0,0,50,0.0,58,26,Ilia,Gruev,Gruev,3,13,486520,Leeds,LEE,3,3,0,0,0,0
345,2026/27,3,72,0,1,0,1,0,0,0,0,0,0,0,18,20.8,12.2,13.0,4.6,5,49,0.3,3282,3503,Tanaka,Ao,Tanaka,3,13,248056,Leeds,LEE,3,3,0,0,0,0
346,2026/27,3,72,0,0,0,1,0,0,0,1,0,0,0,0,4.4,11.3,21.0,3.7,1,60,24.1,143646,289634,Dominic,Calvert-Lewin,Calvert-Lewin,4,13,177815,Leeds,LEE,3,3,0,0,0,0
347,2026/27,3,17,0,0,0,0,0,0,0,0,0,0,0,2,0.0,1.8,9.0,0.9,1,54,0.5,2845,5140,Lukas,Nmecha,Nmecha,4,13,174594,Leeds,LEE,3,3,0,0,0,0
348,2026/27,3,0,0,0,0,0,0,0,0,0,0,0,0,0,0.0,0.0,0.0,0.0,0,50,0.1,0,595,Joël,Piroe,Piroe,4,13,235826,Leeds,LEE,3,3,0,0,0,0
349,2026/27,3,0,0,0,0,0,0,0,0,0,0,0,0,0,0.0,0.0,0.0,0.0,0,45,0.1,489,660,Mateo,Joseph Fernández-Regatillo,Mateo Joseph,4,13,565297,Leeds,LEE,3,3,0,0,0,0
350,2026/27,3,90,0,0,1,0,0,0,0,0,0,5,1,35,30.4,0.0,0.0,3.0,8,55,4.2,21063,18256,Alisson,Becker,A.Becker,1,14,116535,Liverpool,LIV,4,4,0,0,0,0
351,2026/27,3,0,0,0,0,0,0,0,0,0,0,0,0,0,0.0,0.0,0.0,0.0,0,48,0.1,322,751,Giorgi,Mamardashvili,Mamardashvili,1,14,449027,Liverpool,LIV,4,4,0,0,0,0
352,2026/27,3,0,0,0,0,0,0,0,0,0,0,0,0,0,0.0,0.0,0.0,0.0,0,40,1.0,1167,3291,Freddie,Woodman,Woodman,1,14,155503,Liverpool,LIV,4,4,0,0,0,0
353,2026/27,3,0,0,0,0,0,0,0,0,0,0,0,0,0,0.0,0.0,0.0,0.0,0,40,0.0,0,98,Armin,Pecsi,Pecsi,1,14,586268,Liverpool,LIV,4,4,0,0,0,0
354,2026/27,3,0,0,0,0,0,0,0,0,0,0,0,0,0,0.0,0.0,0.0,0.0,0,40,0.0,281,212,Vitezslav,Jaros,Jaros,1,14,432987,Liverpool,LIV,4,4,0,0,0,0
355,2026/27,3,0,0,0,0,0,0,0,0,0,0,0,0,0,0.0,0.0,0.0,0.0,0,40,0.2,430,605,Harvey,Davies,Davies,1,14,464353,Liverpool,LIV,4,4,0,0,0,0
356,2026/27,3,90,0,0,1,0,0,0,0,0,0,0,0,32,23.2,1.8,0.0,2.5,6,65,16.1,36379,67051,Virgil,van Dijk,Virgil,2,14,97032,Liverpool,LIV,4,4,0,0,0,0
357,2026/27,3,0,0,0,0,0,0,0,0,0,0,0,0,0,0.0,0.0,0.0,0.0,0,53,1.7,2121,17363,Jeremie,Frimpong,Frimpong,2,14,216094,Liverpool,LIV,4,4,0,0,0,0
358,2026/27,3,90,0,0,1,0,0,0,0,1,0,0,0,23,13.8,11.3,0.0,2.5,5,53,2.2,3671,16845,Milos,Kerkez,Kerkez,2,14,544877,Liverpool,LIV,4,4,0,0,0,0
359,2026/27,3,0,0,0,0,0,0,0,0,0,0,0,0,0,0.0,0.0,0.0,0.0,0,49,0.0,429,141,Joe,Gomez,Gomez,2,14,171287,Liverpool,LIV,4,4,0,0,0,0
360,2026/27,3,0,0,0,0,0,0,0,0,0,0,0,0,0,0.0,0.0,0.0,0.0,0,50,0.0,76,103,Conor,Bradley,Bradley,2,14,492777,Liverpool,LIV,4,4,0,0,0,0
361,2026/27,3,0,0,0,0,0,0,0,0,0,0,0,0,0,0.0,0.0,0.0,0.0,0,40,0.1,359,736,Wellity,Lucky,Lucky,2,14,519440,Liverpool,LIV,4,4,0,0,0,0
362,2026/27,3,90,0,0,1,0,0,0,0,1,0,0,0,28,22.8,12.5,2.0,3.7,5,50,3.4,45123,32500,Jeremy,Jacquet,Jacquet,2,14,606702,Liverpool,LIV,4,4,0,0,0,0
363,2026/27,3,0,0,0,0,0,0,0,0,0,0,0,0,0,0.0,0.0,0.0,0.0,0,40,0.0,85,262,Giovanni,Leoni,Leoni,2,14,647681,Liverpool,LIV,4,4,0,0,0,0
364,2026/27,3,0,0,0,0,0,0,0,0,0,0,0,0,0,0.0,0.0,0.0,0.0,0,49,0.1,139,487,Kostas,Tsimikas,Tsimikas,2,14,214285,Liverpool,LIV,4,4,0,0,0,0
365,2026/27,3,0,0,0,0,0,0,0,0,0,0,0,0,0,0.0,0.0,0.0,0.0,0,40,0.1,0,668,Calvin,Ramsay,Ramsay,2,14,489580,Liverpool,LIV,4,4,0,0,0,0
366,2026/27,3,90,0,0,1,0,0,0,0,0,0,0,0,14,6.6,34.0,22.0,6.3,3,73,5.6,10355,63423,Florian,Wirtz,Wirtz,3,14,494595,Liverpool,LIV,4,4,0,0,0,0
367,2026/27,3,90,0,2,1,0,0,0,0,0,0,0,2,43,49.6,42.7,13.0,10.5,11,72,11.1,55041,211282,Cody,Gakpo,Gakpo,3,14,243298,Liverpool,LIV,4,4,0,0,0,0
368,2026/27,3,90,0,0,1,0,0,0,0,0,0,0,0,20,19.4,29.9,21.0,7.0,3,69,31.5,56130,347337,Dominik,Szoboszlai,Szoboszlai,3,14,424876,Liverpool,LIV,4,4,0,0,0,0
369,2026/27,3,0,0,0,0,0,0,0,0,0,0,0,0,0,0.0,0.0,0.0,0.0,0,57,0.4,1173,5704,Rio,Ngumoha,Ngumoha,3,14,611922,Liverpool,LIV,4,4,0,0,0,0
370,2026/27,3,0,0,0,0,0,0,0,0,0,0,0,0,0,0.0,0.0,0.0,0.0,0,53,0.0,20,309,Federico,Chiesa,Chiesa,3,14,223541,Liverpool,LIV,4,4,0,0,0,0
371,2026/27,3,26,0,0,0,0,0,0,0,0,0,0,0,2,2.2,1.7,0.0,0.4,1,58,1.1,1710,11637,Ryan,Gravenberch,Gravenberch,3,14,441266,Liverpool,LIV,4,4,0,0,0,0
372,2026/27,3,83,0,0,1,0,0,0,0,1,0,0,0,14,16.6,12.8,18.0,4.7,2,54,1.3,5280,9664,Alexis,Mac Allister,Mac Allister,3,14,243016,Liverpool,LIV,4,4,0,0,0,0
373,2026/27,3,0,0,0,0,0,0,0,0,0,0,0,0,0,0.0,0.0,0.0,0.0,0,55,0.0,0,85,Curtis,Jones,C.Jones,3,14,206915,Liverpool,LIV,4,4,0,0,0,0
374,2026/27,3,0,0,0,0,0,0,0,0,0,0,0,0,0,0.0,0.0,0.0,0.0,0,49,0.1,193,522,Endo,Wataru,Endo,3,14,158983,Liverpool,LIV,4,4,0,0,0,0
375,2026/27,3,6,0,0,0,0,0,0,0,0,0,0,0,3,0.2,0.1,0.0,0.0,1,49,0.0,125,389,Trey,Nyoni,Nyoni,3,14,591386,Liverpool,LIV,4,4,0,0,0,0
376,2026/27,3,0,0,0,0,0,0,0,0,0,0,0,0,0,0.0,0.0,0.0,0.0,0,50,0.0,0,4,Stefan,Bajčetić Maquieira,Bajcetic,3,14,535928,Liverpool,LIV,4,4,0,0,0,0
377,2026/27,3,63,0,0,1,0,0,0,0,0,0,0,0,9,0.8,4.3,6.0,1.1,3,65,0.9,2514,15654,Victor,Munoz,Munoz,3,14,551499,Liverpool,LIV,4,4,0,0,0,0
378,2026/27,3,0,0,0,0,0,0,0,0,0,0,0,0,0,0.0,0.0,0.0,0.0,0,44,0.2,1187,1912,James,McConnell,McConnell,3,14,491501,Liverpool,LIV,4,4,0,0,0,0
379,2026/27,3,63,2,0,1,0,0,0,0,0,0,0,3,61,67.0,6.4,34.0,10.7,13,91,20.5,131614,266978,Alexander,Isak,Isak,4,14,219168,Liverpool,LIV,4,4,0,0,0,0
380,2026/27,3,0,0,0,0,0,0,0,0,0,0,0,0,0,0.0,0.0,0.0,0.0,0,74,0.1,512,1027,Hugo,Ekitiké,Ekitiké,4,14,510663,Liverpool,LIV,4,4,0,0,0,0
381,2026/27,3,1,0,0,0,0,0,0,0,0,0,0,0,3,0.0,0.0,0.0,0.0,1,50,0.0,432,264,Lewis,Koumas,Koumas,3,14,514514,Liverpool,LIV,4,4,0,0,0,0
382,2026/27,3,0,0,0,0,0,0,0,0,0,0,0,0,0,0.0,0.0,0.0,0.0,0,45,0.2,4829,3143,Jayden,Danns,Danns,4,14,500058,Liverpool,LIV,4,4,0,0,0,0
383,2026/27,3,0,0,0,0,0,0,0,0,0,0,0,0,0,0.0,0.0,0.0,0.0,0,54,0.0,0,288,Harvey,Elliott,Elliott,3,14,444884,Liverpool,LIV,4,4,0,0,0,0
384,2026/27,3,90,0,0,1,0,0,0,0,0,0,3,0,29,26.8,0.0,0.0,2.7,7,55,7.5,14248,45185,Gianluigi,Donnarumma,Donnarumma,1,15,204936,Man City,MCI,4,5,0,0,0,0
385,2026/27,3,90,0,0,0,1,0,0,0,0,0,4,0,18,34.8,0.0,0.0,3.5,3,50,5.5,35465,24370,James,Trafford,Trafford,1,13,432720,Leeds,LEE,3,3,0,0,0,0
386,2026/27,3,0,0,0,0,0,0,0,0,0,0,0,0,0,0.0,0.0,0.0,0.0,0,45,0.0,83,118,Marcus,Bettinelli,Bettinelli,1,15,122074,Man City,MCI,4,5,0,0,0,0
387,2026/27,3,0,0,0,0,0,0,0,0,0,0,0,0,0,0.0,0.0,0.0,0.0,0,63,10.3,5621,130143,Nico,O'Reilly,O'Reilly,2,15,472769,Man City,MCI,4,5,0,0,0,0
388,2026/27,3,90,0,0,1,0,0,0,0,0,0,0,2,31,28.8,9.6,2.0,4.0,8,60,17.9,33707,78966,Marc,Guéhi,Guéhi,2,15,209036,Man City,MCI,4,5,0,0,0,0
389,2026/27,3,0,0,0,0,0,0,0,0,0,0,0,0,0,0.0,0.0,0.0,0.0,0,59,1.0,2489,4102,Matheus,Nunes,Matheus N.,2,15,465351,Man City,MCI,4,5,0,0,0,0
390,2026/27,3,90,0,0,1,0,0,0,0,0,0,0,0,25,20.6,6.6,0.0,2.7,6,55,1.9,6456,12705,Rúben,dos Santos Gato Alves Dias,Rúben,2,15,171314,Man City,MCI,4,5,0,0,0,0
391,2026/27,3,90,0,0,1,0,0,0,0,0,0,0,2,31,18.8,6.9,7.0,3.3,8,57,27.0,220319,97805,Joško,Gvardiol,Gvardiol,2,15,477424,Man City,MCI,4,5,0,0,0,0
392,2026/27,3,0,0,0,0,0,0,0,0,0,0,0,0,0,0.0,0.0,0.0,0.0,0,52,0.4,694,2857,Rayan,Aït-Nouri,Aït-Nouri,2,15,448514,Man City,MCI,4,5,0,0,0,0
393,2026/27,3,90,0,0,1,0,0,0,0,1,0,0,0,22,13.6,3.9,0.0,1.8,5,54,1.3,1826,11553,Abdukodir,Khusanov,Khusanov,2,15,578153,Man City,MCI,4,5,0,0,0,0
394,2026/27,3,0,0,0,0,0,0,0,0,0,0,0,0,0,0.0,0.0,0.0,0.0,0,50,0.0,0,22,Max,Alleyne,Alleyne,2,15,494307,Man City,MCI,4,5,0,0,0,0
395,2026/27,3,0,0,0,0,0,0,0,0,0,0,0,0,0,0.0,0.0,0.0,0.0,0,44,0.2,450,1577,Rico,Lewis,Lewis,2,15,477064,Man City,MCI,4,5,0,0,0,0
396,2026/27,3,0,0,0,0,0,0,0,0,0,0,0,0,0,0.0,0.0,0.0,0.0,0,45,0.0,92,188,Vitor,de Oliveira Nunes dos Reis,Vitor Reis,2,15,616222,Man City,MCI,4,5,0,0,0,0
397,2026/27,3,90,0,1,1,0,0,0,0,0,0,0,0,26,22.6,45.9,11.0,8.0,6,84,14.3,139185,165438,Antoine,Semenyo,Semenyo,3,15,437730,Man City,MCI,4,5,0,0,0,0
398,2026/27,3,24,0,0,0,0,0,0,0,0,0,0,0,3,4.4,14.8,7.0,2.6,1,69,1.7,266,40361,Phil,Foden,Foden,3,15,209244,Man City,MCI,4,5,0,0,0,0
399,2026/27,3,65,0,0,1,0,0,0,0,0,0,0,0,23,7.4,52.2,24.0,8.4,3,78,28.6,206255,149301,Rayan,Cherki,Cherki,3,15,466052,Man City,MCI,4,5,0,0,0,0
400,2026/27,3,0,0,0,0,0,0,0,0,0,0,0,0,0,0.0,0.0,0.0,0.0,0,74,0.7,7460,2924,Jérémy,Doku,Doku,3,15,248875,Man City,MCI,4,5,0,0,0,0
401,2026/27,3,83,0,0,1,0,0,0,0,0,0,0,0,6,0.0,2.4,10.0,1.0,2,70,2.2,21869,31034,Omar,Marmoush,Marmoush,4,19,438234,Spurs,TOT,2,3,0,0,0,0
402,2026/27,3,0,0,0,0,0,0,0,0,0,0,0,0,0,0.0,0.0,0.0,0.0,0,65,0.0,0,30,Rodrigo 'Rodri',Hernandez Cascante,Rodrigo,3,15,220566,Man City,MCI,4,5,0,0,0,0
403,2026/27,3,60,0,0,1,0,0,0,0,0,0,0,0,15,6.2,17.3,15.0,3.9,3,65,0.6,5026,10818,Sávio,Moreira de Oliveira,Sávio,3,19,510281,Spurs,TOT,2,3,0,0,0,0
404,2026/27,3,0,0,0,0,0,0,0,0,0,0,0,0,0,0.0,0.0,0.0,0.0,0,60,0.0,0,122,Tijjani,Reijnders,Reijnders,3,15,433036,Man City,MCI,4,5,0,0,0,0
405,2026/27,3,76,0,0,0,2,0,0,0,0,0,0,0,11,6.2,12.4,2.0,2.1,2,55,0.2,1079,2185,Nico,González Iglesias,N.Gonzalez,3,17,465694,Newcastle,NEW,3,3,0,0,0,0
406,2026/27,3,0,0,0,0,0,0,0,0,0,0,0,0,0,0.0,0.0,0.0,0.0,0,53,0.1,143,571,Mateo,Kovačić,Kovačić,3,15,91651,Man City,MCI,4,5,0,0,0,0
407,2026/27,3,0,0,0,0,0,0,0,0,0,0,0,0,0,0.0,0.0,0.0,0.0,0,49,0.0,0,68,Claudio,Echeverri,Echeverri,3,15,575204,Man City,MCI,4,5,0,0,0,0
408,2026/27,3,0,0,0,0,0,0,0,0,0,0,0,0,0,0.0,0.0,0.0,0.0,0,50,0.0,0,18,Kalvin,Phillips,Phillips,3,15,155405,Man City,MCI,4,5,0,0,0,0
409,2026/27,3,0,0,0,0,0,0,0,0,0,0,0,0,0,0.0,0.0,0.0,0.0,0,45,0.1,0,829,Divine,Mukasa,Mukasa,3,15,590039,Man City,MCI,4,5,0,0,0,0
410,2026/27,3,0,0,0,0,0,0,0,0,0,0,0,0,0,0.0,0.0,0.0,0.0,0,49,0.0,0,70,Jeremy,Monga,Monga,3,15,649208,Man City,MCI,4,5,0,0,0,0
411,2026/27,3,90,1,0,1,0,0,0,0,0,0,0,3,40,48.8,13.6,63.0,12.5,9,156,74.1,126550,38782,Erling,Haaland,Haaland,4,15,223094,Man City,MCI,4,5,0,0,0,0
412,2026/27,3,90,0,0,0,2,0,0,0,0,0,4,0,13,31.8,0.0,0.0,3.2,2,49,9.6,10677,77516,Senne,Lammens,Lammens,1,16,465247,Man Utd,MUN,4,4,0,0,0,0
413,2026/27,3,0,0,0,0,0,0,0,0,0,0,0,0,0,0.0,0.0,0.0,0.0,0,45,0.0,0,60,Altay,Bayındır,Bayindir,1,16,451302,Man Utd,MUN,4,4,0,0,0,0
414,2026/27,3,0,0,0,0,0,0,0,0,0,0,0,0,0,0.0,0.0,0.0,0.0,0,40,0.1,298,406,Tom,Heaton,Heaton,1,16,21205,Man Utd,MUN,4,4,0,0,0,0
415,2026/27,3,20,0,0,0,2,0,0,0,0,0,0,0,3,4.2,1.3,2.0,0.8,1,58,0.5,1068,7139,Patrick,Dorgu,Dorgu,3,16,596777,Man Utd,MUN,4,4,0,0,0,0
416,2026/27,3,0,0,0,0,0,0,0,0,0,0,0,0,0,0.0,0.0,0.0,0.0,0,49,0.0,103,165,Matthijs,de Ligt,De Ligt,2,16,209365,Man Utd,MUN,4,4,0,0,0,0
417,2026/27,3,83,0,0,0,1,0,0,0,1,0,0,0,8,4.8,22.7,6.0,3.4,1,49,1.6,2643,11423,Diogo,Dalot Teixeira,Dalot,2,16,216051,Man Utd,MUN,4,4,0,0,0,0
418,2026/27,3,90,0,0,0,2,0,0,0,1,0,0,0,1,26.8,1.3,2.0,3.0,2,48,8.3,8320,111897,Harry,Maguire,Maguire,2,16,95658,Man Utd,MUN,4,4,0,0,0,0
419,2026/27,3,90,0,0,0,2,0,0,0,0,0,0,0,7,29.0,0.3,0.0,2.9,3,49,1.3,5165,8322,Lisandro,Martínez,Martinez,2,16,221820,Man Utd,MUN,4,4,0,0,0,0
420,2026/27,3,6,0,0,0,1,0,0,0,0,0,0,0,1,6.0,0.6,2.0,0.9,1,48,0.5,749,2740,Leny,Yoro,Yoro,2,16,550864,Man Utd,MUN,4,4,0,0,0,0
421,2026/27,3,0,0,0,0,0,0,0,0,0,0,0,0,0,0.0,0.0,0.0,0.0,0,43,0.3,352,2009,Ayden,Heaven,Heaven,2,16,606745,Man Utd,MUN,4,4,0,0,0,0
422,2026/27,3,1,0,0,0,1,0,0,0,0,0,0,0,-1,2.2,0.5,2.0,0.5,1,44,0.5,623,4754,Noussair,Mazraoui,Mazraoui,2,16,230001,Man Utd,MUN,4,4,0,0,0,0
423,2026/27,3,90,0,1,0,1,0,0,0,1,0,0,0,22,42.4,24.8,3.0,7.0,4,43,7.4,7907,111688,Luke,Shaw,Shaw,2,16,106760,Man Utd,MUN,4,4,0,0,0,0
424,2026/27,3,0,0,0,0,0,0,0,0,0,0,0,0,0,0.0,0.0,0.0,0.0,0,40,0.2,578,1112,Harry,Amass,Amass,2,16,577974,Man Utd,MUN,4,4,0,0,0,0
425,2026/27,3,0,0,0,0,0,0,0,0,0,0,0,0,0,0.0,0.0,0.0,0.0,0,40,0.0,0,65,Tyler,Fredricson,Fredricson,2,16,547676,Man Utd,MUN,4,4,0,0,0,0
426,2026/27,3,90,0,0,0,2,0,0,0,0,0,0,0,11,3.4,33.6,14.0,5.1,2,119,38.1,85112,287915,Bruno,Borges Fernandes,B.Fernandes,3,16,141746,Man Utd,MUN,4,4,0,0,0,0
427,2026/27,3,90,1,0,0,2,0,0,0,0,0,0,1,29,39.8,13.7,18.0,7.2,8,79,20.3,80859,200784,Bryan,Mbeumo,Mbeumo,3,16,446008,Man Utd,MUN,4,4,0,0,0,0
428,2026/27,3,69,0,0,1,0,0,0,0,0,0,0,0,10,2.8,6.2,10.0,1.9,3,79,5.9,43492,32591,Matheus,Santos Carneiro da Cunha,Cunha,3,16,430871,Man Utd,MUN,4,4,0,0,0,0
429,2026/27,3,69,0,0,1,0,0,0,0,0,0,0,0,11,3.8,12.5,8.0,2.4,3,69,1.4,4807,25821,Marcus,Rashford,Rashford,3,16,176297,Man Utd,MUN,4,4,0,0,0,0
430,2026/27,3,0,0,0,0,0,0,0,0,0,0,0,0,0,0.0,0.0,0.0,0.0,0,54,0.0,235,246,Mason,Mount,Mount,3,16,184341,Man Utd,MUN,4,4,0,0,0,0
431,2026/27,3,0,0,0,0,0,0,0,0,0,0,0,0,0,0.0,0.0,0.0,0.0,0,57,0.3,212,2617,Amad,Diallo,Amad,3,16,493250,Man Utd,MUN,4,4,0,0,0,0
432,2026/27,3,83,0,1,0,1,0,0,0,0,0,0,2,32,34.2,24.5,0.0,5.9,9,55,1.5,8917,22528,Kobbie,Mainoo,Mainoo,3,16,516895,Man Utd,MUN,4,4,0,0,0,0
433,2026/27,3,0,0,0,0,0,0,0,0,0,0,0,0,0,0.0,0.0,0.0,0.0,0,50,0.0,30,31,Manuel,Ugarte Ribeiro,Ugarte,3,16,232112,Man Utd,MUN,4,4,0,0,0,0
434,2026/27,3,0,0,0,0,0,0,0,0,0,0,0,0,0,0.0,0.0,0.0,0.0,0,49,0.0,57,80,Jack,Fletcher,J.Fletcher,3,16,547037,Man Utd,MUN,4,4,0,0,0,0
435,2026/27,3,0,0,0,0,0,0,0,0,0,0,0,0,0,0.0,0.0,0.0,0.0,0,49,0.1,461,474,Shea,Lacey,Lacey,3,16,576628,Man Utd,MUN,4,4,0,0,0,0
436,2026/27,3,0,0,0,0,0,0,0,0,0,0,0,0,0,0.0,0.0,0.0,0.0,0,50,0.0,0,55,Toby,Collyer,Collyer,3,16,490881,Man Utd,MUN,4,4,0,0,0,0
437,2026/27,3,0,0,0,0,0,0,0,0,0,0,0,0,0,0.0,0.0,0.0,0.0,0,44,0.2,678,1187,Bendito,Mantato,Bendito Mantato,3,16,576620,Man Utd,MUN,4,4,0,0,0,0
438,2026/27,3,0,0,0,0,0,0,0,0,0,0,0,0,0,0.0,0.0,0.0,0.0,0,44,0.3,2865,2751,Tyler,Fletcher,Fletcher,3,16,519913,Man Utd,MUN,4,4,0,0,0,0
439,2026/27,3,20,1,0,0,2,0,0,0,0,0,0,0,28,31.2,0.2,21.0,5.2,5,70,1.5,7126,33153,Benjamin,Sesko,Šeško,4,16,485711,Man Utd,MUN,4,4,0,0,0,0
440,2026/27,3,0,0,0,0,0,0,0,0,0,0,0,0,0,0.0,0.0,0.0,0.0,0,53,0.4,2863,3998,Joshua,Zirkzee,Zirkzee,4,16,458249,Man Utd,MUN,4,4,0,0,0,0
441,2026/27,3,0,0,0,0,0,0,0,0,0,0,0,0,0,0.0,0.0,0.0,0.0,0,45,0.9,0,14099,Chido,Obi,Obi,4,16,596047,Man Utd,MUN,4,4,0,0,0,0
442,2026/27,3,0,0,0,0,0,0,0,0,0,0,0,0,0,0.0,0.0,0.0,0.0,0,49,0.9,1274,4132,Nick,Pope,Pope,1,17,98747,Newcastle,NEW,3,3,0,0,0,0
443,2026/27,3,0,0,0,0,0,0,0,0,0,0,0,0,0,0.0,0.0,0.0,0.0,0,45,0.0,68,127,Mark,Gillespie,Gillespie,1,17,81441,Newcastle,NEW,3,3,0,0,0,0
444,2026/27,3,0,0,0,0,0,0,0,0,0,0,0,0,0,0.0,0.0,0.0,0.0,0,44,0.0,29,185,Ewen,Jaouen,Jaouen,1,17,554578,Newcastle,NEW,3,3,0,0,0,0
445,2026/27,3,90,0,0,0,2,1,0,0,0,0,0,0,0,7.6,12.3,2.0,2.2,-1,50,2.2,16015,16209,Malick,Thiaw,Thiaw,2,17,465642,Newcastle,NEW,3,3,0,0,0,0
446,2026/27,3,0,0,0,0,0,0,0,0,0,0,0,0,0,0.0,0.0,0.0,0.0,0,49,0.2,1020,1209,Fabian,Schär,Schär,2,17,119471,Newcastle,NEW,3,3,0,0,0,0
447,2026/27,3,90,0,0,0,2,0,0,0,0,0,0,0,3,26.0,0.9,4.0,3.1,1,50,0.7,8227,4704,Sven,Botman,Botman,2,17,220237,Newcastle,NEW,3,3,0,0,0,0
448,2026/27,3,0,0,0,0,0,0,0,0,0,0,0,0,0,0.0,0.0,0.0,0.0,0,48,0.7,148,8053,Dan,Burn,Burn,2,17,78916,Newcastle,NEW,3,3,0,0,0,0
449,2026/27,3,89,0,1,0,2,0,0,0,0,0,0,0,20,28.0,13.4,3.0,4.4,4,53,19.0,423797,39605,Lewis,Hall,Hall,2,17,487838,Newcastle,NEW,3,3,0,0,0,0
450,2026/27,3,1,0,0,0,0,0,0,0,0,0,0,0,3,0.2,0.0,0.0,0.0,1,49,0.1,520,2465,Tino,Livramento,Livramento,2,17,441191,Newcastle,NEW,3,3,0,0,0,0
451,2026/27,3,0,0,0,0,0,0,0,0,0,0,0,0,0,0.0,0.0,0.0,0.0,0,40,0.1,0,407,Alex,Murphy,A.Murphy,2,17,545477,Newcastle,NEW,3,3,0,0,0,0
452,2026/27,3,0,0,0,0,0,0,0,0,0,0,0,0,0,0.0,0.0,0.0,0.0,0,67,1.8,10851,10821,Bruno,Guimarães Rodriguez Moura,Bruno G.,3,1,208706,Arsenal,ARS,4,5,0,0,0,0
453,2026/27,3,90,1,1,0,2,0,0,0,0,0,0,2,37,33.0,2.8,23.0,5.9,12,61,6.8,288408,46752,Harvey,Barnes,Barnes,3,17,201666,Newcastle,NEW,3,3,0,0,0,0
454,2026/27,3,76,0,0,0,2,0,0,0,1,0,0,0,8,8.4,31.8,4.0,4.4,1,61,4.0,413,224218,Anthony,Elanga,Elanga,3,17,449434,Newcastle,NEW,3,3,0,0,0,0
455,2026/27,3,90,0,0,1,0,0,0,0,0,0,0,0,22,22.8,8.0,0.0,3.1,5,53,1.8,3457,22414,Sandro,Tonali,Tonali,3,19,432422,Spurs,TOT,2,3,0,0,0,0
456,2026/27,3,27,1,0,0,0,0,0,0,0,0,0,0,22,32.4,0.8,17.0,5.0,6,48,0.2,94,6530,Jacob,Ramsey,J.Ramsey,3,17,232653,Newcastle,NEW,3,3,0,0,0,0
457,2026/27,3,13,0,0,0,0,0,0,0,0,0,0,0,5,0.2,0.3,0.0,0.1,1,59,0.1,1415,1194,Jacob,Murphy,J.Murphy,3,17,114243,Newcastle,NEW,3,3,0,0,0,0
458,2026/27,3,0,0,0,0,0,0,0,0,0,0,0,0,0,0.0,0.0,0.0,0.0,0,54,0.0,32,113,Joelinton Cássio,Apolinário de Lira,Joelinton,3,17,180974,Newcastle,NEW,3,3,0,0,0,0
459,2026/27,3,62,0,0,0,2,0,0,0,0,0,0,0,11,3.2,1.1,2.0,0.6,2,55,0.1,508,1041,Lewis,Miley,L.Miley,3,17,547719,Newcastle,NEW,3,3,0,0,0,0
460,2026/27,3,62,0,0,0,2,0,0,0,0,0,0,0,6,6.0,2.2,11.0,1.9,2,50,0.6,15350,4747,Joe,Willock,Willock,3,17,200089,Newcastle,NEW,3,3,0,0,0,0
461,2026/27,3,0,0,0,0,0,0,0,0,0,0,0,0,0,0.0,0.0,0.0,0.0,0,58,0.1,506,1261,Bazoumana,Touré,Touré,3,17,611665,Newcastle,NEW,3,3,0,0,0,0
462,2026/27,3,13,0,0,0,0,0,0,0,0,0,0,0,3,2.0,0.5,0.0,0.3,1,49,0.1,398,595,Sean,Steur,Steur,3,17,636852,Newcastle,NEW,3,3,0,0,0,0
463,2026/27,3,0,0,0,0,0,0,0,0,0,0,0,0,0,0.0,0.0,0.0,0.0,0,59,0.5,0,4645,Nick,Woltemade,Woltemade,4,17,470313,Newcastle,NEW,3,3,0,0,0,0
464,2026/27,3,90,0,0,0,2,0,0,0,1,0,0,0,7,0.0,7.3,0.0,0.7,1,62,19.0,171884,200949,Yoane,Wissa,Wissa,4,17,216646,Newcastle,NEW,3,3,0,0,0,0
465,2026/27,3,0,0,0,0,0,0,0,0,0,0,0,0,0,0.0,0.0,0.0,0.0,0,58,0.3,224,3261,William,Osula,Osula,4,17,538207,Newcastle,NEW,3,3,0,0,0,0
466,2026/27,3,0,0,0,0,0,0,0,0,0,0,0,0,0,0.0,0.0,0.0,0.0,0,45,0.5,0,5245,Sean,Neave,Neave,4,17,599303,Newcastle,NEW,3,3,0,0,0,0
467,2026/27,3,90,0,0,1,0,0,0,0,0,0,0,0,21,2.4,0.0,0.0,0.2,6,50,1.5,3111,10114,Matz,Sels,Sels,1,18,85633,Nott'm Forest,NFO,3,3,0,0,0,0
468,2026/27,3,0,0,0,0,0,0,0,0,0,0,0,0,0,0.0,0.0,0.0,0.0,0,45,0.1,83,206,John Victor,Maciel Furtado,John,1,18,221389,Nott'm Forest,NFO,3,3,0,0,0,0
469,2026/27,3,90,0,0,1,0,0,0,0,0,0,0,1,28,11.4,10.9,4.0,2.6,7,50,8.4,17897,82178,Neco,Williams,N.Williams,2,18,215136,Nott'm Forest,NFO,3,3,0,0,0,0
470,2026/27,3,0,0,0,0,0,0,0,0,0,0,0,0,0,0.0,0.0,0.0,0.0,0,50,0.0,0,159,Felipe,Rodrigues da Silva,Morato,2,18,485047,Nott'm Forest,NFO,3,3,0,0,0,0
471,2026/27,3,90,0,0,1,0,0,0,0,1,0,0,0,27,28.6,0.8,2.0,3.1,7,54,0.9,98,17300,Nikola,Milenković,Milenković,2,18,227444,Nott'm Forest,NFO,3,3,0,0,0,0
472,2026/27,3,89,0,0,1,0,0,0,0,0,0,0,0,25,17.8,1.2,10.0,2.9,8,55,2.2,15645,12673,Murillo,Costa dos Santos,Murillo,2,18,575476,Nott'm Forest,NFO,3,3,0,0,0,0
473,2026/27,3,58,0,0,0,0,0,0,0,0,0,0,0,8,13.0,0.5,0.0,1.4,1,44,2.3,1738,31471,Ola,Aina,Aina,2,18,159506,Nott'm Forest,NFO,3,3,0,0,0,0
474,2026/27,3,90,0,0,1,0,0,0,0,0,0,0,0,24,20.0,0.7,1.0,2.2,8,45,0.2,459,933,Jair,Paula da Cunha Filho,Jair Cunha,2,18,575458,Nott'm Forest,NFO,3,3,0,0,0,0
475,2026/27,3,0,0,0,0,0,0,0,0,0,0,0,0,0,0.0,0.0,0.0,0.0,0,45,0.0,26,31,Nicolò,Savona,Savona,2,18,500151,Nott'm Forest,NFO,3,3,0,0,0,0
476,2026/27,3,0,0,0,0,0,0,0,0,0,0,0,0,0,0.0,0.0,0.0,0.0,0,40,0.2,407,1053,Omar,Richards,O.Richards,2,18,204822,Nott'm Forest,NFO,3,3,0,0,0,0
477,2026/27,3,0,0,0,0,0,0,0,0,0,0,0,0,0,0.0,0.0,0.0,0.0,0,40,0.1,0,1242,Zach,Abbott,Abbott,2,18,549067,Nott'm Forest,NFO,3,3,0,0,0,0
478,2026/27,3,0,0,0,0,0,0,0,0,0,0,0,0,0,0.0,0.0,0.0,0.0,0,44,0.0,78,163,Luca,Netz,Netz,2,18,470315,Nott'm Forest,NFO,3,3,0,0,0,0
479,2026/27,3,0,0,0,0,0,0,0,0,0,0,0,0,0,0.0,0.0,0.0,0.0,0,40,0.1,0,795,Tyler,Bindon,Bindon,2,18,538638,Nott'm Forest,NFO,3,3,0,0,0,0
480,2026/27,3,90,0,0,1,0,0,0,0,0,0,0,0,3,5.6,3.0,13.0,2.2,3,80,15.8,125128,137475,Morgan,Gibbs-White,Gibbs-White,3,18,222531,Nott'm Forest,NFO,3,3,0,0,0,0
481,2026/27,3,90,0,0,1,0,0,0,0,0,0,0,0,23,26.6,28.1,5.0,6.0,3,63,3.9,11619,39879,Elliot,Anderson,Anderson,3,15,215379,Man City,MCI,4,5,0,0,0,0
482,2026/27,3,0,0,0,0,0,0,0,0,0,0,0,0,0,0.0,0.0,0.0,0.0,0,58,0.1,422,1536,Callum,Hudson-Odoi,Hudson-Odoi,3,18,209046,Nott'm Forest,NFO,3,3,0,0,0,0
483,2026/27,3,58,0,0,0,0,0,0,0,0,0,0,0,5,0.4,0.3,0.0,0.1,1,55,0.7,1347,12198,Dan,Ndoye,Ndoye,3,18,456512,Nott'm Forest,NFO,3,3,0,0,0,0
484,2026/27,3,0,0,0,0,0,0,0,0,0,0,0,0,0,0.0,0.0,0.0,0.0,0,54,0.1,0,508,Omari,Hutchinson,Hutchinson,3,18,503301,Nott'm Forest,NFO,3,3,0,0,0,0
485,2026/27,3,0,0,0,0,0,0,0,0,0,0,0,0,0,0.0,0.0,0.0,0.0,0,55,0.0,0,44,Dilane,Bakwa,Bakwa,3,18,476887,Nott'm Forest,NFO,3,3,0,0,0,0
486,2026/27,3,90,0,0,1,0,0,0,0,1,0,0,0,22,14.2,59.5,10.0,8.4,2,55,0.1,542,1313,James,McAtee,McAtee,3,18,432714,Nott'm Forest,NFO,3,3,0,0,0,0
487,2026/27,3,0,0,0,0,0,0,0,0,0,0,0,0,0,0.0,0.0,0.0,0.0,0,49,0.1,78,404,Nicolás,Domínguez,Dominguez,3,18,250199,Nott'm Forest,NFO,3,3,0,0,0,0
488,2026/27,3,0,0,0,0,0,0,0,0,0,0,0,0,0,0.0,0.0,0.0,0.0,0,48,0.4,574,5277,Ibrahim,Sangaré,I.Sangaré,3,18,210462,Nott'm Forest,NFO,3,3,0,0,0,0
489,2026/27,3,0,0,0,0,0,0,0,0,0,0,0,0,0,0.0,0.0,0.0,0.0,0,44,1.1,1161,10206,Ryan,Yates,Yates,3,18,204968,Nott'm Forest,NFO,3,3,0,0,0,0
490,2026/27,3,16,0,0,0,0,0,0,0,0,0,0,0,3,0.2,0.1,0.0,0.0,1,58,0.9,3186,8614,Chris,Wood,Wood,4,18,60689,Nott'm Forest,NFO,3,3,0,0,0,0
491,2026/27,3,31,0,0,0,0,0,0,0,0,0,0,0,3,1.2,0.4,0.0,0.2,1,58,2.5,13007,38070,Igor Jesus,Maciel da Cruz,Igor Jesus,4,18,482973,Nott'm Forest,NFO,3,3,0,0,0,0
492,2026/27,3,70,0,0,0,1,0,0,0,0,0,0,0,6,3.6,10.3,3.0,1.7,2,54,0.4,108,7474,Taiwo,Awoniyi,Awoniyi,4,7,210156,Coventry City,COV,2,2,0,0,0,0
493,2026/27,3,0,0,0,0,0,0,0,0,0,0,0,0,0,0.0,0.0,0.0,0.0,0,54,0.0,294,529,Arnaud,Kalimuendo,Kalimuendo,4,18,465680,Nott'm Forest,NFO,3,3,0,0,0,0
494,2026/27,3,0,0,0,0,0,0,0,0,0,0,0,0,0,0.0,0.0,0.0,0.0,0,45,0.1,0,946,Guglielmo,Vicario,Vicario,1,19,184254,Spurs,TOT,2,3,0,0,0,0
495,2026/27,3,0,0,0,0,0,0,0,0,0,0,0,0,0,0.0,0.0,0.0,0.0,0,40,1.0,3011,3157,Brandon,Austin,Austin,1,19,214572,Spurs,TOT,2,3,0,0,0,0
496,2026/27,3,90,0,0,1,0,0,0,0,0,0,1,0,24,10.4,10.0,0.0,2.0,6,45,16.6,30730,185456,Antonín,Kinský,Kinsky,1,19,485055,Spurs,TOT,2,3,0,0,0,0
497,2026/27,3,0,0,0,0,0,0,0,0,0,0,0,0,0,0.0,0.0,0.0,0.0,0,40,17.0,52232,77761,Martin,Dubravka,Dubravka,1,19,67089,Spurs,TOT,2,3,0,0,0,0
498,2026/27,3,0,0,0,0,0,0,0,0,0,0,0,0,0,0.0,0.0,0.0,0.0,0,58,3.4,1736,29812,Marcos,Senesi Barón,Senesi,2,19,221466,Spurs,TOT,2,3,0,0,0,0
499,2026/27,3,90,0,0,1,0,0,0,0,0,0,0,1,28,13.2,35.8,6.0,5.5,7,54,7.1,1941,120269,Pedro,Porro Sauceda,Pedro Porro,2,19,441164,Spurs,TOT,2,3,0,0,0,0
500,2026/27,3,0,0,0,0,0,0,0,0,0,0,0,0,0,0.0,0.0,0.0,0.0,0,50,0.1,0,357,Cristian,Romero,Romero,2,19,221632,Spurs,TOT,2,3,0,0,0,0
501,2026/27,3,90,0,0,0,1,0,0,0,0,0,0,0,9,20.8,10.9,0.0,3.2,2,50,0.2,1702,1083,Kevin,Danso,Danso,2,20,135720,Sunderland,SUN,3,3,0,0,0,0
502,2026/27,3,29,0,0,0,0,0,0,0,0,0,0,0,3,6.0,0.3,0.0,0.6,1,44,2.5,10751,23120,Andrew,Robertson,Robertson,2,19,122798,Spurs,TOT,2,3,0,0,0,0
503,2026/27,3,90,0,0,1,0,0,0,0,0,0,0,3,30,21.4,1.2,14.0,3.7,9,50,3.8,10504,29130,Micky,van de Ven,Van de Ven,2,19,491279,Spurs,TOT,2,3,0,0,0,0
504,2026/27,3,90,1,0,0,1,0,0,0,0,0,0,2,27,56.2,1.8,40.0,9.8,12,50,4.0,99118,25279,Luka,Vušković,Vuskovic,2,5,610799,Brighton,BHA,3,4,0,0,0,0
505,2026/27,3,0,0,0,0,0,0,0,0,0,0,0,0,0,0.0,0.0,0.0,0.0,0,45,0.2,0,1495,Djed,Spence,Spence,2,19,232859,Spurs,TOT,2,3,0,0,0,0
506,2026/27,3,60,0,0,1,0,0,0,0,1,0,0,0,16,4.6,1.3,2.0,0.8,5,44,0.3,493,2252,Destiny,Udogie,Udogie,2,19,487053,Spurs,TOT,2,3,0,0,0,0
507,2026/27,3,0,0,0,0,0,0,0,0,0,0,0,0,0,0.0,0.0,0.0,0.0,0,45,0.0,0,68,Ashley,Phillips,Phillips,2,19,548308,Spurs,TOT,2,3,0,0,0,0
508,2026/27,3,0,0,0,0,0,0,0,0,0,0,0,0,0,0.0,0.0,0.0,0.0,0,39,0.9,10629,6032,Ben,Davies,Davies,2,19,115556,Spurs,TOT,2,3,0,0,0,0
509,2026/27,3,0,0,0,0,0,0,0,0,0,0,0,0,0,0.0,0.0,0.0,0.0,0,40,0.1,175,336,Jun'ai,Byfield,Byfield,2,19,640419,Spurs,TOT,2,3,0,0,0,0
510,2026/27,3,0,0,0,0,0,0,0,0,0,0,0,0,0,0.0,0.0,0.0,0.0,0,40,0.1,219,462,James,Rowswell,Rowswell,2,19,499716,Spurs,TOT,2,3,0,0,0,0
511,2026/27,3,0,0,0,0,0,0,0,0,0,0,0,0,0,0.0,0.0,0.0,0.0,0,40,0.2,0,1301,João Victor,de Souza Menezes,Souza,2,19,616221,Spurs,TOT,2,3,0,0,0,0
512,2026/27,3,29,0,0,0,0,0,0,0,0,0,0,0,13,5.2,15.1,2.0,2.2,1,65,0.2,3845,1846,Mohammed,Kudus,Kudus,3,19,460842,Spurs,TOT,2,3,0,0,0,0
513,2026/27,3,0,0,0,0,0,0,0,0,0,0,0,0,0,0.0,0.0,0.0,0.0,0,59,0.0,68,94,Xavi,Simons,Xavi,3,19,493362,Spurs,TOT,2,3,0,0,0,0
514,2026/27,3,73,0,0,1,0,0,0,0,0,0,0,0,11,6.8,20.2,20.0,4.7,3,57,0.2,307,2867,Mathys,Tel,Tel,3,19,511499,Spurs,TOT,2,3,0,0,0,0
515,2026/27,3,0,0,0,0,0,0,0,0,0,0,0,0,0,0.0,0.0,0.0,0.0,0,63,0.4,1181,2814,James,Maddison,Maddison,3,19,172780,Spurs,TOT,2,3,0,0,0,0
516,2026/27,3,90,0,0,1,0,0,0,0,0,0,0,0,14,18.4,3.3,6.0,2.8,5,55,0.2,609,1289,Rodrigo,Bentancur,Bentancur,3,19,202993,Spurs,TOT,2,3,0,0,0,0
517,2026/27,3,0,0,0,0,0,0,0,0,0,0,0,0,0,0.0,0.0,0.0,0.0,0,55,0.0,45,21,Wilson,Odobert,Odobert,3,19,550839,Spurs,TOT,2,3,0,0,0,0
518,2026/27,3,0,0,0,0,0,0,0,0,0,0,0,0,0,0.0,0.0,0.0,0.0,0,49,0.1,0,945,Pape Matar,Sarr,P.M.Sarr,3,19,482442,Spurs,TOT,2,3,0,0,0,0
519,2026/27,3,83,0,0,1,0,0,0,0,0,0,0,0,23,10.2,4.4,2.0,1.7,3,53,0.2,1066,1063,Conor,Gallagher,Gallagher,3,19,232787,Spurs,TOT,2,3,0,0,0,0
520,2026/27,3,0,0,0,0,0,0,0,0,0,0,0,0,0,0.0,0.0,0.0,0.0,0,53,0.1,143,843,Lucas,Bergvall,Bergvall,3,19,570526,Spurs,TOT,2,3,0,0,0,0
521,2026/27,3,0,0,0,0,0,0,0,0,0,0,0,0,0,0.0,0.0,0.0,0.0,0,65,0.0,150,101,Dejan,Kulusevski,Kulusevski,3,19,445044,Spurs,TOT,2,3,0,0,0,0
522,2026/27,3,0,0,0,0,0,0,0,0,0,0,0,0,0,0.0,0.0,0.0,0.0,0,49,0.2,642,1653,Archie,Gray,Gray,3,19,547701,Spurs,TOT,2,3,0,0,0,0
523,2026/27,3,0,0,0,0,0,0,0,0,0,0,0,0,0,0.0,0.0,0.0,0.0,0,50,0.1,0,810,Mikey,Moore,Moore,3,19,499721,Spurs,TOT,2,3,0,0,0,0
524,2026/27,3,0,0,0,0,0,0,0,0,0,0,0,0,0,0.0,0.0,0.0,0.0,0,44,1.0,6555,9506,Callum,Olusesi,Olusesi,3,19,499726,Spurs,TOT,2,3,0,0,0,0
525,2026/27,3,7,0,0,0,0,0,0,0,1,0,0,0,-1,0.0,0.4,0.0,0.0,0,57,0.7,715,9522,Mateus,Fernandes,Fernandes,3,19,551226,Spurs,TOT,2,3,0,0,0,0
526,2026/27,3,6,0,0,0,0,0,0,0,0,0,0,0,-1,0.0,0.3,4.0,0.4,1,58,0.8,3228,8178,Dominic,Solanke-Mitchell,Solanke,4,19,154566,Spurs,TOT,2,3,0,0,0,0
527,2026/27,3,0,0,0,0,0,0,0,0,0,0,0,0,0,0.0,0.0,0.0,0.0,0,59,0.6,0,7888,Richarlison,de Andrade,Richarlison,4,19,212319,Spurs,TOT,2,3,0,0,0,0
528,2026/27,3,0,0,0,0,0,0,0,0,0,0,0,0,0,0.0,0.0,0.0,0.0,0,45,1.1,0,10884,Dane,Scarlett,Scarlett,4,19,490145,Spurs,TOT,2,3,0,0,0,0
529,2026/27,3,90,0,0,0,1,0,0,0,0,0,1,0,11,12.6,0.0,0.0,1.3,2,49,2.4,2918,19086,Robin,Roefs,Roefs,1,20,498016,Sunderland,SUN,3,3,0,0,0,0
530,2026/27,3,0,0,0,0,0,0,0,0,0,0,0,0,0,0.0,0.0,0.0,0.0,0,40,0.1,0,505,Anthony,Patterson,Patterson,1,20,232571,Sunderland,SUN,3,3,0,0,0,0
531,2026/27,3,0,0,0,0,0,0,0,0,0,0,0,0,0,0.0,0.0,0.0,0.0,0,44,0.1,204,361,Melker,Ellborg,Ellborg,1,20,515046,Sunderland,SUN,3,3,0,0,0,0
532,2026/27,3,90,0,0,0,1,0,0,0,0,0,0,0,12,25.0,10.3,8.0,4.3,4,49,2.2,3757,43152,Daniel,Ballard,Ballard,2,20,223827,Sunderland,SUN,3,3,0,0,0,0
533,2026/27,3,90,0,0,0,1,0,0,0,0,0,0,0,16,32.4,5.0,0.0,3.7,4,54,1.9,7588,13128,Nordi,Mukiele,Mukiele,2,20,200834,Sunderland,SUN,3,3,0,0,0,0
534,2026/27,3,26,0,0,0,0,0,0,0,0,0,0,0,8,3.8,0.1,0.0,0.4,1,43,2.6,1748,48488,Trai,Hume,Hume,2,20,487676,Sunderland,SUN,3,3,0,0,0,0
535,2026/27,3,0,0,0,0,0,0,0,0,0,0,0,0,0,0.0,0.0,0.0,0.0,0,48,0.2,392,1602,Omar,Alderete,Alderete,2,20,201895,Sunderland,SUN,3,3,0,0,0,0
536,2026/27,3,90,0,0,0,1,0,0,0,0,0,0,0,14,14.4,1.5,0.0,1.6,2,44,0.2,395,2244,Reinildo,Mandava,Reinildo,2,20,434399,Sunderland,SUN,3,3,0,0,0,0
537,2026/27,3,0,0,0,0,0,0,0,0,0,0,0,0,0,0.0,0.0,0.0,0.0,0,45,0.0,0,33,Jenson,Seelt,Seelt,2,20,519634,Sunderland,SUN,3,3,0,0,0,0
538,2026/27,3,0,0,0,0,0,0,0,0,0,0,0,0,0,0.0,0.0,0.0,0.0,0,40,0.0,0,226,Leo Fuhr,Hjelde,Hjelde,2,20,477547,Sunderland,SUN,3,3,0,0,0,0
539,2026/27,3,0,0,0,0,0,0,0,0,0,0,0,0,0,0.0,0.0,0.0,0.0,0,39,2.5,24708,18907,Luke,O'Nien,O'Nien,2,20,167512,Sunderland,SUN,3,3,0,0,0,0
540,2026/27,3,0,0,0,0,0,0,0,0,0,0,0,0,0,0.0,0.0,0.0,0.0,0,40,0.1,0,846,Arthur,Masuaku,Masuaku,2,20,105717,Sunderland,SUN,3,3,0,0,0,0
541,2026/27,3,63,0,0,0,1,0,0,0,0,0,0,0,0,5.2,1.5,6.0,1.3,2,45,0.3,2691,1529,Thomas,Meunier,Meunier,2,20,93605,Sunderland,SUN,3,3,0,0,0,0
542,2026/27,3,90,1,0,0,1,0,0,0,0,0,0,1,25,40.0,3.7,24.0,6.8,8,57,3.3,17603,39844,Enzo,Le Fée,E.Le Fée,3,20,484420,Sunderland,SUN,3,3,0,0,0,0
543,2026/27,3,0,0,0,0,0,0,0,0,0,0,0,0,0,0.0,0.0,0.0,0.0,0,53,0.0,25,313,Habib,Diarra,Diarra,3,20,547027,Sunderland,SUN,3,3,0,0,0,0
544,2026/27,3,90,0,0,0,1,0,0,0,1,0,0,0,12,15.2,20.5,3.0,3.9,3,55,3.5,8995,34327,Granit,Xhaka,Xhaka,3,20,84450,Sunderland,SUN,3,3,0,0,0,0
545,2026/27,3,73,0,0,0,1,0,0,0,1,0,0,0,16,8.8,15.0,48.0,7.2,1,49,0.2,569,2062,Noah,Sadiki,Sadiki,3,20,577669,Sunderland,SUN,3,3,0,0,0,0
546,2026/27,3,0,0,0,0,0,0,0,0,0,0,0,0,0,0.0,0.0,0.0,0.0,0,49,0.0,0,286,Simon,Adingra,Adingra,3,20,535818,Sunderland,SUN,3,3,0,0,0,0
547,2026/27,3,0,0,0,0,0,0,0,0,0,0,0,0,0,0.0,0.0,0.0,0.0,0,49,0.0,13,65,Romaine,Mundle,Mundle,3,20,461199,Sunderland,SUN,3,3,0,0,0,0
548,2026/27,3,0,0,0,0,0,0,0,0,0,0,0,0,0,0.0,0.0,0.0,0.0,0,49,0.0,50,334,Chris,Rigg,Rigg,3,20,554197,Sunderland,SUN,3,3,0,0,0,0
549,2026/27,3,0,0,0,0,0,0,0,0,0,0,0,0,0,0.0,0.0,0.0,0.0,0,53,0.1,151,779,Chemsdine,Talbi,Talbi,3,20,549912,Sunderland,SUN,3,3,0,0,0,0
550,2026/27,3,0,0,0,0,0,0,0,0,0,0,0,0,0,0.0,0.0,0.0,0.0,0,50,0.0,60,65,Djiamgone Jocelin Ta,Bi,Jocelin.T,3,20,699989,Sunderland,SUN,3,3,0,0,0,0
551,2026/27,3,63,0,0,0,1,0,0,0,0,0,0,0,11,8.6,5.7,16.0,3.0,2,50,0.1,766,1082,Nilson,Angulo,N.Angulo,3,20,536661,Sunderland,SUN,3,3,0,0,0,0
552,2026/27,3,90,0,0,0,1,0,0,0,0,0,0,0,11,4.4,37.1,29.0,7.1,2,57,6.4,203749,108213,Brian,Brobbey,Brobbey,4,20,441264,Sunderland,SUN,3,3,0,0,0,0
553,2026/27,3,26,0,1,0,0,0,0,0,0,0,0,0,15,0.2,0.3,10.0,1.1,4,55,1.3,7867,15663,Wilson,Isidor,Isidor,4,20,437505,Sunderland,SUN,3,3,0,0,0,0
554,2026/27,3,0,0,0,0,0,0,0,0,0,0,0,0,0,0.0,0.0,0.0,0.0,0,45,0.0,0,132,Kayne,van Oevelen,Van Oevelen,1,12,546600,Ipswich Town,IPS,2,2,0,0,0,0
555,2026/27,3,0,0,0,0,0,0,0,0,0,0,0,0,0,0.0,0.0,0.0,0.0,0,40,1.7,1731,4155,Remi,Matthews,Matthews,1,8,169593,Crystal Palace,CRY,2,3,0,0,0,0
556,2026/27,3,0,0,0,0,0,0,0,0,0,0,0,0,0,0.0,0.0,0.0,0.0,0,40,1.6,153,15102,Matt,Targett,Targett,2,11,169359,Hull City,HUL,2,2,0,0,0,0
557,2026/27,3,90,0,1,0,1,0,0,0,1,0,0,1,31,30.6,50.0,4.0,8.5,5,63,10.4,13019,312963,Christos,Tzolis,Tzolis,3,1,439509,Arsenal,ARS,4,5,0,0,0,0
558,2026/27,3,90,0,0,1,0,0,0,0,0,0,0,0,18,11.2,2.3,1.0,1.5,3,50,0.1,301,1204,Xaver,Schlager,Schlager,3,18,204561,Nott'm Forest,NFO,3,3,0,0,0,0
559,2026/27,3,0,0,0,0,0,0,0,0,0,0,0,0,0,0.0,0.0,0.0,0.0,0,49,0.1,162,689,Aladji,Bamba,Bamba,3,17,632794,Newcastle,NEW,3,3,0,0,0,0
560,2026/27,3,0,0,0,0,0,0,0,0,0,0,0,0,0,0.0,0.0,0.0,0.0,0,44,0.1,295,393,Mike,Penders,Penders,1,6,549939,Chelsea,CHE,4,4,0,0,0,0
561,2026/27,3,0,0,0,0,0,0,0,0,0,0,0,0,0,0.0,0.0,0.0,0.0,0,45,0.0,91,130,Aaron,Anselmino,Anselmino,2,6,622758,Chelsea,CHE,4,4,0,0,0,0
562,2026/27,3,65,0,0,0,2,0,0,0,0,0,0,0,9,8.2,0.1,17.0,2.5,2,53,0.2,208,2308,Daizen,Maeda,Maeda,3,12,442967,Ipswich Town,IPS,2,2,0,0,0,0
563,2026/27,3,0,0,0,0,0,0,0,0,0,0,0,0,0,0.0,0.0,0.0,0.0,0,49,0.0,25,240,Hidemasa,Morita,Morita,3,11,445028,Hull City,HUL,2,2,0,0,0,0
564,2026/27,3,90,0,0,0,2,0,0,0,0,0,5,0,13,27.8,0.0,0.0,2.8,2,45,0.6,1236,3962,Kjell,Scherpen,Scherpen,1,12,240514,Ipswich Town,IPS,2,2,0,0,0,0
565,2026/27,3,45,0,0,0,0,0,0,0,1,0,0,0,0,0.0,1.3,8.0,0.6,0,56,9.3,12128,197839,Mamadou,Sangaré,M.Sangaré,3,4,513545,Brentford,BRE,3,3,0,0,0,0
566,2026/27,3,90,0,0,0,2,0,0,0,0,0,0,0,8,23.8,1.2,17.0,4.2,1,50,0.5,21103,9563,António João,Pereira de Albuquerque Tavares da Silva,Silva,2,3,483067,Bournemouth,BOU,3,3,0,0,0,0
567,2026/27,3,90,0,0,0,2,0,0,0,0,0,4,0,12,33.4,0.0,0.0,3.3,2,50,1.5,11201,8488,Lukás,Hornícek,Horníček,1,17,470551,Newcastle,NEW,3,3,0,0,0,0
568,2026/27,3,0,0,0,0,0,0,0,0,0,0,0,0,0,0.0,0.0,0.0,0.0,0,54,0.1,313,599,Valentín,Barco,Barco,3,6,543158,Chelsea,CHE,4,4,0,0,0,0
569,2026/27,3,90,0,0,0,3,0,0,0,0,0,0,0,10,5.8,14.0,39.0,5.9,2,60,5.4,226755,52355,Gonzalo,García,Gonzalo,4,10,551466,Fulham,FUL,2,3,0,0,0,0
570,2026/27,3,60,1,0,0,2,0,0,0,0,0,0,1,27,33.8,13.7,51.0,9.9,8,54,0.2,1041,1397,César,Palacios,Palacios,3,10,571779,Fulham,FUL,2,3,0,0,0,0
571,2026/27,3,0,0,0,0,0,0,0,0,0,0,0,0,0,0.0,0.0,0.0,0.0,0,48,0.1,156,553,Florentino Ibrain,Morris Luís,Florentino,3,12,216055,Ipswich Town,IPS,2,2,0,0,0,0
572,2026/27,3,90,0,0,1,0,0,0,0,0,0,1,0,25,11.6,0.0,0.0,1.2,6,47,13.1,176216,40182,Konstantinos,Tzolakis,Tzolakis,1,11,473284,Hull City,HUL,2,2,0,0,0,0
573,2026/27,3,0,0,0,0,0,0,0,0,0,0,0,0,0,0.0,0.0,0.0,0.0,0,44,0.2,194,602,Juanlu,Sánchez,Sanchez,2,3,494928,Bournemouth,BOU,3,3,0,0,0,0
574,2026/27,3,8,0,0,0,0,0,0,0,0,0,0,0,4,0.0,0.0,0.0,0.0,1,49,0.1,94,467,Jens,Hjertø-Dahl,Hjertø-Dahl,3,11,552946,Hull City,HUL,2,2,0,0,0,0
575,2026/27,3,27,0,0,0,0,0,0,0,0,0,0,0,4,1.0,0.3,0.0,0.1,1,48,0.1,431,1505,Caleb,Yirenkyi,Yirenkyi,3,7,661888,Coventry City,COV,2,2,0,0,0,0
576,2026/27,3,62,0,0,1,0,0,0,0,0,0,0,0,5,0.0,11.8,4.0,1.4,3,50,0.1,194,672,Elliot,Stroud,Stroud,3,11,608227,Hull City,HUL,2,2,0,0,0,0
577,2026/27,3,0,0,0,0,0,0,0,0,0,0,0,0,0,0.0,0.0,0.0,0.0,0,44,0.2,157,2072,Takehiro,Tomiyasu,Tomiyasu,2,8,223723,Crystal Palace,CRY,2,3,0,0,0,0
578,2026/27,3,16,0,0,0,0,0,0,0,0,0,0,0,3,0.0,0.1,2.0,0.1,1,53,0.0,34,714,Mykhailo,Mudryk,Mudryk,3,19,465920,Spurs,TOT,2,3,0,0,0,0
579,2026/27,3,90,0,0,1,0,0,0,0,0,0,0,0,27,20.0,2.4,2.0,2.4,8,54,3.1,26826,14843,Ronald,Araujo,Araujo,2,14,445087,Liverpool,LIV,4,4,0,0,0,0
580,2026/27,3,78,0,0,0,3,0,0,0,0,0,0,0,18,12.4,35.2,8.0,5.6,2,50,0.1,2081,804,Shea,Charles,Charles,3,10,463210,Fulham,FUL,2,3,0,0,0,0
581,2026/27,3,1,0,0,0,0,0,0,0,0,0,0,0,3,0.0,0.0,0.0,0.0,1,54,0.5,2133,3063,Ousmane,Diomande,Diomande,2,18,568420,Nott'm Forest,NFO,3,3,0,0,0,0
582,2026/27,3,0,0,0,0,0,0,0,0,0,0,0,0,0,0.0,0.0,0.0,0.0,0,54,0.2,547,2729,Brian,Madjo,Madjo,4,2,690838,Aston Villa,AVL,3,3,0,0,0,0
583,2026/27,3,30,0,0,0,0,0,0,0,0,0,0,0,2,2.4,2.0,4.0,0.8,1,49,0.2,783,799,Pep,Chavarría,Chavarria,2,6,498444,Chelsea,CHE,4,4,0,0,0,0
584,2026/27,3,5,0,0,0,0,0,0,0,0,0,0,0,1,0.0,0.0,0.0,0.0,1,54,0.1,68,587,Gustavo,Hamer,Hamer,3,7,196100,Coventry City,COV,2,2,0,0,0,0
585,2026/27,3,19,0,0,0,0,0,0,0,0,0,0,0,2,6.6,0.1,0.0,0.7,1,40,0.6,1387,2439,Lucas,Herrington,Herrington,2,11,597462,Hull City,HUL,2,2,0,0,0,0
586,2026/27,3,70,0,0,1,0,0,0,0,0,0,0,0,22,16.2,0.6,14.0,3.1,8,41,6.2,12424,41043,Nobel,Mendy,Mendy,2,11,606930,Hull City,HUL,2,2,0,0,0,0
587,2026/27,3,0,0,0,0,0,0,0,0,0,0,0,0,0,0.0,0.0,0.0,0.0,0,50,0.0,93,128,Gerónimo,Rulli,Rulli,1,15,106921,Man City,MCI,4,5,0,0,0,0
588,2026/27,3,90,0,0,0,2,0,0,0,0,0,0,0,6,21.6,2.3,8.0,3.2,3,50,0.3,2601,2953,Anan,Khalaili,Khalaili,2,8,570794,Crystal Palace,CRY,2,3,0,0,0,0
589,2026/27,3,81,0,0,1,0,0,0,0,1,0,0,0,7,13.4,21.6,0.0,3.5,2,50,0.0,42,148,Lucas,Gourna-Douath,Gourna-Douath,3,11,469266,Hull City,HUL,2,2,0,0,0,0
590,2026/27,3,0,0,0,0,0,0,0,0,0,0,0,0,0,0.0,0.0,0.0,0.0,0,45,0.1,174,309,Steven,Benda,Benda,1,18,428971,Nott'm Forest,NFO,3,3,0,0,0,0
591,2026/27,3,90,0,0,0,2,0,0,0,1,0,0,0,16,10.2,22.5,23.0,5.6,1,55,0.8,5050,9296,Julio,Enciso,Enciso,3,12,474120,Ipswich Town,IPS,2,2,0,0,0,0
592,2026/27,3,12,0,0,0,0,0,0,0,0,0,0,0,4,3.6,14.0,0.0,1.8,1,40,0.8,1063,3015,Abdoul,Ouattara,Ouattara,2,12,572584,Ipswich Town,IPS,2,2,0,0,0,0
593,2026/27,3,90,0,0,0,2,0,0,0,0,0,0,0,3,0.6,6.4,10.0,1.7,1,45,1.6,428,57155,Amar,Dedic,Dedić,2,17,463726,Newcastle,NEW,3,3,0,0,0,0
594,2026/27,3,13,0,0,0,0,0,0,0,1,0,0,0,-7,0.0,0.0,4.0,0.0,0,59,0.2,4074,2875,Promise,David,David,4,5,538007,Brighton,BHA,3,4,0,0,0,0
595,2026/27,3,0,0,0,0,0,0,0,0,0,0,0,0,0,0.0,0.0,0.0,0.0,0,49,0.0,50,121,Zavier,Gozo,Gozo,3,8,559152,Crystal Palace,CRY,2,3,0,0,0,0
596,2026/27,3,15,0,0,0,0,0,0,0,0,0,0,0,3,2.6,2.6,0.0,0.5,1,45,0.1,1184,550,Matteo,Ruggeri,Ruggeri,2,2,487992,Aston Villa,AVL,3,3,0,0,0,0
597,2026/27,3,90,0,0,1,0,0,0,0,0,0,4,3,38,27.2,0.0,0.0,2.7,10,50,1.9,19399,10350,Zion,Suzuki,Suzuki,1,2,433969,Aston Villa,AVL,3,3,0,0,0,0
598,2026/27,3,90,0,0,0,1,0,0,0,0,0,0,0,12,27.6,21.1,6.0,5.5,4,45,0.1,447,383,Nico,Elvedi,Elvedi,2,13,173774,Leeds,LEE,3,3,0,0,0,0
599,2026/27,3,0,0,0,0,0,0,0,0,0,0,0,0,0,0.0,0.0,0.0,0.0,0,50,0.1,769,1041,Sidiki,Cherif,Cherif,4,7,627221,Coventry City,COV,2,2,0,0,0,0
600,2026/27,3,0,0,0,0,0,0,0,0,0,0,0,0,0,0.0,0.0,0.0,0.0,0,50,0.0,139,161,Ibrahim,Osman,Osman,3,5,612855,Brighton,BHA,3,4,0,0,0,0
601,2026/27,3,0,0,0,0,0,0,0,0,0,0,0,0,0,0.0,0.0,0.0,0.0,0,45,0.1,229,903,Luca,Williams-Barnett,Williams-Barnett,3,19,611917,Spurs,TOT,2,3,0,0,0,0
602,2026/27,3,0,0,0,0,0,0,0,0,0,0,0,0,0,0.0,0.0,0.0,0.0,0,45,0.0,0,278,Cameron,Humphreys,Humphreys,3,12,524180,Ipswich Town,IPS,2,2,0,0,0,0
603,2026/27,3,0,0,0,0,0,0,0,0,0,0,0,0,0,0.0,0.0,0.0,0.0,0,40,0.1,318,634,Jayden,Lienou,Lienou,2,13,643970,Leeds,LEE,3,3,0,0,0,0
604,2026/27,3,0,0,0,0,0,0,0,0,0,0,0,0,0,0.0,0.0,0.0,0.0,0,45,0.1,436,1115,Alfie,Cresswell,Cresswell,3,13,592740,Leeds,LEE,3,3,0,0,0,0
605,2026/27,3,90,0,0,0,1,0,0,0,0,0,0,0,16,8.2,24.4,20.0,5.3,2,45,3.9,38376,48133,Malick,Yalcouyé,Yalcouyé,3,5,611695,Brighton,BHA,3,4,0,0,0,0
606,2026/27,3,0,0,0,0,0,0,0,0,0,0,0,0,0,0.0,0.0,0.0,0.0,0,40,0.2,413,1066,Triston,Rowe,Rowe,2,2,569577,Aston Villa,AVL,3,3,0,0,0,0
607,2026/27,3,0,0,0,0,0,0,0,0,0,0,0,0,0,0.0,0.0,0.0,0.0,0,45,0.1,0,822,Luka,Lynch,Lynch,3,2,571380,Aston Villa,AVL,3,3,0,0,0,0
608,2026/27,3,1,0,0,0,0,0,0,0,0,0,0,0,4,0.0,0.0,0.0,0.0,1,50,0.1,1246,1186,Daniel,Jebbison,Jebbison,4,3,523700,Bournemouth,BOU,3,3,0,0,0,0
609,2026/27,3,0,0,0,0,0,0,0,0,0,0,0,0,0,0.0,0.0,0.0,0.0,0,40,0.2,0,2201,Leo,Shahar,Shahar,2,17,553746,Newcastle,NEW,3,3,0,0,0,0
610,2026/27,3,0,0,0,0,0,0,0,0,0,0,0,0,0,0.0,0.0,0.0,0.0,0,40,0.1,0,579,Luc,De Fougerolles,De Fougerolles,2,10,547686,Fulham,FUL,2,3,0,0,0,0
611,2026/27,3,5,0,0,0,0,0,0,0,0,0,0,0,3,2.8,0.9,0.0,0.4,1,45,0.2,2266,1913,Aaron,Wan-Bissaka,Wan-Bissaka,2,2,214590,Aston Villa,AVL,3,3,0,0,0,0
612,2026/27,3,0,0,0,0,0,0,0,0,0,0,0,0,0,0.0,0.0,0.0,0.0,0,45,0.0,150,88,Dayann,Méthalie,Methalie,2,20,638411,Sunderland,SUN,3,3,0,0,0,0
613,2026/27,3,0,0,0,0,0,0,0,0,0,0,0,0,0,0.0,0.0,0.0,0.0,0,45,0.2,755,2013,Jules,Ahoka,Ahoka,3,20,696104,Sunderland,SUN,3,3,0,0,0,0
614,2026/27,3,0,0,0,0,0,0,0,0,0,0,0,0,0,0.0,0.0,0.0,0.0,0,45,0.0,306,306,Jaouen,Hadjam,Hadjam,2,5,512123,Brighton,BHA,3,4,0,0,0,0
615,2026/27,3,0,0,0,0,0,0,0,0,0,0,0,0,0,0.0,0.0,0.0,0.0,0,45,0.0,240,246,Michele,Di Gregorio,Di Gregorio,1,3,230650,Bournemouth,BOU,3,3,0,0,0,0
616,2026/27,3,14,0,0,0,0,0,0,0,0,0,0,0,5,11.2,0.5,0.0,1.2,1,55,0.2,1023,2560,Ayyoub,Bouaddi,Bouaddi,3,15,637238,Man City,MCI,4,5,0,0,0,0
617,2026/27,3,8,0,0,0,0,0,0,0,0,0,0,0,5,3.0,0.0,17.0,2.0,1,50,0.0,467,199,Mohamed-Ali,Cho,Cho,3,11,490884,Hull City,HUL,2,2,0,0,0,0
618,2026/27,3,0,0,0,0,0,0,0,0,0,0,0,0,0,0.0,0.0,0.0,0.0,0,59,0.0,37,501,Leon,Goretzka,Goretzka,3,2,119090,Aston Villa,AVL,3,3,0,0,0,0
619,2026/27,3,77,0,0,0,2,0,0,0,0,0,0,0,24,20.2,22.5,0.0,4.3,4,50,0.1,788,1166,Exequiel,Palacios,Palacios,3,12,218543,Ipswich Town,IPS,2,2,0,0,0,0
620,2026/27,3,0,0,0,0,0,0,0,0,0,0,0,0,0,0.0,0.0,0.0,0.0,0,45,0.1,770,924,El Hadji Malick,Diouf,Diouf,2,4,613804,Brentford,BRE,3,3,0,0,0,0
621,2026/27,3,3,0,0,0,0,0,0,0,0,0,0,0,5,5.2,0.0,2.0,0.7,1,44,0.1,454,1331,Ryan,McAidoo,McAidoo,3,15,616288,Man City,MCI,4,5,0,0,0,0
622,2026/27,3,0,0,0,0,0,0,0,0,0,0,0,0,0,0.0,0.0,0.0,0.0,0,40,0.2,723,1879,Kaden,Braithwaite,Braithwaite,2,15,554054,Man City,MCI,4,5,0,0,0,0
623,2026/27,3,0,0,0,0,0,0,0,0,0,0,0,0,0,0.0,0.0,0.0,0.0,0,40,0.7,19767,3759,Dan,Bentley,Bentley,1,7,79602,Coventry City,COV,2,2,0,0,0,0
624,2026/27,3,0,0,0,0,0,0,0,0,0,0,0,0,0,0.0,0.0,0.0,0.0,0,50,0.0,0,6,Amario,Cozier-Duberry,Cozier-Duberry,3,5,519324,Brighton,BHA,3,4,0,0,0,0
625,2026/27,3,0,0,0,0,0,0,0,0,0,0,0,0,0,0.0,0.0,0.0,0.0,0,40,0.2,1185,992,Alex,Cairns,Cairns,1,13,97846,Leeds,LEE,3,3,0,0,0,0
626,2026/27,3,0,0,0,0,0,0,0,0,0,0,0,0,0,0.0,0.0,0.0,0.0,0,44,0.3,2657,3062,Macaulay,Zepa,Zepa,3,10,616069,Fulham,FUL,2,3,0,0,0,0
627,2026/27,3,26,0,0,0,0,0,0,0,0,0,0,0,5,3.0,10.5,2.0,1.6,1,80,1.9,24974,26570,Bradley,Barcola,Barcola,3,14,482616,Liverpool,LIV,4,4,0,0,0,0
628,2026/27,3,0,0,0,0,0,0,0,0,0,0,0,0,0,0.0,0.0,0.0,0.0,0,60,0.0,265,202,Allan,Andrade Elias,Allan,3,15,624777,Man City,MCI,4,5,0,0,0,0
629,2026/27,3,0,0,0,0,0,0,0,0,0,0,0,0,0,0.0,0.0,0.0,0.0,0,40,0.7,4368,3448,Michael,Zetterer,Zetterer,1,13,155465,Leeds,LEE,3,3,0,0,0,0
630,2026/27,3,0,0,0,0,0,0,0,0,0,0,0,0,0,0.0,0.0,0.0,0.0,0,45,0.0,304,262,Taylor,Harwood-Bellis,Harwood-Bellis,2,2,245719,Aston Villa,AVL,3,3,0,0,0,0
631,2026/27,3,0,0,0,0,0,0,0,0,0,0,0,0,0,0.0,0.0,0.0,0.0,0,60,0.1,1329,1572,Ibrahim,Mbaye,Mbaye,3,2,638987,Aston Villa,AVL,3,3,0,0,0,0
632,2026/27,3,0,0,0,0,0,0,0,0,0,0,0,0,0,0.0,0.0,0.0,0.0,0,50,0.0,90,541,Ilyas,Ansah,Ansah,4,11,626751,Hull City,HUL,2,2,0,0,0,0
633,2026/27,3,0,0,0,0,0,0,0,0,0,0,0,0,0,0.0,0.0,0.0,0.0,0,45,0.0,190,150,Honest,Ahanor,Ahanor,2,8,605972,Crystal Palace,CRY,2,3,0,0,0,0
634,2026/27,3,27,0,0,0,0,0,0,0,0,0,0,0,4,0.0,0.8,6.0,0.7,1,60,0.1,3569,2110,Matias,Fernandez-Pardo,Fernandez-Pardo,4,17,613221,Newcastle,NEW,3,3,0,0,0,0
635,2026/27,3,11,0,0,0,0,0,0,0,0,0,0,0,3,3.6,1.3,9.0,1.4,1,50,0.0,136,97,Hugo,Larsson,Larsson,3,10,551050,Fulham,FUL,2,3,0,0,0,0
636,2026/27,3,0,0,0,0,0,0,0,0,0,0,0,0,0,0.0,0.0,0.0,0.0,0,50,0.0,44,36,Manuel Ángel,Morán Ibáñez,Ángel,3,10,500033,Fulham,FUL,2,3,0,0,0,0
637,2026/27,3,0,0,0,0,0,0,0,0,0,0,0,0,0,0.0,0.0,0.0,0.0,0,50,0.1,2488,1509,Robinio,Vaz,Vaz,4,11,631000,Hull City,HUL,2,2,0,0,0,0
638,2026/27,3,26,0,0,0,0,0,0,0,0,0,0,0,3,2.2,0.3,2.0,0.5,1,40,0.2,490,3224,Brooke,Norton-Cuffy,Norton-Cuffy,2,11,496181,Hull City,HUL,2,2,0,0,0,0
639,2026/27,3,0,0,0,0,0,0,0,0,0,0,0,0,0,0.0,0.0,0.0,0.0,0,55,0.1,4224,456,José María,Andrés Baixauli,Andrés,3,5,592984,Brighton,BHA,3,4,0,0,0,0
640,2026/27,3,24,0,0,0,0,0,0,0,0,0,0,0,4,3.2,0.5,7.0,1.1,1,55,0.1,1644,1442,Zian,Flemming,Flemming,4,12,431639,Ipswich Town,IPS,2,2,0,0,0,0
641,2026/27,3,0,0,0,0,0,0,0,0,0,0,0,0,0,0.0,0.0,0.0,0.0,0,45,0.0,133,100,Melvin,Bard,Bard,2,13,437497,Leeds,LEE,3,3,0,0,0,0
642,2026/27,3,27,0,0,0,0,0,0,0,0,0,0,0,5,3.2,10.8,0.0,1.4,1,55,0.0,666,437,Sorba,Thomas,Thomas,3,11,243951,Hull City,HUL,2,2,0,0,0,0
643,2026/27,3,16,1,0,0,0,0,0,0,0,0,0,0,20,33.2,0.7,17.0,5.1,7,45,0.4,857,4209,Ben,Chilwell,Chilwell,2,8,172850,Crystal Palace,CRY,2,3,0,0,0,0
644,2026/27,3,73,0,0,0,2,0,0,0,0,0,0,0,8,4.2,0.2,1.0,0.5,2,50,0.0,665,430,Quinten,Timber,Timber,3,8,450063,Crystal Palace,CRY,2,3,0,0,0,0
645,2026/27,3,0,0,0,0,0,0,0,0,0,0,0,0,0,0.0,0.0,0.0,0.0,0,50,0.0,116,111,Christos,Mouzakitis,Mouzakitis,3,11,647839,Hull City,HUL,2,2,0,0,0,0
646,2026/27,3,16,0,0,0,0,0,0,0,0,0,0,0,3,0.0,0.5,0.0,0.1,1,55,0.0,442,407,Malick,Fofana,Fofana,3,20,549940,Sunderland,SUN,3,3,0,0,0,0
647,2026/27,3,1,0,0,0,0,0,0,0,0,0,0,0,2,2.0,0.3,0.0,0.2,1,55,0.0,39,98,Darío,Osorio,Osorio,3,8,533646,Crystal Palace,CRY,2,3,0,0,0,0
648,2026/27,3,0,0,0,0,0,0,0,0,0,0,0,0,0,0.0,0.0,0.0,0.0,0,50,0.0,131,251,Jean-Mattéo,Bahoya,Bahoya,3,13,587982,Leeds,LEE,3,3,0,0,0,0
649,2026/27,3,13,1,0,0,1,0,0,0,0,0,0,0,13,33.4,0.8,7.0,4.1,7,45,1.5,29011,7985,Ainsley,Maitland-Niles,Maitland-Niles,2,9,154043,Everton,EVE,3,3,0,0,0,0
650,2026/27,3,0,0,0,0,0,0,0,0,0,0,0,0,0,0.0,0.0,0.0,0.0,0,45,0.3,31843,5581,David,Affengruber,Affengruber,2,10,442299,Fulham,FUL,2,3,0,0,0,0
651,2026/27,3,0,0,0,0,0,0,0,0,0,0,0,0,0,0.0,0.0,0.0,0.0,0,45,0.8,12875,9476,Juan,Angulo,J.Angulo,4,20,661313,Sunderland,SUN,3,3,0,0,0,0
652,2026/27,3,0,0,0,0,0,0,0,0,0,0,0,0,0,0.0,0.0,0.0,0.0,0,55,0.0,26,55,Femi,Azeez,Azeez,3,5,471551,Brighton,BHA,3,4,0,0,0,0
653,2026/27,3,0,0,0,0,0,0,0,0,0,0,0,0,0,0.0,0.0,0.0,0.0,0,45,0.0,291,566,Floyd,Samba,Samba,3,15,595480,Man City,MCI,4,5,0,0,0,0
654,2026/27,3,0,0,0,0,0,0,0,0,0,0,0,0,0,0.0,0.0,0.0,0.0,0,45,0.1,291,1201,Braiden,Graham,Graham,3,9,629068,Everton,EVE,3,3,0,0,0,0
1,2026/27,4,90,0,0,1,0,0,1,0,0,0,2,3,38,37.8,0.2,0.0,3.8,14,61,42.9,218440,75764,David,Raya Martín,Raya,1,1,154561,Arsenal,ARS,4,5,0,0,0,0
2,2026/27,4,0,0,0,0,0,0,0,0,0,0,0,0,0,0.0,0.0,0.0,0.0,0,49,0.1,157,328,Kepa,Arrizabalaga Revuelta,Arrizabalaga,1,1,109745,Arsenal,ARS,4,5,0,0,0,0
3,2026/27,4,0,0,0,0,0,0,0,0,0,0,0,0,0,0.0,0.0,0.0,0.0,0,49,0.0,69,149,Illan,Meslier,Meslier,1,1,437495,Arsenal,ARS,4,5,0,0,0,0
4,2026/27,4,90,0,0,1,0,0,0,0,1,0,0,2,30,20.6,1.5,1.0,2.3,9,80,22.7,45788,101649,Gabriel,dos Santos Magalhães,Gabriel,2,1,226597,Arsenal,ARS,4,5,0,0,0,0
5,2026/27,4,45,0,0,0,0,0,0,0,0,0,0,0,3,6.0,1.9,0.0,0.8,1,65,0.5,23944,6887,Jurriën,Timber,J.Timber,2,1,445122,Arsenal,ARS,4,5,0,0,0,0
6,2026/27,4,0,0,0,0,0,0,0,0,0,0,0,0,0,0.0,0.0,0.0,0.0,0,59,0.2,522,1363,William,Saliba,Saliba,2,1,462424,Arsenal,ARS,4,5,0,0,0,0
7,2026/27,4,45,0,0,0,0,0,0,0,0,0,0,0,2,0.0,1.4,0.0,0.0,1,54,0.6,1732,6401,Myles,Lewis-Skelly,Lewis-Skelly,3,1,499169,Arsenal,ARS,4,5,0,0,0,0
8,2026/27,4,90,0,0,1,0,0,0,0,0,0,0,0,18,8.8,1.7,7.0,1.8,6,59,50.9,150962,86848,Riccardo,Calafiori,Calafiori,2,1,466075,Arsenal,ARS,4,5,0,0,0,0
9,2026/27,4,0,0,0,0,0,0,0,0,0,0,0,0,0,0.0,0.0,0.0,0.0,0,52,0.9,2211,7112,Piero,Hincapié,Hincapie,2,1,448104,Arsenal,ARS,4,5,0,0,0,0
10,2026/27,4,45,0,0,0,0,0,0,0,0,0,0,0,4,4.2,0.8,6.0,1.1,1,55,4.6,3950,99727,Benjamin,White,White,2,1,198869,Arsenal,ARS,4,5,0,0,0,0
11,2026/27,4,0,0,0,0,0,0,0,0,0,0,0,0,0,0.0,0.0,0.0,0.0,0,53,1.6,2956,14592,Cristhian,Mosquera,Mosquera,2,1,500040,Arsenal,ARS,4,5,0,0,0,0
12,2026/27,4,90,1,0,1,0,0,0,0,0,0,0,0,28,45.4,16.9,57.0,11.9,8,96,15.5,304055,68164,Bukayo,Saka,Saka,3,1,223340,Arsenal,ARS,4,5,0,0,0,0
13,2026/27,4,80,0,1,1,0,0,0,0,0,0,0,0,27,45.0,36.4,0.0,8.1,6,74,11.0,8639,137432,Declan,Rice,Rice,3,1,204480,Arsenal,ARS,4,5,0,0,0,0
14,2026/27,4,9,0,0,0,0,0,0,0,0,0,0,0,3,0.2,0.0,2.0,0.2,1,62,1.0,5964,8713,Eberechi,Eze,Eze,3,1,232413,Arsenal,ARS,4,5,0,0,0,0
15,2026/27,4,84,0,0,1,0,0,0,0,0,0,0,0,26,19.4,58.2,2.0,8.0,3,68,20.0,150212,136964,Martin,Ødegaard,Ødegaard,3,1,184029,Arsenal,ARS,4,5,0,0,0,0
16,2026/27,4,0,0,0,0,0,0,0,0,0,0,0,0,0,0.0,0.0,0.0,0.0,0,62,0.2,1042,1877,Noni,Madueke,Madueke,3,1,248857,Arsenal,ARS,4,5,0,0,0,0
17,2026/27,4,5,0,0,0,0,0,0,0,0,0,0,0,3,0.2,0.1,0.0,0.0,1,57,0.4,2251,3536,Mikel,Merino Zazón,Merino,3,1,195384,Arsenal,ARS,4,5,0,0,0,0
18,2026/27,4,0,0,0,0,0,0,0,0,0,0,0,0,0,0.0,0.0,0.0,0.0,0,63,0.1,0,701,Gabriel,Martinelli Silva,Martinelli,3,1,444145,Arsenal,ARS,4,5,0,0,0,0
19,2026/27,4,9,0,0,0,0,0,0,0,0,0,0,0,5,3.4,0.2,0.0,0.4,1,53,0.6,662,4836,Martín,Zubimendi Ibáñez,Zubimendi,3,1,481655,Arsenal,ARS,4,5,0,0,0,0
20,2026/27,4,0,0,0,0,0,0,0,0,0,0,0,0,0,0.0,0.0,0.0,0.0,0,53,0.1,506,834,Max,Dowman,Dowman,3,1,616077,Arsenal,ARS,4,5,0,0,0,0
21,2026/27,4,0,0,0,0,0,0,0,0,0,0,0,0,0,0.0,0.0,0.0,0.0,0,48,0.0,88,496,Christian,Nørgaard,Nørgaard,3,9,128295,Everton,EVE,3,3,0,0,0,0
22,2026/27,4,0,0,0,0,0,0,0,0,0,0,0,0,0,0.0,0.0,0.0,0.0,0,54,0.0,0,61,Ethan,Nwaneri,Nwaneri,3,1,499175,Arsenal,ARS,4,5,0,0,0,0
23,2026/27,4,0,0,0,0,0,0,0,0,0,0,0,0,0,0.0,0.0,0.0,0.0,0,55,0.0,0,46,Fábio,Ferreira Vieira,Fábio Vieira,3,1,438098,Arsenal,ARS,4,5,0,0,0,0
24,2026/27,4,0,0,0,0,0,0,0,0,0,0,0,0,0,0.0,0.0,0.0,0.0,0,55,0.0,0,28,Reiss,Nelson,Nelson,3,1,200641,Arsenal,ARS,4,5,0,0,0,0
25,2026/27,4,0,0,0,0,0,0,0,0,0,0,0,0,0,0.0,0.0,0.0,0.0,0,71,3.6,58982,24570,Viktor,Gyökeres,Gyökeres,4,1,224117,Arsenal,ARS,4,5,0,0,0,0
26,2026/27,4,90,0,0,1,0,0,0,0,1,0,0,0,0,1.6,12.4,32.0,4.6,1,76,7.4,53137,143798,Kai,Havertz,Havertz,4,1,219847,Arsenal,ARS,4,5,0,0,0,0
27,2026/27,4,0,0,0,0,0,0,0,0,0,0,0,0,0,0.0,0.0,0.0,0.0,0,59,0.1,0,1198,Gabriel,Fernando de Jesus,G.Jesus,4,1,205651,Arsenal,ARS,4,5,0,0,0,0
28,2026/27,4,90,0,0,0,2,0,0,0,0,0,3,0,10,19.6,0.0,0.0,2.0,2,50,4.7,13016,29580,Emiliano,Martínez Romero,Martinez,1,6,98980,Chelsea,CHE,4,4,0,0,0,0
29,2026/27,4,0,0,0,0,0,0,0,0,0,0,0,0,0,0.0,0.0,0.0,0.0,0,45,0.1,92,1365,Marco,Bizot,M.Bizot,1,2,72147,Aston Villa,AVL,3,3,0,0,0,0
30,2026/27,4,0,0,0,0,0,0,0,0,0,0,0,0,0,0.0,0.0,0.0,0.0,0,45,0.0,0,296,Lucas,Digne,Digne,2,2,101188,Aston Villa,AVL,3,3,0,0,0,0
31,2026/27,4,90,0,0,1,0,0,0,0,0,0,0,0,16,11.8,0.2,0.0,1.2,6,46,18.3,113440,165784,Ezri,Konsa Ngoyo,Konsa,2,1,199798,Arsenal,ARS,4,5,0,0,0,0
32,2026/27,4,0,0,0,0,0,0,0,0,0,0,0,0,0,0.0,0.0,0.0,0.0,0,44,4.7,4393,39181,Matty,Cash,Cash,2,2,199796,Aston Villa,AVL,3,3,0,0,0,0
33,2026/27,4,65,0,0,0,2,0,0,0,1,0,0,0,0,15.6,0.6,4.0,2.0,0,45,0.4,3356,2223,Tyrone,Mings,Mings,2,2,149484,Aston Villa,AVL,3,3,0,0,0,0
34,2026/27,4,24,0,0,0,0,0,0,0,0,0,0,0,4,0.2,0.4,2.0,0.3,1,44,0.3,67,4465,Pau,Torres,Pau,2,2,244954,Aston Villa,AVL,3,3,0,0,0,0
35,2026/27,4,0,0,0,0,0,0,0,0,0,0,0,0,0,0.0,0.0,0.0,0.0,0,49,0.1,218,558,Lamare,Bogarde,Bogarde,3,2,515597,Aston Villa,AVL,3,3,0,0,0,0
36,2026/27,4,90,0,0,0,2,0,0,0,0,0,0,0,7,10.2,3.4,24.0,3.8,1,44,0.5,64,9925,Ian,Maatsen,Maatsen,2,2,441302,Aston Villa,AVL,3,3,0,0,0,0
37,2026/27,4,90,0,0,0,2,0,0,0,0,0,0,0,2,16.4,1.1,35.0,5.3,1,45,0.3,2085,2120,Victor,Lindelöf,Lindelöf,2,2,184667,Aston Villa,AVL,3,3,0,0,0,0
38,2026/27,4,0,0,0,0,0,0,0,0,0,0,0,0,0,0.0,0.0,0.0,0.0,0,40,1.5,2366,8553,Andrés,García,A.García,2,2,606798,Aston Villa,AVL,3,3,0,0,0,0
39,2026/27,4,0,0,0,0,0,0,0,0,0,0,0,0,0,0.0,0.0,0.0,0.0,0,40,0.1,0,790,Kosta,Nedeljkovic,Nedeljkovic,2,2,578545,Aston Villa,AVL,3,3,0,0,0,0
40,2026/27,4,90,1,0,0,2,0,0,0,0,0,0,1,31,43.2,5.9,42.0,9.1,8,78,41.7,305769,100493,Morgan,Rogers,Rogers,3,6,244850,Chelsea,CHE,4,4,0,0,0,0
41,2026/27,4,62,0,0,0,1,0,0,0,0,0,0,0,8,0.0,3.9,0.0,0.1,2,59,1.1,23053,7971,Emiliano,Buendía Stati,Buendía,3,2,195546,Aston Villa,AVL,3,3,0,0,0,0
42,2026/27,4,0,0,0,0,0,0,0,0,0,0,0,0,0,0.0,0.0,0.0,0.0,0,54,0.0,138,335,Evann,Guessand,Guessand,3,8,485337,Crystal Palace,CRY,2,3,0,0,0,0
43,2026/27,4,66,0,0,0,1,0,0,0,0,0,0,0,15,12.2,13.8,4.0,3.0,2,58,1.4,4587,14404,Youri,Tielemans,Tielemans,3,16,166989,Man Utd,MUN,4,4,0,0,0,0
44,2026/27,4,0,0,0,0,0,0,0,0,0,0,0,0,0,0.0,0.0,0.0,0.0,0,54,0.0,0,637,Leon,Bailey,Bailey,3,2,215711,Aston Villa,AVL,3,3,0,0,0,0
45,2026/27,4,90,0,1,0,2,0,0,0,0,0,0,1,30,26.4,31.4,0.0,5.8,6,54,2.2,12680,15139,John,McGinn,McGinn,3,2,122806,Aston Villa,AVL,3,3,0,0,0,0
46,2026/27,4,62,0,0,0,1,0,0,0,0,0,0,0,14,6.0,2.7,7.0,1.6,2,50,0.2,760,2596,Ross,Barkley,Barkley,3,2,88894,Aston Villa,AVL,3,3,0,0,0,0
47,2026/27,4,90,0,0,0,2,0,0,0,0,0,0,0,17,11.6,12.4,2.0,2.6,2,50,0.3,1906,2340,Boubacar,Kamara,Kamara,3,2,226944,Aston Villa,AVL,3,3,0,0,0,0
48,2026/27,4,0,0,0,0,0,0,0,0,0,0,0,0,0,0.0,0.0,0.0,0.0,0,49,0.0,71,127,Amadou,Onana,Onana,3,2,449871,Aston Villa,AVL,3,3,0,0,0,0
49,2026/27,4,0,0,0,0,0,0,0,0,0,0,0,0,0,0.0,0.0,0.0,0.0,0,50,0.0,0,12,Samuel,Iling-Junior,Iling Jr,3,2,469247,Aston Villa,AVL,3,3,0,0,0,0
50,2026/27,4,0,0,0,0,0,0,0,0,0,0,0,0,0,0.0,0.0,0.0,0.0,0,45,0.5,779,4603,Bradley,Burrowes,Burrowes,3,2,645618,Aston Villa,AVL,3,3,0,0,0,0
51,2026/27,4,45,0,0,0,0,0,0,0,0,0,0,0,3,2.0,11.5,2.0,1.6,1,45,1.1,4324,14885,George,Hemmings,George Hemmings,3,2,577285,Aston Villa,AVL,3,3,0,0,0,0
52,2026/27,4,45,1,0,0,2,0,0,0,0,0,0,0,24,34.4,2.3,23.0,6.0,6,50,0.0,76,1033,Alysson Edward Franco,da Rocha dos Santos,Alysson,3,2,653481,Aston Villa,AVL,3,3,0,0,0,0
53,2026/27,4,27,0,0,0,1,0,0,0,0,0,0,0,3,2.6,4.0,0.0,0.7,1,59,0.6,46967,6278,Johan,Manzambi,Manzambi,3,2,614071,Aston Villa,AVL,3,3,0,0,0,0
54,2026/27,4,0,0,0,0,0,0,0,0,0,0,0,0,0,0.0,0.0,0.0,0.0,0,55,0.0,645,282,Joao,Gomes,Gomes,3,2,448089,Aston Villa,AVL,3,3,0,0,0,0
55,2026/27,4,0,0,0,0,0,0,0,0,0,0,0,0,0,0.0,0.0,0.0,0.0,0,78,2.4,0,16290,Ollie,Watkins,Watkins,4,2,178301,Aston Villa,AVL,3,3,0,0,0,0
56,2026/27,4,45,0,0,0,2,0,0,0,0,0,0,0,4,1.2,1.5,2.0,0.5,1,55,0.2,2633,2416,Tammy,Abraham,Abraham,4,2,173879,Aston Villa,AVL,3,3,0,0,0,0
57,2026/27,4,90,0,0,0,2,0,0,0,0,0,0,0,0,0.0,0.0,0.0,0.0,1,45,2.9,10231,19044,Đorđe,Petrović,Petrović,1,3,457569,Bournemouth,BOU,3,3,0,0,0,0
58,2026/27,4,0,0,0,0,0,0,0,0,0,0,0,0,0,0.0,0.0,0.0,0.0,0,40,3.5,13484,11395,Fraser,Forster,Forster,1,3,40383,Bournemouth,BOU,3,3,0,0,0,0
59,2026/27,4,0,0,0,0,0,0,0,0,0,0,0,0,0,0.0,0.0,0.0,0.0,0,40,0.1,0,874,Will,Dennis,Dennis,1,3,444172,Bournemouth,BOU,3,3,0,0,0,0
60,2026/27,4,90,0,0,0,2,0,0,0,1,0,0,0,5,22.0,11.4,0.0,3.3,2,55,0.8,5129,4680,James,Hill,Hill,2,3,463981,Bournemouth,BOU,3,3,0,0,0,0
61,2026/27,4,90,0,0,0,2,0,0,0,0,0,0,0,23,38.6,18.0,28.0,8.5,3,54,3.0,7888,19087,Adrien,Truffert,Truffert,2,3,494521,Bournemouth,BOU,3,3,0,0,0,0
62,2026/27,4,0,0,0,0,0,0,0,0,0,0,0,0,0,0.0,0.0,0.0,0.0,0,49,0.2,608,1213,Bafodé,Diakité,Diakité,2,3,242882,Bournemouth,BOU,3,3,0,0,0,0
63,2026/27,4,0,0,0,0,0,0,0,0,0,0,0,0,0,0.0,0.0,0.0,0.0,0,49,0.0,55,85,Veljko,Milosavljevic,Milosavljević,2,3,620487,Bournemouth,BOU,3,3,0,0,0,0
64,2026/27,4,90,0,0,0,2,0,0,0,1,0,0,0,-1,11.4,2.0,0.0,1.3,0,45,0.1,700,760,Adam,Smith,Smith,2,3,54469,Bournemouth,BOU,3,3,0,0,0,0
65,2026/27,4,0,0,0,0,0,0,0,0,0,0,0,0,0,0.0,0.0,0.0,0.0,0,44,0.0,64,90,Julián,Araujo Zúñiga,J.Araujo,2,3,436893,Bournemouth,BOU,3,3,0,0,0,0
66,2026/27,4,0,0,0,0,0,0,0,0,0,0,0,0,0,0.0,0.0,0.0,0.0,0,40,0.3,1004,1529,Julio,Soler Barreto,Soler,2,3,575901,Bournemouth,BOU,3,3,0,0,0,0
67,2026/27,4,81,0,0,0,2,0,0,0,0,0,0,0,7,5.6,17.8,20.0,4.3,2,63,1.5,7367,14442,Rayan Vitor,Simplício Rocha,Rayan,3,3,499604,Bournemouth,BOU,3,3,0,0,0,0
68,2026/27,4,82,1,0,0,2,0,0,0,1,0,0,2,44,49.4,58.3,37.0,14.5,8,61,7.0,136781,73492,Marcus,Tavernier,Tavernier,3,3,201658,Bournemouth,BOU,3,3,0,0,0,0
69,2026/27,4,90,0,0,0,2,0,0,0,0,0,0,0,19,22.2,46.1,10.0,7.8,4,61,5.0,26658,122749,Alex,Scott,Scott,3,3,503139,Bournemouth,BOU,3,3,0,0,0,0
70,2026/27,4,65,1,0,0,2,0,0,0,0,0,0,1,31,40.0,3.3,43.0,8.6,8,60,0.8,2351,28600,Justin,Kluivert,Kluivert,3,3,222683,Bournemouth,BOU,3,3,0,0,0,0
71,2026/27,4,8,0,0,0,0,0,0,0,1,0,0,0,-1,0.6,0.3,0.0,0.1,0,50,0.2,363,1580,Lewis,Cook,Cook,3,3,155408,Bournemouth,BOU,3,3,0,0,0,0
72,2026/27,4,8,0,0,0,0,0,0,0,0,0,0,0,6,1.6,1.5,7.0,1.0,1,49,0.1,200,557,Ben,Gannon-Doak,Gannon-Doak,3,3,496208,Bournemouth,BOU,3,3,0,0,0,0
73,2026/27,4,81,0,0,0,2,0,0,0,0,0,0,0,16,13.0,5.9,7.0,2.6,2,50,0.3,1699,2228,Tyler,Adams,Adams,3,3,200785,Bournemouth,BOU,3,3,0,0,0,0
74,2026/27,4,7,0,0,0,0,0,0,0,1,0,0,0,-1,4.2,0.3,2.0,0.7,0,50,0.1,272,472,David,Brooks,Brooks,3,3,111317,Bournemouth,BOU,3,3,0,0,0,0
75,2026/27,4,24,0,0,0,0,0,0,0,0,0,0,0,7,6.6,14.4,4.0,2.5,1,50,0.0,578,356,Ryan,Christie,Christie,3,3,158499,Bournemouth,BOU,3,3,0,0,0,0
76,2026/27,4,0,0,0,0,0,0,0,0,0,0,0,0,0,0.0,0.0,0.0,0.0,0,49,0.0,41,79,Alex,Tóth,Tóth.A,3,3,614574,Bournemouth,BOU,3,3,0,0,0,0
77,2026/27,4,0,0,0,0,0,0,0,0,0,0,0,0,0,0.0,0.0,0.0,0.0,0,49,0.0,38,98,Amine,Adli,Adli,3,3,489888,Bournemouth,BOU,3,3,0,0,0,0
78,2026/27,4,0,0,0,0,0,0,0,0,0,0,0,0,0,0.0,0.0,0.0,0.0,0,74,0.2,264,1113,Junior,Kroupi,Kroupi.Jr,3,3,560262,Bournemouth,BOU,3,3,0,0,0,0
79,2026/27,4,90,0,1,0,2,0,0,0,0,0,0,0,22,22.8,40.0,4.0,6.7,5,60,3.3,33530,31109,Francisco Evanilson,de Lima Barbosa,Evanilson,4,3,444102,Bournemouth,BOU,3,3,0,0,0,0
80,2026/27,4,0,0,0,0,0,0,0,0,0,0,0,0,0,0.0,0.0,0.0,0.0,0,55,0.0,0,66,Enes,Ünal,Enes Ünal,4,3,168636,Bournemouth,BOU,3,3,0,0,0,0
81,2026/27,4,1,0,0,0,0,0,0,0,0,0,0,0,3,0.0,0.5,0.0,0.1,1,60,0.1,1200,927,Álvaro,Rodríguez,Rodríguez,4,3,561245,Bournemouth,BOU,3,3,0,0,0,0
82,2026/27,4,90,0,0,0,2,0,0,0,0,0,8,0,19,44.0,0.0,0.0,4.4,3,50,6.1,30178,23213,Caoimhín,Kelleher,Kelleher,1,4,200720,Brentford,BRE,3,3,0,0,0,0
83,2026/27,4,0,0,0,0,0,0,0,0,0,0,0,0,0,0.0,0.0,0.0,0.0,0,45,0.1,415,494,Hákon Rafn,Valdimarsson,Valdimarsson,1,4,507433,Brentford,BRE,3,3,0,0,0,0
84,2026/27,4,0,0,0,0,0,0,0,0,0,0,0,0,0,0.0,0.0,0.0,0.0,0,54,0.9,149,13679,Nathan,Collins,Collins,2,4,432830,Brentford,BRE,3,3,0,0,0,0
85,2026/27,4,0,0,0,0,0,0,0,0,0,0,0,0,0,0.0,0.0,0.0,0.0,0,49,0.1,60,489,Sepp,van den Berg,Van den Berg,2,4,444765,Brentford,BRE,3,3,0,0,0,0
86,2026/27,4,59,0,0,0,2,0,0,0,0,0,0,0,0,0.8,1.6,6.0,0.8,1,55,1.6,5634,17569,Keane,Lewis-Potter,Lewis-Potter,3,4,249231,Brentford,BRE,3,3,0,0,0,0
87,2026/27,4,90,0,0,0,2,0,0,0,0,0,0,0,0,15.2,0.5,8.0,2.4,1,45,3.8,20840,37037,Kristoffer,Ajer,Ajer,2,4,191866,Brentford,BRE,3,3,0,0,0,0
88,2026/27,4,19,0,0,0,0,0,0,0,0,0,0,0,5,5.4,14.1,0.0,2.0,1,46,7.6,26178,33960,Michael,Kayode,Kayode,2,4,607464,Brentford,BRE,3,3,0,0,0,0
89,2026/27,4,0,0,0,0,0,0,0,0,0,0,0,0,0,0.0,0.0,0.0,0.0,0,44,0.2,213,849,Rico,Henry,Henry,2,4,194010,Brentford,BRE,3,3,0,0,0,0
90,2026/27,4,70,0,0,0,2,0,0,0,0,0,0,0,4,10.0,2.1,6.0,1.8,1,45,0.1,271,372,Aaron,Hickey,Hickey,2,4,472713,Brentford,BRE,3,3,0,0,0,0
91,2026/27,4,90,0,0,0,5,0,0,0,0,0,0,0,-11,18.0,0.7,4.0,2.3,2,45,0.1,675,384,Ethan,Pinnock,Pinnock,2,7,231065,Coventry City,COV,2,2,0,0,0,0
92,2026/27,4,0,0,0,0,0,0,0,0,0,0,0,0,0,0.0,0.0,0.0,0.0,0,44,0.0,80,109,Kim,Ji-soo,Ji-soo,2,4,570241,Brentford,BRE,3,3,0,0,0,0
93,2026/27,4,90,0,0,0,2,0,0,0,0,0,0,0,5,22.2,0.5,8.0,3.1,3,45,0.5,29279,4600,Jannik,Schuster,Schuster,2,4,513086,Brentford,BRE,3,3,0,0,0,0
94,2026/27,4,90,2,0,0,2,0,0,0,0,0,0,3,49,70.8,8.3,28.0,10.7,15,62,13.8,637758,56338,Kevin,Schade,Schade,3,4,513418,Brentford,BRE,3,3,0,0,0,0
95,2026/27,4,30,0,0,0,0,0,0,0,0,0,0,0,4,2.0,1.7,6.0,1.0,1,63,0.4,1356,5450,Dango,Ouattara,O.Dango,3,4,533463,Brentford,BRE,3,3,0,0,0,0
96,2026/27,4,30,0,0,0,0,0,0,0,0,0,0,0,3,0.0,7.8,6.0,1.3,1,54,0.4,1926,4673,Mikkel,Damsgaard,Damsgaard,3,4,440089,Brentford,BRE,3,3,0,0,0,0
97,2026/27,4,0,0,0,0,0,0,0,0,0,0,0,0,0,0.0,0.0,0.0,0.0,0,54,0.1,23,910,Mathias,Jensen,Jensen,3,4,207283,Brentford,BRE,3,3,0,0,0,0
98,2026/27,4,90,0,0,0,2,0,0,0,0,0,0,0,20,28.4,14.4,0.0,4.3,4,50,2.5,29062,27030,Vitaly,Janelt,Janelt,3,4,204580,Brentford,BRE,3,3,0,0,0,0
99,2026/27,4,0,0,0,0,0,0,0,0,0,0,0,0,0,0.0,0.0,0.0,0.0,0,50,0.0,12,10,Antoni,Milambo,Milambo,3,4,543295,Brentford,BRE,3,3,0,0,0,0
100,2026/27,4,0,0,0,0,0,0,0,0,0,0,0,0,0,0.0,0.0,0.0,0.0,0,50,0.0,780,227,Fábio,Freitas Gouveia Carvalho,Carvalho,3,4,244858,Brentford,BRE,3,3,0,0,0,0
101,2026/27,4,0,0,0,0,0,0,0,0,0,0,0,0,0,0.0,0.0,0.0,0.0,0,49,0.0,670,213,Jordan,Henderson,Henderson,3,6,56979,Chelsea,CHE,4,4,0,0,0,0
102,2026/27,4,59,0,1,0,2,0,0,0,0,0,0,0,19,22.0,22.8,4.0,4.9,4,48,0.6,2125,5630,Yehor,Yarmoliuk,Yarmoliuk,3,4,508395,Brentford,BRE,3,3,0,0,0,0
103,2026/27,4,0,0,0,0,0,0,0,0,0,0,0,0,0,0.0,0.0,0.0,0.0,0,49,0.0,16,150,Josh,Dasilva,Dasilva,3,4,183656,Brentford,BRE,3,3,0,0,0,0
104,2026/27,4,72,0,0,0,3,0,0,0,0,0,0,0,11,6.2,0.9,21.0,2.8,2,49,0.1,238,679,Frank,Onyeka,Onyeka,3,7,428580,Coventry City,COV,2,2,0,0,0,0
105,2026/27,4,59,0,0,0,2,0,0,0,0,0,0,0,12,14.6,15.3,2.0,3.2,1,59,0.2,3632,935,Jaidon,Anthony,Anthony,3,4,444180,Brentford,BRE,3,3,0,0,0,0
106,2026/27,4,90,0,0,0,2,0,0,0,1,0,0,0,3,0.0,16.0,10.0,2.4,1,78,9.4,103209,59005,Igor Thiago,Nascimento Rodrigues,Thiago,4,4,502500,Brentford,BRE,3,3,0,0,0,0
107,2026/27,4,0,0,0,0,0,0,0,0,0,0,0,0,0,0.0,0.0,0.0,0.0,0,45,0.8,1149,12805,Kaye,Furo,Furo,4,4,593174,Brentford,BRE,3,3,0,0,0,0
108,2026/27,4,0,0,0,0,0,0,0,0,0,0,0,0,0,0.0,0.0,0.0,0.0,0,54,0.3,1733,3191,Callum,Wilson,Wilson,4,4,75115,Brentford,BRE,3,3,0,0,0,0
109,2026/27,4,90,0,0,1,0,0,0,0,0,0,6,0,39,47.8,0.0,0.0,4.8,8,45,21.5,115860,129605,Bart,Verbruggen,Verbruggen,1,5,489639,Brighton,BHA,3,4,0,0,0,0
110,2026/27,4,90,0,0,0,5,0,0,0,0,0,2,0,-5,18.0,0.0,0.0,1.8,0,45,0.7,3975,8371,Carl,Rushworth,Rushworth,1,7,472739,Coventry City,COV,2,2,0,0,0,0
111,2026/27,4,0,0,0,0,0,0,0,0,0,0,0,0,0,0.0,0.0,0.0,0.0,0,40,4.1,11516,23272,Jason,Steele,Steele,1,5,49262,Brighton,BHA,3,4,0,0,0,0
112,2026/27,4,90,0,0,1,0,0,0,0,0,0,0,0,27,38.4,15.2,7.0,6.1,8,49,6.1,28219,75606,Jan Paul,van Hecke,Van Hecke,2,19,469142,Spurs,TOT,2,3,0,0,0,0
113,2026/27,4,90,0,0,1,0,0,0,0,0,0,0,0,24,6.4,15.4,0.0,2.2,6,44,1.5,7104,12012,Ferdi,Kadıoğlu,F.Kadıoğlu,2,5,231416,Brighton,BHA,3,4,0,0,0,0
114,2026/27,4,77,0,0,1,0,0,0,0,0,0,0,0,25,11.6,14.3,2.0,2.8,6,45,0.3,4125,1471,Olivier,Boscagli,Boscagli,2,5,204120,Brighton,BHA,3,4,0,0,0,0
115,2026/27,4,90,0,1,1,0,0,0,0,0,0,0,2,41,24.8,46.9,3.0,7.5,11,50,29.4,478970,41522,Maxim,De Cuyper,De Cuyper,2,5,465730,Brighton,BHA,3,4,0,0,0,0
116,2026/27,4,90,1,0,1,0,0,0,0,0,0,0,0,39,57.2,4.3,7.0,6.9,12,45,1.5,9581,16139,Lewis,Dunk,Dunk,2,5,83299,Brighton,BHA,3,4,0,0,0,0
117,2026/27,4,0,0,0,0,0,0,0,0,0,0,0,0,0,0.0,0.0,0.0,0.0,0,45,0.0,151,129,Diego,Coppola,Coppola,2,5,550090,Brighton,BHA,3,4,0,0,0,0
118,2026/27,4,0,0,0,0,0,0,0,0,0,0,0,0,0,0.0,0.0,0.0,0.0,0,45,0.0,0,395,Igor Julio,dos Santos de Paulo,Igor,2,5,223434,Brighton,BHA,3,4,0,0,0,0
119,2026/27,4,6,0,0,0,0,0,0,0,0,0,0,0,3,1.2,0.3,0.0,0.2,1,45,0.0,249,178,João Pedro,Loureiro da Costa,Costinha,2,5,451490,Brighton,BHA,3,4,0,0,0,0
120,2026/27,4,0,0,0,0,0,0,0,0,0,0,0,0,0,0.0,0.0,0.0,0.0,0,50,0.1,1514,582,Michael,Svoboda,Svoboda,2,5,454490,Brighton,BHA,3,4,0,0,0,0
121,2026/27,4,0,0,0,0,0,0,0,0,0,0,0,0,0,0.0,0.0,0.0,0.0,0,59,0.0,168,222,Mitoma,Kaoru,Mitoma,3,5,451340,Brighton,BHA,3,4,0,0,0,0
122,2026/27,4,0,0,0,0,0,0,0,0,0,0,0,0,0,0.0,0.0,0.0,0.0,0,58,0.0,59,296,Yankuba,Minteh,Minteh,3,5,592031,Brighton,BHA,3,4,0,0,0,0
123,2026/27,4,0,0,0,0,0,0,0,0,0,0,0,0,0,0.0,0.0,0.0,0.0,0,59,0.5,458,9036,Jack,Hinshelwood,Hinshelwood,3,5,532529,Brighton,BHA,3,4,0,0,0,0
124,2026/27,4,90,1,2,1,0,0,0,0,0,0,0,3,56,83.8,79.1,18.0,18.1,17,59,32.4,1144037,23635,Pascal,Groß,Groß,3,5,60307,Brighton,BHA,3,4,0,0,0,0
125,2026/27,4,0,0,0,0,0,0,0,0,0,0,0,0,0,0.0,0.0,0.0,0.0,0,53,0.5,4047,5865,Georginio,Rutter,Georginio,4,5,463067,Brighton,BHA,3,4,0,0,0,0
126,2026/27,4,6,0,0,0,0,0,0,0,0,0,0,0,4,2.2,10.5,0.0,1.3,1,54,0.1,535,696,Matt,O'Riley,O'Riley,3,5,219249,Brighton,BHA,3,4,0,0,0,0
127,2026/27,4,83,0,0,1,0,0,0,0,0,0,0,0,6,2.4,9.0,9.0,2.0,3,50,3.8,18854,59954,Diego,Gómez Amarilla,Gomez,3,5,514254,Brighton,BHA,3,4,0,0,0,0
128,2026/27,4,0,0,0,0,0,0,0,0,0,0,0,0,0,0.0,0.0,0.0,0.0,0,50,0.0,0,10,Facundo,Buonanotte,Buonanotte,3,5,536916,Brighton,BHA,3,4,0,0,0,0
129,2026/27,4,90,1,0,1,0,0,0,0,0,0,0,0,38,39.0,6.8,27.0,7.3,8,54,0.4,3919,3118,Yasin,Ayari,Ayari,3,5,509416,Brighton,BHA,3,4,0,0,0,0
130,2026/27,4,0,0,0,0,0,0,0,0,0,0,0,0,0,0.0,0.0,0.0,0.0,0,49,0.2,37,2699,Mats,Wieffer,Wieffer,2,5,467779,Brighton,BHA,3,4,0,0,0,0
131,2026/27,4,0,0,0,0,0,0,0,0,0,0,0,0,0,0.0,0.0,0.0,0.0,0,49,0.1,2631,1054,Carlos,Baleba,Baleba,3,16,535301,Man Utd,MUN,4,4,0,0,0,0
132,2026/27,4,0,0,0,0,0,0,0,0,0,0,0,0,0,0.0,0.0,0.0,0.0,0,45,0.0,0,290,Harry,Howell,Howell,3,5,597320,Brighton,BHA,3,4,0,0,0,0
133,2026/27,4,0,0,0,0,0,0,0,0,0,0,0,0,0,0.0,0.0,0.0,0.0,0,50,0.0,0,6,Tom,Watson,Watson,3,5,549074,Brighton,BHA,3,4,0,0,0,0
134,2026/27,4,0,0,0,0,0,0,0,0,0,0,0,0,0,0.0,0.0,0.0,0.0,0,45,0.2,445,1856,Nehemiah,Oriola,Oriola,3,5,556637,Brighton,BHA,3,4,0,0,0,0
135,2026/27,4,0,0,0,0,0,0,0,0,0,0,0,0,0,0.0,0.0,0.0,0.0,0,48,0.0,30,544,Zadok,Yohanna,Yohanna,3,5,700308,Brighton,BHA,3,4,0,0,0,0
136,2026/27,4,12,0,0,0,0,0,0,0,0,0,0,0,4,7.2,10.6,4.0,2.2,1,59,1.0,14206,14234,Danny,Welbeck,Welbeck,4,6,50175,Chelsea,CHE,4,4,0,0,0,0
137,2026/27,4,0,0,0,0,0,0,0,0,0,0,0,0,0,0.0,0.0,0.0,0.0,0,54,0.0,49,73,Stefanos,Tzimas,Tzimas,4,5,608181,Brighton,BHA,3,4,0,0,0,0
138,2026/27,4,83,1,1,1,0,0,0,0,0,0,0,1,40,33.0,7.0,38.0,7.8,10,56,6.4,532072,39096,Charalampos,Kostoulas,Kostoulas,4,5,647850,Brighton,BHA,3,4,0,0,0,0
139,2026/27,4,0,0,0,0,0,0,0,0,0,0,0,0,0,0.0,0.0,0.0,0.0,0,50,0.0,183,320,Evan,Ferguson,Ferguson,4,5,487117,Brighton,BHA,3,4,0,0,0,0
140,2026/27,4,0,0,0,0,0,0,0,0,0,0,0,0,0,0.0,0.0,0.0,0.0,0,49,0.7,0,6779,Robert,Lynch Sánchez,Sánchez,1,6,215059,Chelsea,CHE,4,4,0,0,0,0
141,2026/27,4,0,0,0,0,0,0,0,0,0,0,0,0,0,0.0,0.0,0.0,0.0,0,50,0.0,0,36,Filip,Jörgensen,Jörgensen,1,6,508479,Chelsea,CHE,4,4,0,0,0,0
142,2026/27,4,90,0,0,0,2,0,0,0,0,0,0,0,11,19.8,10.4,15.0,4.5,1,53,5.5,1142,107354,Reece,James,James,2,6,225796,Chelsea,CHE,4,4,0,0,0,0
143,2026/27,4,0,0,0,0,0,0,0,0,0,0,0,0,0,0.0,0.0,0.0,0.0,0,55,0.1,0,396,Trevoh,Chalobah,Chalobah,2,6,180736,Chelsea,CHE,4,4,0,0,0,0
144,2026/27,4,77,0,0,0,2,0,0,0,0,0,0,0,7,14.0,23.3,6.0,4.3,1,49,0.9,2268,8710,Malo,Gusto,Gusto,2,6,482609,Chelsea,CHE,4,4,0,0,0,0
145,2026/27,4,85,0,0,0,2,0,0,0,0,0,0,0,10,18.4,4.7,4.0,2.7,1,50,0.2,4288,1764,Wesley,Fofana,Fofana,2,6,444463,Chelsea,CHE,4,4,0,0,0,0
146,2026/27,4,0,0,0,0,0,0,0,0,0,0,0,0,0,0.0,0.0,0.0,0.0,0,45,0.0,0,57,Benoît,Badiashile Mukinayi,B.Badiashile,2,6,242880,Chelsea,CHE,4,4,0,0,0,0
147,2026/27,4,5,0,0,0,0,0,0,0,0,0,0,0,5,9.0,0.2,0.0,0.9,1,44,0.1,156,751,Tosin,Adarabioyo,Tosin,2,19,109646,Spurs,TOT,2,3,0,0,0,0
148,2026/27,4,45,0,0,0,2,0,0,0,0,0,0,0,-8,3.8,2.9,2.0,0.9,0,45,0.8,1452,10832,Jorrel,Hato,Hato,2,6,551210,Chelsea,CHE,4,4,0,0,0,0
149,2026/27,4,90,0,0,0,2,0,0,0,0,0,0,0,8,26.8,12.2,4.0,4.3,1,48,0.9,2066,7847,Levi,Samuels Colwill,Colwill,2,6,460028,Chelsea,CHE,4,4,0,0,0,0
150,2026/27,4,0,0,0,0,0,0,0,0,0,0,0,0,0,0.0,0.0,0.0,0.0,0,45,0.0,0,231,Mamadou,Sarr,M.Sarr,2,6,574458,Chelsea,CHE,4,4,0,0,0,0
151,2026/27,4,0,0,0,0,0,0,0,0,0,0,0,0,0,0.0,0.0,0.0,0.0,0,45,0.3,611,2697,Josh,Acheampong,Acheampong,2,6,577016,Chelsea,CHE,4,4,0,0,0,0
152,2026/27,4,0,0,0,0,0,0,0,0,0,0,0,0,0,0.0,0.0,0.0,0.0,0,53,0.6,642,6370,Marco,Palestra,Palestra,2,6,620109,Chelsea,CHE,4,4,0,0,0,0
153,2026/27,4,33,0,0,0,3,0,0,0,0,1,0,0,-18,2.2,0.1,0.0,0.2,-3,45,0.1,41,1160,Axel,Disasi,Disasi,2,8,220362,Crystal Palace,CRY,2,3,0,0,0,0
154,2026/27,4,90,0,1,0,2,0,0,0,0,0,0,0,28,18.6,37.6,12.0,6.8,5,97,24.3,71416,316825,Cole,Palmer,Palmer,3,6,244851,Chelsea,CHE,4,4,0,0,0,0
155,2026/27,4,81,0,0,1,0,0,0,0,1,0,0,0,17,10.4,20.7,15.0,4.6,2,69,3.7,44758,22526,Enzo,Fernández,Enzo,3,15,448047,Man City,MCI,4,5,0,0,0,0
156,2026/27,4,85,0,0,0,2,0,0,0,0,0,0,0,17,15.8,31.3,27.0,7.4,2,65,1.4,9902,13159,Pedro,Lomba Neto,Neto,3,6,247632,Chelsea,CHE,4,4,0,0,0,0
157,2026/27,4,4,0,0,0,0,0,0,0,0,0,0,0,6,5.0,0.5,21.0,2.7,1,63,0.7,2966,5294,Estêvão,Almeida de Oliveira Gonçalves,Estêvão,3,6,624773,Chelsea,CHE,4,4,0,0,0,0
158,2026/27,4,0,0,0,0,0,0,0,0,0,0,0,0,0,0.0,0.0,0.0,0.0,0,58,0.0,164,333,Jamie,Bynoe-Gittens,Gittens,3,6,463936,Chelsea,CHE,4,4,0,0,0,0
159,2026/27,4,0,0,0,0,0,0,0,0,0,0,0,0,0,0.0,0.0,0.0,0.0,0,53,1.0,657,12610,Moisés,Caicedo Corozo,Caicedo,3,6,486672,Chelsea,CHE,4,4,0,0,0,0
160,2026/27,4,0,0,0,0,0,0,0,0,0,0,0,0,0,0.0,0.0,0.0,0.0,0,58,0.3,764,3467,Alejandro,Garnacho Ferreyra,Garnacho,3,2,493105,Aston Villa,AVL,3,3,0,0,0,0
161,2026/27,4,68,0,0,0,2,0,0,0,0,0,0,0,14,7.4,4.9,0.0,1.2,2,50,0.2,779,3255,Roméo,Lavia,Lavia,3,6,514356,Chelsea,CHE,4,4,0,0,0,0
162,2026/27,4,0,0,0,0,0,0,0,0,0,0,0,0,0,0.0,0.0,0.0,0.0,0,48,0.5,1247,6911,Andrey,Nascimento dos Santos,Andrey Santos,3,16,532605,Man Utd,MUN,4,4,0,0,0,0
163,2026/27,4,0,0,0,0,0,0,0,0,0,0,0,0,0,0.0,0.0,0.0,0.0,0,45,0.1,0,995,Dário,Luís Essugo,D.Essugo,3,6,491007,Chelsea,CHE,4,4,0,0,0,0
164,2026/27,4,0,0,0,0,0,0,0,0,0,0,0,0,0,0.0,0.0,0.0,0.0,0,53,0.0,94,231,Geovany,Quenda,Quenda,3,6,593117,Chelsea,CHE,4,4,0,0,0,0
165,2026/27,4,90,1,1,0,2,0,0,0,0,0,0,3,44,54.4,15.7,31.0,10.1,12,77,63.7,136278,572646,João Pedro,Junqueira de Jesus,João Pedro,4,6,475168,Chelsea,CHE,4,4,0,0,0,0
166,2026/27,4,45,0,0,0,0,0,0,0,1,0,0,0,0,0.0,2.0,2.0,0.2,0,65,1.8,67525,13702,Nicolas,Jackson,N.Jackson,4,2,517052,Aston Villa,AVL,3,3,0,0,0,0
167,2026/27,4,90,1,0,0,1,0,0,0,1,0,0,0,25,28.6,12.6,38.0,7.9,5,56,2.6,33079,45038,Liam,Delap,Delap,4,18,463034,Nott'm Forest,NFO,3,3,0,0,0,0
168,2026/27,4,0,0,0,0,0,0,0,0,0,0,0,0,0,0.0,0.0,0.0,0.0,0,50,0.2,0,2073,Marc,Guiu Paz,Marc Guiu,4,6,499309,Chelsea,CHE,4,4,0,0,0,0
169,2026/27,4,0,0,0,0,0,0,0,0,0,0,0,0,0,0.0,0.0,0.0,0.0,0,45,0.5,5878,4594,Shumaira,Mheuka,Mheuka,4,6,567119,Chelsea,CHE,4,4,0,0,0,0
170,2026/27,4,0,0,0,0,0,0,0,0,0,0,0,0,0,0.0,0.0,0.0,0.0,0,49,0.1,148,1353,Emmanuel,Emegha,Emegha,4,6,503037,Chelsea,CHE,4,4,0,0,0,0
171,2026/27,4,0,0,0,0,0,0,0,0,0,0,0,0,0,0.0,0.0,0.0,0.0,0,40,1.0,0,7788,Oliver,Dovin,Dovin,1,7,484389,Coventry City,COV,2,2,0,0,0,0
172,2026/27,4,0,0,0,0,0,0,0,0,0,0,0,0,0,0.0,0.0,0.0,0.0,0,44,0.4,319,981,Ben,Wilson,Wilson,1,7,110690,Coventry City,COV,2,2,0,0,0,0
173,2026/27,4,90,0,0,0,5,0,0,0,0,0,0,0,-17,6.8,0.4,23.0,3.0,0,40,8.6,54309,52019,Bobby,Thomas,Thomas,2,7,461102,Coventry City,COV,2,2,0,0,0,0
174,2026/27,4,0,0,0,0,0,0,0,0,0,0,0,0,0,0.0,0.0,0.0,0.0,0,40,0.3,0,2885,Liam,Kitching,Kitching,2,7,436761,Coventry City,COV,2,2,0,0,0,0
175,2026/27,4,90,0,0,0,5,0,0,0,0,0,0,0,-5,18.8,11.6,4.0,3.4,0,40,8.2,1428,124583,Milan,van Ewijk,van Ewijk,2,7,451284,Coventry City,COV,2,2,0,0,0,0
176,2026/27,4,90,0,0,0,5,0,0,0,0,0,0,0,-7,12.8,26.0,0.0,3.9,0,40,0.8,13432,3442,Jay,Dasilva,Dasilva,2,7,173878,Coventry City,COV,2,2,0,0,0,0
177,2026/27,4,0,0,0,0,0,0,0,0,0,0,0,0,0,0.0,0.0,0.0,0.0,0,39,0.1,4317,1255,Kaine,Kesler-Hayden,Kesler-Hayden,2,7,465390,Coventry City,COV,2,2,0,0,0,0
178,2026/27,4,0,0,0,0,0,0,0,0,0,0,0,0,0,0.0,0.0,0.0,0.0,0,40,0.1,261,441,Jake,Bidwell,Bidwell,2,7,80178,Coventry City,COV,2,2,0,0,0,0
179,2026/27,4,0,0,0,0,0,0,0,0,0,0,0,0,0,0.0,0.0,0.0,0.0,0,40,0.0,103,212,Joel,Latibeaudiere,Latibeaudiere,2,7,204813,Coventry City,COV,2,2,0,0,0,0
180,2026/27,4,0,0,0,0,0,0,0,0,0,0,0,0,0,0.0,0.0,0.0,0.0,0,39,0.1,432,879,Luke,Woolfenden,Woolfenden,2,7,220583,Coventry City,COV,2,2,0,0,0,0
181,2026/27,4,0,0,0,0,0,0,0,0,0,0,0,0,0,0.0,0.0,0.0,0.0,0,40,0.0,0,161,Miguel,Brau,Brau,2,7,577411,Coventry City,COV,2,2,0,0,0,0
182,2026/27,4,90,0,0,0,5,0,0,0,0,0,0,0,-12,18.2,10.3,4.0,3.3,0,40,0.6,58,9574,Aurèle,Amenda,Amenda,2,7,539142,Coventry City,COV,2,2,0,0,0,0
183,2026/27,4,72,0,0,0,3,0,0,0,0,0,0,0,11,10.8,55.5,25.0,9.1,2,49,0.1,1475,1148,Jack,Rudoni,Rudoni,3,7,480457,Coventry City,COV,2,2,0,0,0,0
184,2026/27,4,83,0,0,0,4,0,0,0,0,0,0,0,9,5.6,5.8,2.0,1.3,2,49,0.1,262,1328,Matt,Grimes,Grimes,3,7,168144,Coventry City,COV,2,2,0,0,0,0
185,2026/27,4,0,0,0,0,0,0,0,0,0,0,0,0,0,0.0,0.0,0.0,0.0,0,48,0.1,146,570,Tatsuhiro,Sakamoto,Sakamoto,3,7,501459,Coventry City,COV,2,2,0,0,0,0
186,2026/27,4,59,0,0,0,2,0,0,0,0,0,0,0,5,6.0,1.0,44.0,5.1,1,53,0.1,102,472,Ephron,Mason-Clark,Mason-Clark,3,7,241293,Coventry City,COV,2,2,0,0,0,0
187,2026/27,4,0,0,0,0,0,0,0,0,0,0,0,0,0,0.0,0.0,0.0,0.0,0,48,0.0,41,133,Josh,Eccles,Eccles,3,7,439668,Coventry City,COV,2,2,0,0,0,0
188,2026/27,4,6,0,0,0,1,0,0,0,0,0,0,0,3,0.4,0.4,0.0,0.1,1,53,0.1,49,635,Victor,Torp,Torp,3,7,226965,Coventry City,COV,2,2,0,0,0,0
189,2026/27,4,0,0,0,0,0,0,0,0,0,0,0,0,0,0.0,0.0,0.0,0.0,0,44,0.3,4889,3774,George,Shepherd,Shepherd,3,7,684268,Coventry City,COV,2,2,0,0,0,0
190,2026/27,4,0,0,0,0,0,0,0,0,0,0,0,0,0,0.0,0.0,0.0,0.0,0,54,0.1,45,537,Loum,Tchaouna,Tchaouna,3,7,469272,Coventry City,COV,2,2,0,0,0,0
191,2026/27,4,0,0,0,0,0,0,0,0,0,0,0,0,0,0.0,0.0,0.0,0.0,0,45,0.1,0,1123,Raphael,Borges Rodrigues,Borges Rodrigues,3,7,492498,Coventry City,COV,2,2,0,0,0,0
192,2026/27,4,0,0,0,0,0,0,0,0,0,0,0,0,0,0.0,0.0,0.0,0.0,0,45,0.3,0,3203,Kai,Andrews,Andrews,3,7,629397,Coventry City,COV,2,2,0,0,0,0
193,2026/27,4,0,0,0,0,0,0,0,0,0,0,0,0,0,0.0,0.0,0.0,0.0,0,53,0.1,55,785,Haji,Wright,Wright,4,7,176412,Coventry City,COV,2,2,0,0,0,0
194,2026/27,4,17,0,0,0,2,0,0,0,0,0,0,0,7,6.0,0.5,26.0,3.3,1,50,0.8,14272,9313,Brandon,Thomas-Asante,Thomas-Asante,4,7,230730,Coventry City,COV,2,2,0,0,0,0
195,2026/27,4,0,0,0,0,0,0,0,0,0,0,0,0,0,0.0,0.0,0.0,0.0,0,49,0.6,3998,7926,Ellis,Simms,Simms,4,7,218997,Coventry City,COV,2,2,0,0,0,0
196,2026/27,4,0,0,0,0,0,0,0,0,0,0,0,0,0,0.0,0.0,0.0,0.0,0,50,0.0,0,79,Jahnoah,Markelo,Markelo,4,7,551262,Coventry City,COV,2,2,0,0,0,0
197,2026/27,4,0,0,0,0,0,0,0,0,0,0,0,0,0,0.0,0.0,0.0,0.0,0,45,0.0,0,194,Norman,Bassette,Bassette,4,7,549653,Coventry City,COV,2,2,0,0,0,0
198,2026/27,4,0,0,0,0,0,0,0,0,0,0,0,0,0,0.0,0.0,0.0,0.0,0,49,1.2,188,15971,Dean,Henderson,Henderson,1,8,172649,Crystal Palace,CRY,2,3,0,0,0,0
199,2026/27,4,90,0,0,0,3,0,0,0,0,0,3,0,3,18.8,0.0,0.0,1.9,2,45,0.1,1251,626,Walter,Benítez,Benitez,1,8,121709,Crystal Palace,CRY,2,3,0,0,0,0
200,2026/27,4,4,0,0,0,0,0,0,0,0,0,0,0,4,3.6,0.0,0.0,0.4,1,59,6.7,14567,41214,Maxence,Lacroix,Lacroix,2,6,437499,Chelsea,CHE,4,4,0,0,0,0
201,2026/27,4,90,0,0,0,1,0,0,0,0,0,0,0,23,31.6,55.9,39.0,12.7,2,54,5.6,12136,45511,Daniel,Muñoz Mejía,Muñoz,2,18,247348,Nott'm Forest,NFO,3,3,0,0,0,0
202,2026/27,4,90,0,0,0,3,0,0,0,1,0,0,0,2,22.4,5.9,0.0,2.8,2,49,0.6,2878,3205,Chris,Richards,Richards,2,8,427623,Crystal Palace,CRY,2,3,0,0,0,0
203,2026/27,4,0,0,0,0,0,0,0,0,0,0,0,0,0,0.0,0.0,0.0,0.0,0,48,0.2,830,1326,Jaydee,Canvot,Canvot,2,8,651426,Crystal Palace,CRY,2,3,0,0,0,0
204,2026/27,4,76,0,0,0,2,0,0,0,0,0,0,0,6,7.8,18.1,0.0,2.6,1,45,6.1,25095,28478,Tyrick,Mitchell,Mitchell,2,8,244723,Crystal Palace,CRY,2,3,0,0,0,0
205,2026/27,4,0,0,0,0,0,0,0,0,0,0,0,0,0,0.0,0.0,0.0,0.0,0,45,0.0,0,147,Borna,Sosa,Sosa,2,8,218364,Crystal Palace,CRY,2,3,0,0,0,0
206,2026/27,4,0,0,0,0,0,0,0,0,0,0,0,0,0,0.0,0.0,0.0,0.0,0,43,0.0,40,199,Chadi,Riad Dnanou,Chadi Riad,2,8,515621,Crystal Palace,CRY,2,3,0,0,0,0
207,2026/27,4,0,0,0,0,0,0,0,0,0,0,0,0,0,0.0,0.0,0.0,0.0,0,43,0.1,142,491,Oscar,Mingueza,Mingueza,2,8,242313,Crystal Palace,CRY,2,3,0,0,0,0
208,2026/27,4,0,0,0,0,0,0,0,0,0,0,0,0,0,0.0,0.0,0.0,0.0,0,62,0.6,4321,3295,Ismaïla,Sarr,Sarr,3,8,232185,Crystal Palace,CRY,2,3,0,0,0,0
209,2026/27,4,74,0,0,1,0,0,0,0,0,0,0,0,13,11.2,29.0,6.0,4.6,3,59,0.1,630,1151,Brennan,Johnson,Johnson,3,9,242898,Everton,EVE,3,3,0,0,0,0
210,2026/27,4,76,0,0,0,2,0,0,0,0,0,0,0,13,5.2,11.8,3.0,2.0,2,54,0.7,1615,6135,Adam,Wharton,Wharton,3,8,496221,Crystal Palace,CRY,2,3,0,0,0,0
211,2026/27,4,36,0,0,0,1,0,0,0,0,0,0,0,4,0.0,2.7,2.0,0.5,1,55,0.3,991,4383,Yéremy,Pino Santos,Yeremy,3,8,488024,Crystal Palace,CRY,2,3,0,0,0,0
212,2026/27,4,13,0,0,0,1,0,0,0,0,0,0,0,6,5.6,15.0,0.0,2.1,1,44,7.0,12499,73314,Will,Hughes,Hughes,3,8,108413,Crystal Palace,CRY,2,3,0,0,0,0
213,2026/27,4,6,0,0,0,1,0,0,0,0,0,0,0,3,2.2,0.3,0.0,0.3,1,48,0.1,140,528,Jefferson,Lerma Solís,Lerma,3,8,152551,Crystal Palace,CRY,2,3,0,0,0,0
214,2026/27,4,83,0,2,0,2,0,0,0,0,0,0,0,30,36.2,21.9,2.0,6.0,8,50,0.5,5135,4746,Daichi,Kamada,Kamada,3,8,209400,Crystal Palace,CRY,2,3,0,0,0,0
215,2026/27,4,0,0,0,0,0,0,0,0,0,0,0,0,0,0.0,0.0,0.0,0.0,0,50,0.0,0,48,Justin,Devenny,Devenny,3,8,489706,Crystal Palace,CRY,2,3,0,0,0,0
216,2026/27,4,0,0,0,0,0,0,0,0,0,0,0,0,0,0.0,0.0,0.0,0.0,0,50,0.0,0,176,Romain,Esse,Esse,3,8,606921,Crystal Palace,CRY,2,3,0,0,0,0
217,2026/27,4,0,0,0,0,0,0,0,0,0,0,0,0,0,0.0,0.0,0.0,0.0,0,49,0.0,0,227,Matheus,França de Oliveira,M.França,3,8,536694,Crystal Palace,CRY,2,3,0,0,0,0
218,2026/27,4,0,0,0,0,0,0,0,0,0,0,0,0,0,0.0,0.0,0.0,0.0,0,48,0.0,165,407,Cheick,Doucouré,Doucouré,3,8,438464,Crystal Palace,CRY,2,3,0,0,0,0
219,2026/27,4,0,0,0,0,0,0,0,0,0,0,0,0,0,0.0,0.0,0.0,0.0,0,49,0.0,0,35,Jesurun,Rak-Sakyi,J.Rak-Sakyi,3,8,450542,Crystal Palace,CRY,2,3,0,0,0,0
220,2026/27,4,0,0,0,0,0,0,0,0,0,0,0,0,0,0.0,0.0,0.0,0.0,0,45,0.0,0,3,Rio,Cardines,Cardines,2,8,590014,Crystal Palace,CRY,2,3,0,0,0,0
221,2026/27,4,0,0,0,0,0,0,0,0,0,0,0,0,0,0.0,0.0,0.0,0.0,0,44,0.1,236,601,Joél,Drakes-Thomas,Drakes-Thomas,3,8,672492,Crystal Palace,CRY,2,3,0,0,0,0
222,2026/27,4,83,1,0,0,2,0,0,0,0,0,0,2,39,40.8,12.8,31.0,8.5,8,60,0.7,10163,6167,Jørgen,Strand Larsen,Strand Larsen,4,8,247412,Crystal Palace,CRY,2,3,0,0,0,0
223,2026/27,4,0,0,0,0,0,0,0,0,0,0,0,0,0,0.0,0.0,0.0,0.0,0,63,1.2,305,12224,Jean-Philippe,Mateta,Mateta,4,8,231747,Crystal Palace,CRY,2,3,0,0,0,0
224,2026/27,4,0,0,0,0,0,0,0,0,0,0,0,0,0,0.0,0.0,0.0,0.0,0,55,0.5,1912,4871,Eddie,Nketiah,Nketiah,4,8,205533,Crystal Palace,CRY,2,3,0,0,0,0
225,2026/27,4,0,0,0,0,0,0,0,0,0,0,0,0,0,0.0,0.0,0.0,0.0,0,50,0.0,0,0,Christantus,Uche,Uche,4,8,660392,Crystal Palace,CRY,2,3,0,0,0,0
226,2026/27,4,90,0,0,1,0,0,0,0,0,0,2,0,25,11.6,0.0,0.0,1.2,6,55,9.2,41602,26407,Jordan,Pickford,Pickford,1,9,111234,Everton,EVE,3,3,0,0,0,0
227,2026/27,4,0,0,0,0,0,0,0,0,0,0,0,0,0,0.0,0.0,0.0,0.0,0,50,0.0,344,344,Mark,Travers,Travers,1,9,229600,Everton,EVE,3,3,0,0,0,0
228,2026/27,4,0,0,0,0,0,0,0,0,0,0,0,0,0,0.0,0.0,0.0,0.0,0,45,0.0,153,219,Tom,King,King,1,9,138001,Everton,EVE,3,3,0,0,0,0
229,2026/27,4,90,0,0,1,0,0,0,0,0,0,0,2,32,19.2,1.8,0.0,2.1,8,62,17.8,346867,43725,James,Tarkowski,Tarkowski,2,9,17761,Everton,EVE,3,3,0,0,0,0
230,2026/27,4,90,0,0,1,0,0,0,0,0,0,0,0,27,30.0,3.4,0.0,3.3,6,55,2.6,37063,12677,Jarrad,Branthwaite,Branthwaite,2,9,480455,Everton,EVE,3,3,0,0,0,0
231,2026/27,4,0,0,0,0,0,0,0,0,0,0,0,0,0,0.0,0.0,0.0,0.0,0,48,0.7,724,5658,Michael,Keane,Keane,2,9,106611,Everton,EVE,3,3,0,0,0,0
232,2026/27,4,15,0,0,0,0,0,0,0,0,0,0,0,2,1.0,0.0,0.0,0.1,1,48,0.3,541,1707,Jake,O'Brien,O'Brien,2,9,512462,Everton,EVE,3,3,0,0,0,0
233,2026/27,4,90,0,0,1,0,0,0,0,0,0,0,3,38,24.4,11.3,4.0,4.0,11,46,3.9,44447,54510,Vitalii,Mykolenko,Mykolenko,2,9,224967,Everton,EVE,3,3,0,0,0,0
234,2026/27,4,0,0,0,0,0,0,0,0,0,0,0,0,0,0.0,0.0,0.0,0.0,0,45,0.0,0,177,Nathan,Patterson,Patterson,2,9,243571,Everton,EVE,3,3,0,0,0,0
235,2026/27,4,0,0,0,0,0,0,0,0,0,0,0,0,0,0.0,0.0,0.0,0.0,0,40,0.1,0,863,Adam,Aznou,Aznou,2,9,499300,Everton,EVE,3,3,0,0,0,0
236,2026/27,4,90,0,0,1,0,0,0,0,1,0,0,0,16,15.0,19.0,28.0,6.2,2,66,5.8,45227,76119,Kiernan,Dewsbury-Hall,Dewsbury-Hall,3,9,215413,Everton,EVE,3,3,0,0,0,0
237,2026/27,4,45,0,0,0,0,0,0,0,0,0,0,0,15,9.8,1.8,2.0,1.4,1,58,6.4,11259,103940,Iliman,Ndiaye,Ndiaye,3,15,440993,Man City,MCI,4,5,0,0,0,0
238,2026/27,4,25,0,0,0,0,0,0,0,0,0,0,0,4,3.4,1.2,2.0,0.7,1,65,0.5,6194,4312,Jack,Grealish,Grealish,3,9,114283,Everton,EVE,3,3,0,0,0,0
239,2026/27,4,90,0,0,1,0,0,0,0,1,0,0,0,23,23.6,5.1,7.0,3.6,4,60,0.2,3160,3060,James,Garner,Garner,3,9,232928,Everton,EVE,3,3,0,0,0,0
240,2026/27,4,21,0,0,0,0,0,0,0,1,0,0,0,2,3.0,0.2,0.0,0.3,0,50,0.0,98,169,Tim,Iroegbunam,Iroegbunam,3,11,490094,Hull City,HUL,2,2,0,0,0,0
241,2026/27,4,0,0,0,0,0,0,0,0,0,0,0,0,0,0.0,0.0,0.0,0.0,0,53,0.1,130,711,Dwight,McNeil,McNeil,3,8,433154,Crystal Palace,CRY,2,3,0,0,0,0
242,2026/27,4,64,0,0,1,0,0,0,0,0,0,0,0,13,6.4,15.4,5.0,2.7,3,55,0.8,3500,16953,Tyrique,George,George,3,9,550615,Everton,EVE,3,3,0,0,0,0
243,2026/27,4,0,0,0,0,0,0,0,0,0,0,0,0,0,0.0,0.0,0.0,0.0,0,49,0.1,213,576,Carlos,Alcaraz Durán,Alcaraz,3,9,502697,Everton,EVE,3,3,0,0,0,0
244,2026/27,4,90,0,0,1,0,0,0,0,0,0,0,0,6,12.4,4.5,2.0,1.9,3,50,0.4,1209,4415,Harrison,Armstrong,Armstrong,3,9,609873,Everton,EVE,3,3,0,0,0,0
245,2026/27,4,0,0,0,0,0,0,0,0,0,0,0,0,0,0.0,0.0,0.0,0.0,0,53,0.0,169,235,Tyler,Dibling,Dibling,3,9,496661,Everton,EVE,3,3,0,0,0,0
246,2026/27,4,0,0,0,0,0,0,0,0,0,0,0,0,0,0.0,0.0,0.0,0.0,0,49,0.0,9,838,Merlin,Röhl,Röhl,3,9,513466,Everton,EVE,3,3,0,0,0,0
247,2026/27,4,15,0,0,0,0,0,0,0,0,0,0,0,3,3.2,10.8,4.0,1.8,1,54,0.2,258,1556,Hayden,Hackney,Hackney,3,9,244860,Everton,EVE,3,3,0,0,0,0
248,2026/27,4,0,0,0,0,0,0,0,0,0,0,0,0,0,0.0,0.0,0.0,0.0,0,54,0.6,0,10191,Norberto Bercique,Gomes Betuncal,Beto,4,9,486385,Everton,EVE,3,3,0,0,0,0
249,2026/27,4,90,0,0,1,0,0,0,0,0,0,0,0,5,3.2,14.0,57.0,7.4,2,57,8.6,141002,71231,Thierno,Barry,Barry,4,9,586309,Everton,EVE,3,3,0,0,0,0
250,2026/27,4,90,0,0,1,0,0,0,0,0,0,3,2,29,25.4,0.0,0.0,2.5,9,45,3.7,78809,22347,Bernd,Leno,Leno,1,10,80201,Fulham,FUL,2,3,0,0,0,0
251,2026/27,4,0,0,0,0,0,0,0,0,0,0,0,0,0,0.0,0.0,0.0,0.0,0,40,1.1,4264,4044,Benjamin,Lecomte,Lecomte,1,10,86873,Fulham,FUL,2,3,0,0,0,0
252,2026/27,4,0,0,0,0,0,0,0,0,0,0,0,0,0,0.0,0.0,0.0,0.0,0,40,0.1,0,884,Alfie,McNally,McNally,1,10,505079,Fulham,FUL,2,3,0,0,0,0
253,2026/27,4,0,0,0,0,0,0,0,0,0,0,0,0,0,0.0,0.0,0.0,0.0,0,50,0.2,4909,1662,Joachim,Andersen,Andersen,2,10,174874,Fulham,FUL,2,3,0,0,0,0
254,2026/27,4,90,0,0,1,0,0,0,0,0,0,0,0,25,17.6,22.1,6.0,4.6,6,45,1.5,33099,15865,Antonee,Robinson,Robinson,2,10,169528,Fulham,FUL,2,3,0,0,0,0
255,2026/27,4,0,0,0,0,0,0,0,0,0,0,0,0,0,0.0,0.0,0.0,0.0,0,45,0.0,90,150,Jorge,Cuenca Barreno,J.Cuenca,2,10,246301,Fulham,FUL,2,3,0,0,0,0
256,2026/27,4,27,0,0,0,0,0,0,0,1,0,0,0,-1,1.6,0.3,2.0,0.4,0,44,0.2,147,1288,Kenny,Tete,Tete,2,10,167074,Fulham,FUL,2,3,0,0,0,0
257,2026/27,4,90,0,0,1,0,0,0,0,0,0,0,0,27,23.4,0.7,21.0,4.5,6,45,0.8,17018,3792,Calvin,Bassey,Bassey,2,10,232892,Fulham,FUL,2,3,0,0,0,0
258,2026/27,4,71,0,0,1,0,0,0,0,0,0,0,0,23,11.2,0.8,2.0,1.4,6,45,1.1,30866,8552,Timothy,Castagne,Castagne,2,10,166477,Fulham,FUL,2,3,0,0,0,0
259,2026/27,4,90,0,0,0,2,0,0,0,0,0,0,0,8,15.0,1.8,2.0,1.9,1,40,12.3,12324,94415,Issa,Diop,Diop,2,12,219924,Ipswich Town,IPS,2,2,0,0,0,0
260,2026/27,4,18,0,0,0,1,0,0,0,0,0,0,0,4,3.2,4.7,0.0,0.8,1,62,1.5,102,56554,Harry,Wilson,Wilson,3,13,153682,Leeds,LEE,3,3,0,0,0,0
261,2026/27,4,76,0,0,1,0,0,0,0,0,0,0,0,15,7.6,33.7,10.0,5.1,3,54,0.7,8344,5265,Alex,Iwobi,Iwobi,3,10,153133,Fulham,FUL,2,3,0,0,0,0
262,2026/27,4,13,0,0,0,0,0,0,0,0,0,0,0,3,1.2,0.5,0.0,0.2,1,53,0.2,502,1774,Emile,Smith Rowe,Smith Rowe,3,10,209289,Fulham,FUL,2,3,0,0,0,0
263,2026/27,4,18,0,0,0,0,0,0,0,0,0,0,0,4,0.2,3.3,1.0,0.5,1,53,0.0,319,406,Kevin,Santos Lopes de Macedo,Kevin,3,10,560552,Fulham,FUL,2,3,0,0,0,0
264,2026/27,4,62,0,0,1,0,0,0,0,0,0,0,0,12,10.0,30.0,4.0,4.4,3,55,0.3,5018,2731,Oscar,Bobb,Bobb,3,10,477555,Fulham,FUL,2,3,0,0,0,0
265,2026/27,4,90,0,0,1,0,0,0,0,0,0,0,0,14,18.6,11.7,6.0,3.6,3,49,0.3,1124,2040,Sander,Berge,Berge,3,10,207189,Fulham,FUL,2,3,0,0,0,0
266,2026/27,4,0,0,0,0,0,0,0,0,0,0,0,0,0,0.0,0.0,0.0,0.0,0,49,0.0,21,23,Tom,Cairney,Cairney,3,10,76357,Fulham,FUL,2,3,0,0,0,0
267,2026/27,4,76,0,0,0,2,0,0,0,1,0,0,0,8,10.2,23.5,2.0,3.6,1,49,0.1,356,852,Saša,Lukić,Lukić,3,12,212314,Ipswich Town,IPS,2,2,0,0,0,0
268,2026/27,4,76,0,0,1,0,0,0,0,0,0,0,0,19,11.4,14.3,37.0,6.3,3,56,3.6,212144,35616,Josh,King,King,3,10,577725,Fulham,FUL,2,3,0,0,0,0
269,2026/27,4,0,0,0,0,0,0,0,0,0,0,0,0,0,0.0,0.0,0.0,0.0,0,43,0.3,582,1849,Ryan,Sessegnon,Sessegnon,2,10,184349,Fulham,FUL,2,3,0,0,0,0
270,2026/27,4,0,0,0,0,0,0,0,0,0,0,0,0,0,0.0,0.0,0.0,0.0,0,44,1.1,3605,10127,Harrison,Reed,Reed,3,10,153366,Fulham,FUL,2,3,0,0,0,0
271,2026/27,4,13,0,0,0,0,0,0,0,0,0,0,0,4,2.0,0.3,2.0,0.4,1,54,0.4,3000,3858,Rodrigo,Muniz Carvalho,Muniz,4,10,244042,Fulham,FUL,2,3,0,0,0,0
272,2026/27,4,0,0,0,0,0,0,0,0,0,0,0,0,0,0.0,0.0,0.0,0.0,0,45,5.3,16433,51140,Jonah,Kusi-Asare,Kusi-Asare,4,10,631786,Fulham,FUL,2,3,0,0,0,0
273,2026/27,4,0,0,0,0,0,0,0,0,0,0,0,0,0,0.0,0.0,0.0,0.0,0,40,1.4,4856,5753,Dillon,Phillips,Phillips,1,11,167825,Hull City,HUL,2,2,0,0,0,0
274,2026/27,4,0,0,0,0,0,0,0,0,0,0,0,0,0,0.0,0.0,0.0,0.0,0,44,0.1,81,447,Jack,Butland,Butland,1,11,105666,Hull City,HUL,2,2,0,0,0,0
275,2026/27,4,0,0,0,0,0,0,0,0,0,0,0,0,0,0.0,0.0,0.0,0.0,0,40,0.0,0,39,Harvey,Cartwright,Cartwright,1,11,494950,Hull City,HUL,2,2,0,0,0,0
276,2026/27,4,0,0,0,0,0,0,0,0,0,0,0,0,0,0.0,0.0,0.0,0.0,0,40,0.0,0,156,Thimothée,Lo-Tutala,Lo-Tutala,1,11,444307,Hull City,HUL,2,2,0,0,0,0
277,2026/27,4,90,0,0,0,2,0,0,0,1,0,0,0,-1,14.2,0.5,6.0,2.1,2,41,7.2,60741,44919,John,Egan,Egan,2,11,108416,Hull City,HUL,2,2,0,0,0,0
278,2026/27,4,0,0,0,0,0,0,0,0,0,0,0,0,0,0.0,0.0,0.0,0.0,0,39,0.2,1340,2496,Charlie,Hughes,Hughes,2,11,501902,Hull City,HUL,2,2,0,0,0,0
279,2026/27,4,90,0,0,0,2,0,0,0,0,0,0,0,-6,5.4,1.3,6.0,1.3,1,42,13.9,69350,83119,Semi,Ajayi,Ajayi,2,11,146426,Hull City,HUL,2,2,0,0,0,0
280,2026/27,4,81,0,0,0,2,0,0,0,0,0,0,0,2,5.6,10.9,5.0,2.2,1,40,0.7,3017,3147,Lewie,Coyle,Coyle,2,11,193278,Hull City,HUL,2,2,0,0,0,0
281,2026/27,4,0,0,0,0,0,0,0,0,0,0,0,0,0,0.0,0.0,0.0,0.0,0,40,0.0,0,319,Cody,Drameh,Drameh,2,11,433590,Hull City,HUL,2,2,0,0,0,0
282,2026/27,4,90,0,1,0,2,0,0,0,0,0,0,0,20,32.4,33.5,0.0,6.6,4,40,2.9,31827,20367,Ryan,Giles,Giles,2,11,232351,Hull City,HUL,2,2,0,0,0,0
283,2026/27,4,0,0,0,0,0,0,0,0,0,0,0,0,0,0.0,0.0,0.0,0.0,0,40,0.0,0,50,Matty,Jacob,Jacob,2,11,449428,Hull City,HUL,2,2,0,0,0,0
284,2026/27,4,0,0,0,0,0,0,0,0,0,0,0,0,0,0.0,0.0,0.0,0.0,0,40,0.1,542,621,Cathal,McCarthy,McCarthy,2,11,661800,Hull City,HUL,2,2,0,0,0,0
285,2026/27,4,0,0,0,0,0,0,0,0,0,0,0,0,0,0.0,0.0,0.0,0.0,0,40,0.1,274,602,Paddy,McNair,McNair,2,11,160817,Hull City,HUL,2,2,0,0,0,0
286,2026/27,4,59,2,0,0,1,0,0,0,0,0,0,2,43,68.2,11.7,31.0,11.1,13,51,5.6,128741,41951,Mohamed,Belloumi,Belloumi,3,11,540324,Hull City,HUL,2,2,0,0,0,0
287,2026/27,4,0,0,0,0,0,0,0,0,0,0,0,0,0,0.0,0.0,0.0,0.0,0,50,0.0,0,403,Liam,Millar,Millar,3,11,232905,Hull City,HUL,2,2,0,0,0,0
288,2026/27,4,0,0,0,0,0,0,0,0,0,0,0,0,0,0.0,0.0,0.0,0.0,0,44,0.3,836,2886,Kieran,Dowell,Dowell,3,11,171270,Hull City,HUL,2,2,0,0,0,0
289,2026/27,4,68,0,0,0,2,0,0,0,1,0,0,0,2,11.0,0.4,0.0,1.1,1,44,0.5,7246,6481,Matt,Crooks,Crooks,3,11,101282,Hull City,HUL,2,2,0,0,0,0
290,2026/27,4,90,0,0,0,2,0,0,0,0,0,0,0,22,19.2,26.9,7.0,5.3,2,45,5.1,24298,58133,Regan,Slater,Slater,3,11,243413,Hull City,HUL,2,2,0,0,0,0
291,2026/27,4,0,0,0,0,0,0,0,0,0,0,0,0,0,0.0,0.0,0.0,0.0,0,45,0.0,34,84,Eliot,Matazo,Matazo,3,11,465525,Hull City,HUL,2,2,0,0,0,0
292,2026/27,4,0,0,0,0,0,0,0,0,0,0,0,0,0,0.0,0.0,0.0,0.0,0,49,0.0,102,187,Abdülkadir,Ömür,Ömür,3,11,208481,Hull City,HUL,2,2,0,0,0,0
293,2026/27,4,0,0,0,0,0,0,0,0,0,0,0,0,0,0.0,0.0,0.0,0.0,0,50,0.0,0,15,Abu,Kamara,Kamara,3,11,490161,Hull City,HUL,2,2,0,0,0,0
294,2026/27,4,0,0,0,0,0,0,0,0,0,0,0,0,0,0.0,0.0,0.0,0.0,0,45,0.1,195,658,Óscar,Zambrano,Zambrano,3,11,553783,Hull City,HUL,2,2,0,0,0,0
295,2026/27,4,81,0,1,0,2,0,0,0,1,0,0,0,17,23.6,10.8,19.0,5.3,4,55,1.9,13686,25585,Oli,McBurnie,McBurnie,4,11,169432,Hull City,HUL,2,2,0,0,0,0
296,2026/27,4,0,0,0,0,0,0,0,0,0,0,0,0,0,0.0,0.0,0.0,0.0,0,50,0.0,0,351,David,Akintola,Akintola,3,11,213292,Hull City,HUL,2,2,0,0,0,0
297,2026/27,4,0,0,0,0,0,0,0,0,0,0,0,0,0,0.0,0.0,0.0,0.0,0,44,0.0,79,180,Darko,Gyabi,Gyabi,3,11,470294,Hull City,HUL,2,2,0,0,0,0
298,2026/27,4,0,0,0,0,0,0,0,0,0,0,0,0,0,0.0,0.0,0.0,0.0,0,45,0.2,0,1933,Enis,Destan,Destan,4,11,500957,Hull City,HUL,2,2,0,0,0,0
299,2026/27,4,0,0,0,0,0,0,0,0,0,0,0,0,0,0.0,0.0,0.0,0.0,0,45,0.0,0,292,Mason,Burstow,Burstow,4,11,534392,Hull City,HUL,2,2,0,0,0,0
300,2026/27,4,0,0,0,0,0,0,0,0,0,0,0,0,0,0.0,0.0,0.0,0.0,0,44,0.4,3133,1727,Christian,Walton,Walton,1,12,108813,Ipswich Town,IPS,2,2,0,0,0,0
301,2026/27,4,0,0,0,0,0,0,0,0,0,0,0,0,0,0.0,0.0,0.0,0.0,0,40,3.8,8419,19530,Alex,Palmer,Palmer,1,12,112520,Ipswich Town,IPS,2,2,0,0,0,0
302,2026/27,4,0,0,0,0,0,0,0,0,0,0,0,0,0,0.0,0.0,0.0,0.0,0,40,0.6,2618,2088,David,Button,Button,1,12,50093,Ipswich Town,IPS,2,2,0,0,0,0
303,2026/27,4,0,0,0,0,0,0,0,0,0,0,0,0,0,0.0,0.0,0.0,0.0,0,39,0.9,6175,6020,Cédric,Kipré,Kipré,2,12,183015,Ipswich Town,IPS,2,2,0,0,0,0
304,2026/27,4,90,0,0,0,2,0,0,0,0,0,0,0,5,29.6,30.8,4.0,6.4,1,40,2.6,3629,22813,Dara,O'Shea,O'Shea,2,12,216616,Ipswich Town,IPS,2,2,0,0,0,0
305,2026/27,4,90,1,2,0,2,0,0,0,0,0,0,1,35,54.8,17.1,39.0,11.1,14,40,7.3,99983,44795,Leif,Davis,Davis,2,12,455084,Ipswich Town,IPS,2,2,0,0,0,0
306,2026/27,4,87,0,0,0,2,0,0,0,0,0,0,0,7,18.8,2.0,0.0,2.1,1,39,1.1,4833,6593,Jacob,Greaves,Greaves,2,12,449429,Ipswich Town,IPS,2,2,0,0,0,0
307,2026/27,4,0,0,0,0,0,0,0,0,0,0,0,0,0,0.0,0.0,0.0,0.0,0,40,0.1,0,547,Ben,Johnson,Johnson,2,12,222018,Ipswich Town,IPS,2,2,0,0,0,0
308,2026/27,4,0,0,0,0,0,0,0,0,0,0,0,0,0,0.0,0.0,0.0,0.0,0,39,0.6,7953,4306,Darnell,Furlong,Furlong,2,12,176420,Ipswich Town,IPS,2,2,0,0,0,0
309,2026/27,4,0,0,0,0,0,0,0,0,0,0,0,0,0,0.0,0.0,0.0,0.0,0,49,0.1,125,938,Marcelino,Núñez,Núñez,3,12,501390,Ipswich Town,IPS,2,2,0,0,0,0
310,2026/27,4,0,0,0,0,0,0,0,0,0,0,0,0,0,0.0,0.0,0.0,0.0,0,49,0.0,22,23,Azor,Matusiwa,Matusiwa,3,12,241117,Ipswich Town,IPS,2,2,0,0,0,0
311,2026/27,4,0,0,0,0,0,0,0,0,0,0,0,0,0,0.0,0.0,0.0,0.0,0,50,0.0,0,10,Wes,Burns,Burns,3,12,149929,Ipswich Town,IPS,2,2,0,0,0,0
312,2026/27,4,0,0,0,0,0,0,0,0,0,0,0,0,0,0.0,0.0,0.0,0.0,0,44,0.0,454,391,Jack,Taylor,Taylor,3,12,231899,Ipswich Town,IPS,2,2,0,0,0,0
313,2026/27,4,62,0,0,0,1,0,0,0,1,0,0,0,8,5.0,13.0,21.0,3.9,1,54,0.2,361,1415,Jack,Clarke,Clarke,3,12,443261,Ipswich Town,IPS,2,2,0,0,0,0
314,2026/27,4,0,0,0,0,0,0,0,0,0,0,0,0,0,0.0,0.0,0.0,0.0,0,49,0.0,0,90,Chiedozie,Ogbene,Ogbene,3,12,229164,Ipswich Town,IPS,2,2,0,0,0,0
315,2026/27,4,61,0,0,0,1,0,0,0,1,0,0,0,6,6.2,11.3,6.0,2.4,1,54,0.1,77,3631,Abdul,Fatawu,Fatawu,3,12,531442,Ipswich Town,IPS,2,2,0,0,0,0
316,2026/27,4,62,1,1,0,1,0,0,0,0,0,0,3,45,46.6,12.4,33.0,9.2,12,55,3.9,68709,32199,Emersonn,Correia da Silva,Emersonn,4,12,543968,Ipswich Town,IPS,2,2,0,0,0,0
317,2026/27,4,0,0,0,0,0,0,0,0,0,0,0,0,0,0.0,0.0,0.0,0.0,0,50,0.1,0,747,George,Hirst,Hirst,4,12,222625,Ipswich Town,IPS,2,2,0,0,0,0
318,2026/27,4,28,0,0,0,1,0,0,0,0,0,0,0,6,3.4,0.8,9.0,1.3,1,54,0.1,52,233,Jaden,Philogene,Philogene,3,12,481624,Ipswich Town,IPS,2,2,0,0,0,0
319,2026/27,4,0,0,0,0,0,0,0,0,0,0,0,0,0,0.0,0.0,0.0,0.0,0,50,0.0,0,22,Sam,Szmodics,Szmodics,3,12,172453,Ipswich Town,IPS,2,2,0,0,0,0
320,2026/27,4,0,0,0,0,0,0,0,0,0,0,0,0,0,0.0,0.0,0.0,0.0,0,50,1.1,6543,13288,Chuba,Akpom,Akpom,4,12,147675,Ipswich Town,IPS,2,2,0,0,0,0
321,2026/27,4,0,0,0,0,0,0,0,0,0,0,0,0,0,0.0,0.0,0.0,0.0,0,45,3.5,29016,39336,Sindre,Walle Egeli,Walle Egeli,4,12,557012,Ipswich Town,IPS,2,2,0,0,0,0
322,2026/27,4,0,0,0,0,0,0,0,0,0,0,0,0,0,0.0,0.0,0.0,0.0,0,50,0.0,0,525,Ali,Al-Hamadi,Al-Hamadi,4,12,462387,Ipswich Town,IPS,2,2,0,0,0,0
323,2026/27,4,0,0,0,0,0,0,0,0,0,0,0,0,0,0.0,0.0,0.0,0.0,0,44,1.0,2641,9896,Kasey,McAteer,McAteer,3,12,461587,Ipswich Town,IPS,2,2,0,0,0,0
324,2026/27,4,0,0,0,0,0,0,0,0,0,0,0,0,0,0.0,0.0,0.0,0.0,0,48,0.0,94,219,Anis,Mehmeti,Mehmeti,3,12,232457,Ipswich Town,IPS,2,2,0,0,0,0
325,2026/27,4,0,0,0,0,0,0,0,0,0,0,0,0,0,0.0,0.0,0.0,0.0,0,45,0.0,73,293,Karl,Darlow,Darlow,1,16,59735,Man Utd,MUN,4,4,0,0,0,0
326,2026/27,4,0,0,0,0,0,0,0,0,0,0,0,0,0,0.0,0.0,0.0,0.0,0,45,0.3,0,1863,Lucas Estella,Perri,Perri,1,13,201595,Leeds,LEE,3,3,0,0,0,0
327,2026/27,4,0,0,0,0,0,0,0,0,0,0,0,0,0,0.0,0.0,0.0,0.0,0,50,0.7,1096,7413,Jaka,Bijol,Bijol,2,13,434752,Leeds,LEE,3,3,0,0,0,0
328,2026/27,4,12,0,0,0,0,0,0,0,0,0,0,0,4,11.2,0.8,0.0,1.2,1,49,0.2,676,1475,Pascal,Struijk,Struijk,2,5,222694,Brighton,BHA,3,4,0,0,0,0
329,2026/27,4,0,0,0,0,0,0,0,0,0,0,0,0,0,0.0,0.0,0.0,0.0,0,43,0.7,68,14159,Joe,Rodon,Rodon,2,13,214225,Leeds,LEE,3,3,0,0,0,0
330,2026/27,4,82,1,0,1,0,0,0,0,0,0,0,3,45,47.8,18.5,71.0,13.7,15,46,7.8,196067,45805,Jayden,Bogle,Bogle,2,13,226182,Leeds,LEE,3,3,0,0,0,0
331,2026/27,4,72,0,0,1,0,0,0,0,0,0,0,0,26,10.0,8.6,4.0,2.3,6,45,0.1,1210,590,Gabriel,Gudmundsson,Gudmundsson,2,13,243526,Leeds,LEE,3,3,0,0,0,0
332,2026/27,4,90,0,0,0,1,0,0,0,0,0,0,0,11,18.4,25.6,4.0,4.8,2,45,1.4,9270,10219,James,Justin,Justin,2,13,220627,Leeds,LEE,3,3,0,0,0,0
333,2026/27,4,0,0,0,0,0,0,0,0,0,0,0,0,0,0.0,0.0,0.0,0.0,0,45,0.0,0,7,Sebastiaan,Bornauw,Bornauw,2,13,437738,Leeds,LEE,3,3,0,0,0,0
334,2026/27,4,90,0,1,0,1,0,0,0,0,0,0,0,27,37.0,10.5,2.0,5.0,7,50,4.4,60675,42250,Tarik,Muharemović,Muharemović,2,13,522047,Leeds,LEE,3,3,0,0,0,0
335,2026/27,4,87,0,0,1,0,0,0,0,0,0,0,0,16,12.0,40.4,12.0,6.4,3,60,2.4,7651,28269,Anton,Stach,Stach,3,13,466525,Leeds,LEE,3,3,0,0,0,0
336,2026/27,4,71,1,0,1,0,0,0,0,0,0,0,1,35,41.4,17.8,21.0,8.0,9,58,0.4,3122,5894,Noah,Okafor,Okafor,3,13,435997,Leeds,LEE,3,3,0,0,0,0
337,2026/27,4,18,0,0,0,1,0,0,0,0,0,0,0,4,0.2,0.3,2.0,0.3,1,53,0.5,307,5027,Brenden,Aaronson,Aaronson,3,13,427637,Leeds,LEE,3,3,0,0,0,0
338,2026/27,4,90,0,1,0,1,0,0,0,0,0,0,0,25,8.0,1.7,4.0,1.4,7,54,0.9,3062,8331,Ethan,Ampadu,Ampadu,3,13,199598,Leeds,LEE,3,3,0,0,0,0
339,2026/27,4,2,0,0,0,1,0,0,0,0,0,0,0,4,0.0,0.0,0.0,0.0,1,48,0.1,245,907,Sean,Longstaff,Longstaff,3,13,180135,Leeds,LEE,3,3,0,0,0,0
340,2026/27,4,0,0,0,0,0,0,0,0,0,0,0,0,0,0.0,0.0,0.0,0.0,0,50,0.0,121,147,Joe,Gelhardt,Gelhardt,3,11,462635,Hull City,HUL,2,2,0,0,0,0
341,2026/27,4,0,0,0,0,0,0,0,0,0,0,0,0,0,0.0,0.0,0.0,0.0,0,50,0.0,0,81,Wilfried,Gnonto,Gnonto,3,13,492859,Leeds,LEE,3,3,0,0,0,0
342,2026/27,4,0,0,0,0,0,0,0,0,0,0,0,0,0,0.0,0.0,0.0,0.0,0,50,0.0,0,5,Jack,Harrison,Harrison,3,13,221399,Leeds,LEE,3,3,0,0,0,0
343,2026/27,4,7,0,0,0,1,0,0,0,0,0,0,0,4,0.0,0.0,3.0,0.3,1,49,0.1,249,1053,Daniel,James,James,3,13,200617,Leeds,LEE,3,3,0,0,0,0
344,2026/27,4,0,0,0,0,0,0,0,0,0,0,0,0,0,0.0,0.0,0.0,0.0,0,50,0.0,58,26,Ilia,Gruev,Gruev,3,13,486520,Leeds,LEE,3,3,0,0,0,0
345,2026/27,4,71,0,1,1,0,0,0,0,0,0,0,0,24,9.2,3.1,2.0,1.4,6,49,0.3,3282,3503,Tanaka,Ao,Tanaka,3,13,248056,Leeds,LEE,3,3,0,0,0,0
346,2026/27,4,77,1,1,1,0,0,0,0,1,0,0,2,37,51.0,12.2,67.0,13.0,10,60,24.1,143646,289634,Dominic,Calvert-Lewin,Calvert-Lewin,4,13,177815,Leeds,LEE,3,3,0,0,0,0
347,2026/27,4,12,0,0,0,1,0,0,0,0,0,0,0,4,0.2,0.3,0.0,0.1,1,54,0.5,2845,5140,Lukas,Nmecha,Nmecha,4,13,174594,Leeds,LEE,3,3,0,0,0,0
348,2026/27,4,0,0,0,0,0,0,0,0,0,0,0,0,0,0.0,0.0,0.0,0.0,0,50,0.1,0,595,Joël,Piroe,Piroe,4,13,235826,Leeds,LEE,3,3,0,0,0,0
349,2026/27,4,0,0,0,0,0,0,0,0,0,0,0,0,0,0.0,0.0,0.0,0.0,0,45,0.1,489,660,Mateo,Joseph Fernández-Regatillo,Mateo Joseph,4,13,565297,Leeds,LEE,3,3,0,0,0,0
350,2026/27,4,90,0,0,1,0,0,0,0,0,0,3,2,29,21.0,0.0,0.0,2.1,9,55,4.2,21063,18256,Alisson,Becker,A.Becker,1,14,116535,Liverpool,LIV,4,4,0,0,0,0
351,2026/27,4,0,0,0,0,0,0,0,0,0,0,0,0,0,0.0,0.0,0.0,0.0,0,48,0.1,322,751,Giorgi,Mamardashvili,Mamardashvili,1,14,449027,Liverpool,LIV,4,4,0,0,0,0
352,2026/27,4,0,0,0,0,0,0,0,0,0,0,0,0,0,0.0,0.0,0.0,0.0,0,40,1.0,1167,3291,Freddie,Woodman,Woodman,1,14,155503,Liverpool,LIV,4,4,0,0,0,0
353,2026/27,4,0,0,0,0,0,0,0,0,0,0,0,0,0,0.0,0.0,0.0,0.0,0,40,0.0,0,98,Armin,Pecsi,Pecsi,1,14,586268,Liverpool,LIV,4,4,0,0,0,0
354,2026/27,4,0,0,0,0,0,0,0,0,0,0,0,0,0,0.0,0.0,0.0,0.0,0,40,0.0,281,212,Vitezslav,Jaros,Jaros,1,14,432987,Liverpool,LIV,4,4,0,0,0,0
355,2026/27,4,0,0,0,0,0,0,0,0,0,0,0,0,0,0.0,0.0,0.0,0.0,0,40,0.2,430,605,Harvey,Davies,Davies,1,14,464353,Liverpool,LIV,4,4,0,0,0,0
356,2026/27,4,90,0,0,1,0,0,0,0,0,0,0,0,25,25.8,12.8,0.0,3.9,8,65,16.1,36379,67051,Virgil,van Dijk,Virgil,2,14,97032,Liverpool,LIV,4,4,0,0,0,0
357,2026/27,4,18,0,0,0,0,0,0,0,0,0,0,0,12,13.0,24.9,2.0,4.0,1,53,1.7,2121,17363,Jeremie,Frimpong,Frimpong,2,14,216094,Liverpool,LIV,4,4,0,0,0,0
358,2026/27,4,45,0,0,0,0,0,0,0,0,0,0,0,6,9.8,7.1,0.0,1.7,1,53,2.2,3671,16845,Milos,Kerkez,Kerkez,2,14,544877,Liverpool,LIV,4,4,0,0,0,0
359,2026/27,4,0,0,0,0,0,0,0,0,0,0,0,0,0,0.0,0.0,0.0,0.0,0,49,0.0,429,141,Joe,Gomez,Gomez,2,14,171287,Liverpool,LIV,4,4,0,0,0,0
360,2026/27,4,0,0,0,0,0,0,0,0,0,0,0,0,0,0.0,0.0,0.0,0.0,0,50,0.0,76,103,Conor,Bradley,Bradley,2,14,492777,Liverpool,LIV,4,4,0,0,0,0
361,2026/27,4,0,0,0,0,0,0,0,0,0,0,0,0,0,0.0,0.0,0.0,0.0,0,40,0.1,359,736,Wellity,Lucky,Lucky,2,14,519440,Liverpool,LIV,4,4,0,0,0,0
362,2026/27,4,90,0,0,1,0,0,0,0,0,0,0,3,36,20.2,3.3,0.0,2.4,9,50,3.4,45123,32500,Jeremy,Jacquet,Jacquet,2,14,606702,Liverpool,LIV,4,4,0,0,0,0
363,2026/27,4,0,0,0,0,0,0,0,0,0,0,0,0,0,0.0,0.0,0.0,0.0,0,40,0.0,85,262,Giovanni,Leoni,Leoni,2,14,647681,Liverpool,LIV,4,4,0,0,0,0
364,2026/27,4,45,0,0,0,0,0,0,0,0,0,0,0,2,2.8,1.6,0.0,0.4,1,49,0.1,139,487,Kostas,Tsimikas,Tsimikas,2,14,214285,Liverpool,LIV,4,4,0,0,0,0
365,2026/27,4,0,0,0,0,0,0,0,0,0,0,0,0,0,0.0,0.0,0.0,0.0,0,40,0.1,0,668,Calvin,Ramsay,Ramsay,2,14,489580,Liverpool,LIV,4,4,0,0,0,0
366,2026/27,4,90,0,0,1,0,0,0,0,0,0,0,0,14,7.6,31.8,12.0,5.1,3,73,5.6,10355,63423,Florian,Wirtz,Wirtz,3,14,494595,Liverpool,LIV,4,4,0,0,0,0
367,2026/27,4,30,0,0,0,0,0,0,0,0,0,0,0,3,0.8,1.3,7.0,0.9,1,72,11.1,55041,211282,Cody,Gakpo,Gakpo,3,14,243298,Liverpool,LIV,4,4,0,0,0,0
368,2026/27,4,90,0,0,1,0,0,0,0,0,0,0,0,25,16.0,55.7,9.0,8.1,3,69,31.5,56130,347337,Dominik,Szoboszlai,Szoboszlai,3,14,424876,Liverpool,LIV,4,4,0,0,0,0
369,2026/27,4,18,0,0,0,0,0,0,0,0,0,0,0,-1,0.0,0.8,4.0,0.3,1,57,0.4,1173,5704,Rio,Ngumoha,Ngumoha,3,14,611922,Liverpool,LIV,4,4,0,0,0,0
370,2026/27,4,0,0,0,0,0,0,0,0,0,0,0,0,0,0.0,0.0,0.0,0.0,0,53,0.0,20,309,Federico,Chiesa,Chiesa,3,14,223541,Liverpool,LIV,4,4,0,0,0,0
371,2026/27,4,59,0,0,0,0,0,0,0,0,0,0,0,13,19.6,11.4,2.0,3.3,1,58,1.1,1710,11637,Ryan,Gravenberch,Gravenberch,3,14,441266,Liverpool,LIV,4,4,0,0,0,0
372,2026/27,4,30,0,0,0,0,0,0,0,0,0,0,0,7,9.2,22.4,4.0,3.6,1,54,1.3,5280,9664,Alexis,Mac Allister,Mac Allister,3,14,243016,Liverpool,LIV,4,4,0,0,0,0
373,2026/27,4,0,0,0,0,0,0,0,0,0,0,0,0,0,0.0,0.0,0.0,0.0,0,55,0.0,0,85,Curtis,Jones,C.Jones,3,14,206915,Liverpool,LIV,4,4,0,0,0,0
374,2026/27,4,0,0,0,0,0,0,0,0,0,0,0,0,0,0.0,0.0,0.0,0.0,0,49,0.1,193,522,Endo,Wataru,Endo,3,14,158983,Liverpool,LIV,4,4,0,0,0,0
375,2026/27,4,0,0,0,0,0,0,0,0,0,0,0,0,0,0.0,0.0,0.0,0.0,0,49,0.0,125,389,Trey,Nyoni,Nyoni,3,14,591386,Liverpool,LIV,4,4,0,0,0,0
376,2026/27,4,0,0,0,0,0,0,0,0,0,0,0,0,0,0.0,0.0,0.0,0.0,0,50,0.0,0,4,Stefan,Bajčetić Maquieira,Bajcetic,3,14,535928,Liverpool,LIV,4,4,0,0,0,0
377,2026/27,4,59,0,0,0,0,0,0,0,0,0,0,0,5,3.4,1.4,37.0,4.2,1,65,0.9,2514,15654,Victor,Munoz,Munoz,3,14,551499,Liverpool,LIV,4,4,0,0,0,0
378,2026/27,4,0,0,0,0,0,0,0,0,0,0,0,0,0,0.0,0.0,0.0,0.0,0,44,0.2,1187,1912,James,McConnell,McConnell,3,14,491501,Liverpool,LIV,4,4,0,0,0,0
379,2026/27,4,90,0,0,1,0,0,0,0,0,0,0,0,5,1.2,2.8,28.0,3.2,2,91,20.5,131614,266978,Alexander,Isak,Isak,4,14,219168,Liverpool,LIV,4,4,0,0,0,0
380,2026/27,4,0,0,0,0,0,0,0,0,0,0,0,0,0,0.0,0.0,0.0,0.0,0,74,0.1,512,1027,Hugo,Ekitiké,Ekitiké,4,14,510663,Liverpool,LIV,4,4,0,0,0,0
381,2026/27,4,0,0,0,0,0,0,0,0,0,0,0,0,0,0.0,0.0,0.0,0.0,0,50,0.0,432,264,Lewis,Koumas,Koumas,3,14,514514,Liverpool,LIV,4,4,0,0,0,0
382,2026/27,4,0,0,0,0,0,0,0,0,0,0,0,0,0,0.0,0.0,0.0,0.0,0,45,0.2,4829,3143,Jayden,Danns,Danns,4,14,500058,Liverpool,LIV,4,4,0,0,0,0
383,2026/27,4,0,0,0,0,0,0,0,0,0,0,0,0,0,0.0,0.0,0.0,0.0,0,54,0.0,0,288,Harvey,Elliott,Elliott,3,14,444884,Liverpool,LIV,4,4,0,0,0,0
384,2026/27,4,90,0,0,1,0,0,0,0,0,0,3,0,29,20.6,0.0,0.0,2.1,7,55,7.5,14248,45185,Gianluigi,Donnarumma,Donnarumma,1,15,204936,Man City,MCI,4,5,0,0,0,0
385,2026/27,4,90,0,0,0,1,0,0,0,0,0,4,0,17,29.0,0.0,0.0,2.9,3,50,5.5,35465,24370,James,Trafford,Trafford,1,13,432720,Leeds,LEE,3,3,0,0,0,0
386,2026/27,4,0,0,0,0,0,0,0,0,0,0,0,0,0,0.0,0.0,0.0,0.0,0,45,0.0,83,118,Marcus,Bettinelli,Bettinelli,1,15,122074,Man City,MCI,4,5,0,0,0,0
387,2026/27,4,8,0,0,0,0,0,0,0,0,0,0,0,3,0.0,0.5,0.0,0.1,1,63,10.3,5621,130143,Nico,O'Reilly,O'Reilly,2,15,472769,Man City,MCI,4,5,0,0,0,0
388,2026/27,4,90,0,0,1,0,0,0,0,0,0,0,0,27,16.6,0.6,2.0,1.9,6,60,17.9,33707,78966,Marc,Guéhi,Guéhi,2,15,209036,Man City,MCI,4,5,0,0,0,0
389,2026/27,4,90,0,0,1,0,0,0,0,0,0,0,1,34,31.2,1.5,0.0,3.3,9,59,1.0,2489,4102,Matheus,Nunes,Matheus N.,2,15,465351,Man City,MCI,4,5,0,0,0,0
390,2026/27,4,90,0,0,1,0,0,0,0,0,0,0,0,24,17.4,0.2,2.0,2.0,6,55,1.9,6456,12705,Rúben,dos Santos Gato Alves Dias,Rúben,2,15,171314,Man City,MCI,4,5,0,0,0,0
391,2026/27,4,90,0,1,1,0,0,0,0,1,0,0,3,36,16.4,1.1,4.0,2.2,11,57,27.0,220319,97805,Joško,Gvardiol,Gvardiol,2,15,477424,Man City,MCI,4,5,0,0,0,0
392,2026/27,4,0,0,0,0,0,0,0,0,0,0,0,0,0,0.0,0.0,0.0,0.0,0,52,0.4,694,2857,Rayan,Aït-Nouri,Aït-Nouri,2,15,448514,Man City,MCI,4,5,0,0,0,0
393,2026/27,4,0,0,0,0,0,0,0,0,0,0,0,0,0,0.0,0.0,0.0,0.0,0,54,1.3,1826,11553,Abdukodir,Khusanov,Khusanov,2,15,578153,Man City,MCI,4,5,0,0,0,0
394,2026/27,4,0,0,0,0,0,0,0,0,0,0,0,0,0,0.0,0.0,0.0,0.0,0,50,0.0,0,22,Max,Alleyne,Alleyne,2,15,494307,Man City,MCI,4,5,0,0,0,0
395,2026/27,4,0,0,0,0,0,0,0,0,0,0,0,0,0,0.0,0.0,0.0,0.0,0,44,0.2,450,1577,Rico,Lewis,Lewis,2,15,477064,Man City,MCI,4,5,0,0,0,0
396,2026/27,4,0,0,0,0,0,0,0,0,0,0,0,0,0,0.0,0.0,0.0,0.0,0,45,0.0,92,188,Vitor,de Oliveira Nunes dos Reis,Vitor Reis,2,15,616222,Man City,MCI,4,5,0,0,0,0
397,2026/27,4,90,0,0,1,0,0,0,0,0,0,0,0,7,2.2,16.1,6.0,2.4,3,84,14.3,139185,165438,Antoine,Semenyo,Semenyo,3,15,437730,Man City,MCI,4,5,0,0,0,0
398,2026/27,4,22,0,0,0,0,0,0,0,0,1,0,0,-4,0.0,12.1,6.0,1.6,-2,69,1.7,266,40361,Phil,Foden,Foden,3,15,209244,Man City,MCI,4,5,0,0,0,0
399,2026/27,4,45,0,0,0,0,0,0,0,0,0,0,0,4,1.6,6.6,4.0,1.2,1,78,28.6,206255,149301,Rayan,Cherki,Cherki,3,15,466052,Man City,MCI,4,5,0,0,0,0
400,2026/27,4,0,0,0,0,0,0,0,0,0,0,0,0,0,0.0,0.0,0.0,0.0,0,74,0.7,7460,2924,Jérémy,Doku,Doku,3,15,248875,Man City,MCI,4,5,0,0,0,0
401,2026/27,4,76,0,0,1,0,0,0,0,0,0,0,0,9,3.2,11.6,14.0,2.9,2,70,2.2,21869,31034,Omar,Marmoush,Marmoush,4,19,438234,Spurs,TOT,2,3,0,0,0,0
402,2026/27,4,0,0,0,0,0,0,0,0,0,0,0,0,0,0.0,0.0,0.0,0.0,0,65,0.0,0,30,Rodrigo 'Rodri',Hernandez Cascante,Rodrigo,3,15,220566,Man City,MCI,4,5,0,0,0,0
403,2026/27,4,90,0,0,1,0,0,0,0,0,0,0,0,22,20.8,53.7,28.0,10.3,3,65,0.6,5026,10818,Sávio,Moreira de Oliveira,Sávio,3,19,510281,Spurs,TOT,2,3,0,0,0,0
404,2026/27,4,0,0,0,0,0,0,0,0,0,0,0,0,0,0.0,0.0,0.0,0.0,0,60,0.0,0,122,Tijjani,Reijnders,Reijnders,3,15,433036,Man City,MCI,4,5,0,0,0,0
405,2026/27,4,18,0,0,0,0,0,0,0,0,0,0,0,3,0.0,0.1,0.0,0.0,1,55,0.2,1079,2185,Nico,González Iglesias,N.Gonzalez,3,17,465694,Newcastle,NEW,3,3,0,0,0,0
406,2026/27,4,0,0,0,0,0,0,0,0,0,0,0,0,0,0.0,0.0,0.0,0.0,0,53,0.1,143,571,Mateo,Kovačić,Kovačić,3,15,91651,Man City,MCI,4,5,0,0,0,0
407,2026/27,4,0,0,0,0,0,0,0,0,0,0,0,0,0,0.0,0.0,0.0,0.0,0,49,0.0,0,68,Claudio,Echeverri,Echeverri,3,15,575204,Man City,MCI,4,5,0,0,0,0
408,2026/27,4,0,0,0,0,0,0,0,0,0,0,0,0,0,0.0,0.0,0.0,0.0,0,50,0.0,0,18,Kalvin,Phillips,Phillips,3,15,155405,Man City,MCI,4,5,0,0,0,0
409,2026/27,4,0,0,0,0,0,0,0,0,0,0,0,0,0,0.0,0.0,0.0,0.0,0,45,0.1,0,829,Divine,Mukasa,Mukasa,3,15,590039,Man City,MCI,4,5,0,0,0,0
410,2026/27,4,0,0,0,0,0,0,0,0,0,0,0,0,0,0.0,0.0,0.0,0.0,0,49,0.0,0,70,Jeremy,Monga,Monga,3,15,649208,Man City,MCI,4,5,0,0,0,0
411,2026/27,4,90,1,0,1,0,0,0,0,0,0,0,3,36,34.0,1.6,37.0,7.3,9,156,74.1,126550,38782,Erling,Haaland,Haaland,4,15,223094,Man City,MCI,4,5,0,0,0,0
412,2026/27,4,90,0,0,0,1,0,0,0,0,0,1,0,5,6.6,0.0,0.0,0.7,2,49,9.6,10677,77516,Senne,Lammens,Lammens,1,16,465247,Man Utd,MUN,4,4,0,0,0,0
413,2026/27,4,0,0,0,0,0,0,0,0,0,0,0,0,0,0.0,0.0,0.0,0.0,0,45,0.0,0,60,Altay,Bayındır,Bayindir,1,16,451302,Man Utd,MUN,4,4,0,0,0,0
414,2026/27,4,0,0,0,0,0,0,0,0,0,0,0,0,0,0.0,0.0,0.0,0.0,0,40,0.1,298,406,Tom,Heaton,Heaton,1,16,21205,Man Utd,MUN,4,4,0,0,0,0
415,2026/27,4,90,0,0,0,1,0,0,0,0,0,0,0,19,19.6,18.7,4.0,4.2,4,58,0.5,1068,7139,Patrick,Dorgu,Dorgu,3,16,596777,Man Utd,MUN,4,4,0,0,0,0
416,2026/27,4,0,0,0,0,0,0,0,0,0,0,0,0,0,0.0,0.0,0.0,0.0,0,49,0.0,103,165,Matthijs,de Ligt,De Ligt,2,16,209365,Man Utd,MUN,4,4,0,0,0,0
417,2026/27,4,90,0,0,0,1,0,0,0,0,0,0,0,9,6.2,16.5,3.0,2.6,2,49,1.6,2643,11423,Diogo,Dalot Teixeira,Dalot,2,16,216051,Man Utd,MUN,4,4,0,0,0,0
418,2026/27,4,90,0,0,0,1,0,0,0,1,0,0,0,4,9.4,1.6,11.0,2.2,1,48,8.3,8320,111897,Harry,Maguire,Maguire,2,16,95658,Man Utd,MUN,4,4,0,0,0,0
419,2026/27,4,90,0,0,0,1,0,0,0,0,0,0,0,14,20.2,3.4,7.0,3.1,2,49,1.3,5165,8322,Lisandro,Martínez,Martinez,2,16,221820,Man Utd,MUN,4,4,0,0,0,0
420,2026/27,4,0,0,0,0,0,0,0,0,0,0,0,0,0,0.0,0.0,0.0,0.0,0,48,0.5,749,2740,Leny,Yoro,Yoro,2,16,550864,Man Utd,MUN,4,4,0,0,0,0
421,2026/27,4,0,0,0,0,0,0,0,0,0,0,0,0,0,0.0,0.0,0.0,0.0,0,43,0.3,352,2009,Ayden,Heaven,Heaven,2,16,606745,Man Utd,MUN,4,4,0,0,0,0
422,2026/27,4,0,0,0,0,0,0,0,0,0,0,0,0,0,0.0,0.0,0.0,0.0,0,44,0.5,623,4754,Noussair,Mazraoui,Mazraoui,2,16,230001,Man Utd,MUN,4,4,0,0,0,0
423,2026/27,4,0,0,0,0,0,0,0,0,0,0,0,0,0,0.0,0.0,0.0,0.0,0,43,7.4,7907,111688,Luke,Shaw,Shaw,2,16,106760,Man Utd,MUN,4,4,0,0,0,0
424,2026/27,4,0,0,0,0,0,0,0,0,0,0,0,0,0,0.0,0.0,0.0,0.0,0,40,0.2,578,1112,Harry,Amass,Amass,2,16,577974,Man Utd,MUN,4,4,0,0,0,0
425,2026/27,4,0,0,0,0,0,0,0,0,0,0,0,0,0,0.0,0.0,0.0,0.0,0,40,0.0,0,65,Tyler,Fredricson,Fredricson,2,16,547676,Man Utd,MUN,4,4,0,0,0,0
426,2026/27,4,90,0,0,0,1,0,0,0,0,0,0,0,17,17.0,31.4,7.0,5.5,2,119,38.1,85112,287915,Bruno,Borges Fernandes,B.Fernandes,3,16,141746,Man Utd,MUN,4,4,0,0,0,0
427,2026/27,4,90,0,0,0,1,0,0,0,0,0,0,0,9,11.2,32.8,24.0,6.8,2,79,20.3,80859,200784,Bryan,Mbeumo,Mbeumo,3,16,446008,Man Utd,MUN,4,4,0,0,0,0
428,2026/27,4,90,0,0,0,1,0,0,0,0,0,0,0,8,2.4,14.3,15.0,3.2,2,79,5.9,43492,32591,Matheus,Santos Carneiro da Cunha,Cunha,3,16,430871,Man Utd,MUN,4,4,0,0,0,0
429,2026/27,4,82,0,0,0,1,0,0,0,0,0,0,0,6,5.4,14.1,29.0,4.9,2,69,1.4,4807,25821,Marcus,Rashford,Rashford,3,16,176297,Man Utd,MUN,4,4,0,0,0,0
430,2026/27,4,0,0,0,0,0,0,0,0,0,0,0,0,0,0.0,0.0,0.0,0.0,0,54,0.0,235,246,Mason,Mount,Mount,3,16,184341,Man Utd,MUN,4,4,0,0,0,0
431,2026/27,4,0,0,0,0,0,0,0,0,0,0,0,0,0,0.0,0.0,0.0,0.0,0,57,0.3,212,2617,Amad,Diallo,Amad,3,16,493250,Man Utd,MUN,4,4,0,0,0,0
432,2026/27,4,90,0,0,0,1,0,0,0,0,0,0,0,20,19.8,37.2,1.0,5.8,4,55,1.5,8917,22528,Kobbie,Mainoo,Mainoo,3,16,516895,Man Utd,MUN,4,4,0,0,0,0
433,2026/27,4,0,0,0,0,0,0,0,0,0,0,0,0,0,0.0,0.0,0.0,0.0,0,50,0.0,30,31,Manuel,Ugarte Ribeiro,Ugarte,3,16,232112,Man Utd,MUN,4,4,0,0,0,0
434,2026/27,4,0,0,0,0,0,0,0,0,0,0,0,0,0,0.0,0.0,0.0,0.0,0,49,0.0,57,80,Jack,Fletcher,J.Fletcher,3,16,547037,Man Utd,MUN,4,4,0,0,0,0
435,2026/27,4,0,0,0,0,0,0,0,0,0,0,0,0,0,0.0,0.0,0.0,0.0,0,49,0.1,461,474,Shea,Lacey,Lacey,3,16,576628,Man Utd,MUN,4,4,0,0,0,0
436,2026/27,4,0,0,0,0,0,0,0,0,0,0,0,0,0,0.0,0.0,0.0,0.0,0,50,0.0,0,55,Toby,Collyer,Collyer,3,16,490881,Man Utd,MUN,4,4,0,0,0,0
437,2026/27,4,0,0,0,0,0,0,0,0,0,0,0,0,0,0.0,0.0,0.0,0.0,0,44,0.2,678,1187,Bendito,Mantato,Bendito Mantato,3,16,576620,Man Utd,MUN,4,4,0,0,0,0
438,2026/27,4,0,0,0,0,0,0,0,0,0,0,0,0,0,0.0,0.0,0.0,0.0,0,44,0.3,2865,2751,Tyler,Fletcher,Fletcher,3,16,519913,Man Utd,MUN,4,4,0,0,0,0
439,2026/27,4,23,0,0,0,0,0,0,0,0,0,0,0,4,1.2,0.7,4.0,0.6,1,70,1.5,7126,33153,Benjamin,Sesko,Šeško,4,16,485711,Man Utd,MUN,4,4,0,0,0,0
440,2026/27,4,7,0,0,0,0,0,0,0,0,0,0,0,4,4.4,4.8,0.0,0.9,1,53,0.4,2863,3998,Joshua,Zirkzee,Zirkzee,4,16,458249,Man Utd,MUN,4,4,0,0,0,0
441,2026/27,4,0,0,0,0,0,0,0,0,0,0,0,0,0,0.0,0.0,0.0,0.0,0,45,0.9,0,14099,Chido,Obi,Obi,4,16,596047,Man Utd,MUN,4,4,0,0,0,0
442,2026/27,4,0,0,0,0,0,0,0,0,0,0,0,0,0,0.0,0.0,0.0,0.0,0,49,0.9,1274,4132,Nick,Pope,Pope,1,17,98747,Newcastle,NEW,3,3,0,0,0,0
443,2026/27,4,0,0,0,0,0,0,0,0,0,0,0,0,0,0.0,0.0,0.0,0.0,0,45,0.0,68,127,Mark,Gillespie,Gillespie,1,17,81441,Newcastle,NEW,3,3,0,0,0,0
444,2026/27,4,0,0,0,0,0,0,0,0,0,0,0,0,0,0.0,0.0,0.0,0.0,0,44,0.0,29,185,Ewen,Jaouen,Jaouen,1,17,554578,Newcastle,NEW,3,3,0,0,0,0
445,2026/27,4,90,0,0,0,4,0,0,0,0,0,0,0,-6,22.6,0.9,0.0,2.4,2,50,2.2,16015,16209,Malick,Thiaw,Thiaw,2,17,465642,Newcastle,NEW,3,3,0,0,0,0
446,2026/27,4,0,0,0,0,0,0,0,0,0,0,0,0,0,0.0,0.0,0.0,0.0,0,49,0.2,1020,1209,Fabian,Schär,Schär,2,17,119471,Newcastle,NEW,3,3,0,0,0,0
447,2026/27,4,90,0,0,0,4,0,0,0,0,0,0,0,2,31.2,0.3,0.0,3.2,2,50,0.7,8227,4704,Sven,Botman,Botman,2,17,220237,Newcastle,NEW,3,3,0,0,0,0
448,2026/27,4,0,0,0,0,0,0,0,0,0,0,0,0,0,0.0,0.0,0.0,0.0,0,48,0.7,148,8053,Dan,Burn,Burn,2,17,78916,Newcastle,NEW,3,3,0,0,0,0
449,2026/27,4,90,0,0,0,4,0,0,0,0,0,0,0,9,21.0,3.9,7.0,3.2,0,53,19.0,423797,39605,Lewis,Hall,Hall,2,17,487838,Newcastle,NEW,3,3,0,0,0,0
450,2026/27,4,32,0,1,0,1,0,0,0,1,0,0,0,9,4.8,3.8,4.0,1.3,3,49,0.1,520,2465,Tino,Livramento,Livramento,2,17,441191,Newcastle,NEW,3,3,0,0,0,0
451,2026/27,4,0,0,0,0,0,0,0,0,0,0,0,0,0,0.0,0.0,0.0,0.0,0,40,0.1,0,407,Alex,Murphy,A.Murphy,2,17,545477,Newcastle,NEW,3,3,0,0,0,0
452,2026/27,4,45,1,0,0,0,0,0,0,0,0,0,1,29,35.4,3.9,11.0,5.0,7,67,1.8,10851,10821,Bruno,Guimarães Rodriguez Moura,Bruno G.,3,1,208706,Arsenal,ARS,4,5,0,0,0,0
453,2026/27,4,90,0,0,0,4,0,0,0,0,0,0,0,13,12.2,16.8,30.0,5.9,2,61,6.8,288408,46752,Harvey,Barnes,Barnes,3,17,201666,Newcastle,NEW,3,3,0,0,0,0
454,2026/27,4,0,0,0,0,0,0,0,0,0,0,0,0,0,0.0,0.0,0.0,0.0,0,61,4.0,413,224218,Anthony,Elanga,Elanga,3,17,449434,Newcastle,NEW,3,3,0,0,0,0
455,2026/27,4,90,0,0,1,0,0,0,0,0,0,0,0,16,12.2,30.7,6.0,4.9,3,53,1.8,3457,22414,Sandro,Tonali,Tonali,3,19,432422,Spurs,TOT,2,3,0,0,0,0
456,2026/27,4,0,0,0,0,0,0,0,0,0,0,0,0,0,0.0,0.0,0.0,0.0,0,48,0.2,94,6530,Jacob,Ramsey,J.Ramsey,3,17,232653,Newcastle,NEW,3,3,0,0,0,0
457,2026/27,4,56,0,0,0,3,0,0,0,1,0,0,0,2,1.2,3.7,2.0,0.7,0,59,0.1,1415,1194,Jacob,Murphy,J.Murphy,3,17,114243,Newcastle,NEW,3,3,0,0,0,0
458,2026/27,4,0,0,0,0,0,0,0,0,0,0,0,0,0,0.0,0.0,0.0,0.0,0,54,0.0,32,113,Joelinton Cássio,Apolinário de Lira,Joelinton,3,17,180974,Newcastle,NEW,3,3,0,0,0,0
459,2026/27,4,79,0,0,0,4,1,0,0,0,0,0,0,9,6.6,4.5,0.0,1.1,0,55,0.1,508,1041,Lewis,Miley,L.Miley,3,17,547719,Newcastle,NEW,3,3,0,0,0,0
460,2026/27,4,32,0,0,0,1,0,0,0,0,0,0,0,8,7.6,13.3,18.0,3.9,1,50,0.6,15350,4747,Joe,Willock,Willock,3,17,200089,Newcastle,NEW,3,3,0,0,0,0
461,2026/27,4,33,1,0,0,1,0,0,0,0,0,0,0,24,36.6,5.3,21.0,6.3,6,58,0.1,506,1261,Bazoumana,Touré,Touré,3,17,611665,Newcastle,NEW,3,3,0,0,0,0
462,2026/27,4,71,0,0,0,4,0,0,0,0,0,0,0,14,12.0,20.2,0.0,3.2,2,49,0.1,398,595,Sean,Steur,Steur,3,17,636852,Newcastle,NEW,3,3,0,0,0,0
463,2026/27,4,0,0,0,0,0,0,0,0,0,0,0,0,0,0.0,0.0,0.0,0.0,0,59,0.5,0,4645,Nick,Woltemade,Woltemade,4,17,470313,Newcastle,NEW,3,3,0,0,0,0
464,2026/27,4,90,0,0,0,4,0,0,0,0,0,0,0,3,2.2,21.5,12.0,3.6,2,62,19.0,171884,200949,Yoane,Wissa,Wissa,4,17,216646,Newcastle,NEW,3,3,0,0,0,0
465,2026/27,4,0,0,0,0,0,0,0,0,0,0,0,0,0,0.0,0.0,0.0,0.0,0,58,0.3,224,3261,William,Osula,Osula,4,17,538207,Newcastle,NEW,3,3,0,0,0,0
466,2026/27,4,0,0,0,0,0,0,0,0,0,0,0,0,0,0.0,0.0,0.0,0.0,0,45,0.5,0,5245,Sean,Neave,Neave,4,17,599303,Newcastle,NEW,3,3,0,0,0,0
467,2026/27,4,90,0,0,0,1,0,0,0,0,0,5,0,19,35.0,0.0,0.0,3.5,3,50,1.5,3111,10114,Matz,Sels,Sels,1,18,85633,Nott'm Forest,NFO,3,3,0,0,0,0
468,2026/27,4,0,0,0,0,0,0,0,0,0,0,0,0,0,0.0,0.0,0.0,0.0,0,45,0.1,83,206,John Victor,Maciel Furtado,John,1,18,221389,Nott'm Forest,NFO,3,3,0,0,0,0
469,2026/27,4,90,0,0,0,1,0,0,0,0,0,0,0,9,8.8,19.9,10.0,3.9,2,50,8.4,17897,82178,Neco,Williams,N.Williams,2,18,215136,Nott'm Forest,NFO,3,3,0,0,0,0
470,2026/27,4,0,0,0,0,0,0,0,0,0,0,0,0,0,0.0,0.0,0.0,0.0,0,50,0.0,0,159,Felipe,Rodrigues da Silva,Morato,2,18,485047,Nott'm Forest,NFO,3,3,0,0,0,0
471,2026/27,4,0,0,0,0,0,0,0,0,0,0,0,0,0,0.0,0.0,0.0,0.0,0,54,0.9,98,17300,Nikola,Milenković,Milenković,2,18,227444,Nott'm Forest,NFO,3,3,0,0,0,0
472,2026/27,4,90,0,1,0,1,0,0,0,1,0,0,0,18,33.0,10.9,0.0,4.4,6,55,2.2,15645,12673,Murillo,Costa dos Santos,Murillo,2,18,575476,Nott'm Forest,NFO,3,3,0,0,0,0
473,2026/27,4,90,0,0,0,1,0,0,0,0,0,0,0,11,17.4,1.7,0.0,1.9,2,44,2.3,1738,31471,Ola,Aina,Aina,2,18,159506,Nott'm Forest,NFO,3,3,0,0,0,0
474,2026/27,4,0,0,0,0,0,0,0,0,0,0,0,0,0,0.0,0.0,0.0,0.0,0,45,0.2,459,933,Jair,Paula da Cunha Filho,Jair Cunha,2,18,575458,Nott'm Forest,NFO,3,3,0,0,0,0
475,2026/27,4,0,0,0,0,0,0,0,0,0,0,0,0,0,0.0,0.0,0.0,0.0,0,45,0.0,26,31,Nicolò,Savona,Savona,2,18,500151,Nott'm Forest,NFO,3,3,0,0,0,0
476,2026/27,4,0,0,0,0,0,0,0,0,0,0,0,0,0,0.0,0.0,0.0,0.0,0,40,0.2,407,1053,Omar,Richards,O.Richards,2,18,204822,Nott'm Forest,NFO,3,3,0,0,0,0
477,2026/27,4,0,0,0,0,0,0,0,0,0,0,0,0,0,0.0,0.0,0.0,0.0,0,40,0.1,0,1242,Zach,Abbott,Abbott,2,18,549067,Nott'm Forest,NFO,3,3,0,0,0,0
478,2026/27,4,0,0,0,0,0,0,0,0,0,0,0,0,0,0.0,0.0,0.0,0.0,0,44,0.0,78,163,Luca,Netz,Netz,2,18,470315,Nott'm Forest,NFO,3,3,0,0,0,0
479,2026/27,4,0,0,0,0,0,0,0,0,0,0,0,0,0,0.0,0.0,0.0,0.0,0,40,0.1,0,795,Tyler,Bindon,Bindon,2,18,538638,Nott'm Forest,NFO,3,3,0,0,0,0
480,2026/27,4,90,0,1,0,1,0,0,0,0,0,0,3,42,39.0,98.5,26.0,16.4,8,80,15.8,125128,137475,Morgan,Gibbs-White,Gibbs-White,3,18,222531,Nott'm Forest,NFO,3,3,0,0,0,0
481,2026/27,4,90,0,0,1,0,0,0,0,0,0,0,0,18,15.2,3.3,0.0,1.9,5,63,3.9,11619,39879,Elliot,Anderson,Anderson,3,15,215379,Man City,MCI,4,5,0,0,0,0
482,2026/27,4,0,0,0,0,0,0,0,0,0,0,0,0,0,0.0,0.0,0.0,0.0,0,58,0.1,422,1536,Callum,Hudson-Odoi,Hudson-Odoi,3,18,209046,Nott'm Forest,NFO,3,3,0,0,0,0
483,2026/27,4,74,0,0,0,1,0,0,0,1,0,0,0,1,0.0,12.5,38.0,4.7,1,55,0.7,1347,12198,Dan,Ndoye,Ndoye,3,18,456512,Nott'm Forest,NFO,3,3,0,0,0,0
484,2026/27,4,0,0,0,0,0,0,0,0,0,0,0,0,0,0.0,0.0,0.0,0.0,0,54,0.1,0,508,Omari,Hutchinson,Hutchinson,3,18,503301,Nott'm Forest,NFO,3,3,0,0,0,0
485,2026/27,4,0,0,0,0,0,0,0,0,0,0,0,0,0,0.0,0.0,0.0,0.0,0,55,0.0,0,44,Dilane,Bakwa,Bakwa,3,18,476887,Nott'm Forest,NFO,3,3,0,0,0,0
486,2026/27,4,81,0,0,0,1,0,0,0,1,0,0,0,18,14.8,27.3,10.0,5.2,3,55,0.1,542,1313,James,McAtee,McAtee,3,18,432714,Nott'm Forest,NFO,3,3,0,0,0,0
487,2026/27,4,0,0,0,0,0,0,0,0,0,0,0,0,0,0.0,0.0,0.0,0.0,0,49,0.1,78,404,Nicolás,Domínguez,Dominguez,3,18,250199,Nott'm Forest,NFO,3,3,0,0,0,0
488,2026/27,4,8,0,0,0,0,0,0,0,0,0,0,0,2,2.4,0.4,2.0,0.5,1,48,0.4,574,5277,Ibrahim,Sangaré,I.Sangaré,3,18,210462,Nott'm Forest,NFO,3,3,0,0,0,0
489,2026/27,4,0,0,0,0,0,0,0,0,0,0,0,0,0,0.0,0.0,0.0,0.0,0,44,1.1,1161,10206,Ryan,Yates,Yates,3,18,204968,Nott'm Forest,NFO,3,3,0,0,0,0
490,2026/27,4,1,0,0,0,0,0,0,0,0,0,0,0,3,0.0,0.0,0.0,0.0,1,58,0.9,3186,8614,Chris,Wood,Wood,4,18,60689,Nott'm Forest,NFO,3,3,0,0,0,0
491,2026/27,4,15,1,0,0,0,0,0,0,0,0,0,2,34,36.4,11.0,17.0,6.4,7,58,2.5,13007,38070,Igor Jesus,Maciel da Cruz,Igor Jesus,4,18,482973,Nott'm Forest,NFO,3,3,0,0,0,0
492,2026/27,4,52,0,0,0,5,0,0,0,0,1,0,0,-5,0.0,10.9,10.0,1.9,-2,54,0.4,108,7474,Taiwo,Awoniyi,Awoniyi,4,7,210156,Coventry City,COV,2,2,0,0,0,0
493,2026/27,4,0,0,0,0,0,0,0,0,0,0,0,0,0,0.0,0.0,0.0,0.0,0,54,0.0,294,529,Arnaud,Kalimuendo,Kalimuendo,4,18,465680,Nott'm Forest,NFO,3,3,0,0,0,0
494,2026/27,4,0,0,0,0,0,0,0,0,0,0,0,0,0,0.0,0.0,0.0,0.0,0,45,0.1,0,946,Guglielmo,Vicario,Vicario,1,19,184254,Spurs,TOT,2,3,0,0,0,0
495,2026/27,4,0,0,0,0,0,0,0,0,0,0,0,0,0,0.0,0.0,0.0,0.0,0,40,1.0,3011,3157,Brandon,Austin,Austin,1,19,214572,Spurs,TOT,2,3,0,0,0,0
496,2026/27,4,90,0,0,1,0,0,0,0,0,0,3,0,29,19.8,0.0,0.0,2.0,7,45,16.6,30730,185456,Antonín,Kinský,Kinsky,1,19,485055,Spurs,TOT,2,3,0,0,0,0
497,2026/27,4,0,0,0,0,0,0,0,0,0,0,0,0,0,0.0,0.0,0.0,0.0,0,40,17.0,52232,77761,Martin,Dubravka,Dubravka,1,19,67089,Spurs,TOT,2,3,0,0,0,0
498,2026/27,4,0,0,0,0,0,0,0,0,0,0,0,0,0,0.0,0.0,0.0,0.0,0,58,3.4,1736,29812,Marcos,Senesi Barón,Senesi,2,19,221466,Spurs,TOT,2,3,0,0,0,0
499,2026/27,4,0,0,0,0,0,0,0,0,0,0,0,0,0,0.0,0.0,0.0,0.0,0,54,7.1,1941,120269,Pedro,Porro Sauceda,Pedro Porro,2,19,441164,Spurs,TOT,2,3,0,0,0,0
500,2026/27,4,0,0,0,0,0,0,0,0,0,0,0,0,0,0.0,0.0,0.0,0.0,0,50,0.1,0,357,Cristian,Romero,Romero,2,19,221632,Spurs,TOT,2,3,0,0,0,0
501,2026/27,4,90,0,0,0,2,0,0,0,0,0,0,0,6,16.8,11.0,2.0,3.0,1,50,0.2,1702,1083,Kevin,Danso,Danso,2,20,135720,Sunderland,SUN,3,3,0,0,0,0
502,2026/27,4,90,0,0,1,0,0,0,0,0,0,0,1,30,10.8,31.5,8.0,5.0,7,44,2.5,10751,23120,Andrew,Robertson,Robertson,2,19,122798,Spurs,TOT,2,3,0,0,0,0
503,2026/27,4,90,0,0,1,0,0,0,0,0,0,0,0,27,15.0,3.1,0.0,1.8,6,50,3.8,10504,29130,Micky,van de Ven,Van de Ven,2,19,491279,Spurs,TOT,2,3,0,0,0,0
504,2026/27,4,77,0,0,1,0,0,0,0,0,0,0,0,27,16.2,1.8,13.0,3.1,6,50,4.0,99118,25279,Luka,Vušković,Vuskovic,2,5,610799,Brighton,BHA,3,4,0,0,0,0
505,2026/27,4,0,0,0,0,0,0,0,0,0,0,0,0,0,0.0,0.0,0.0,0.0,0,45,0.2,0,1495,Djed,Spence,Spence,2,19,232859,Spurs,TOT,2,3,0,0,0,0
506,2026/27,4,0,0,0,0,0,0,0,0,0,0,0,0,0,0.0,0.0,0.0,0.0,0,44,0.3,493,2252,Destiny,Udogie,Udogie,2,19,487053,Spurs,TOT,2,3,0,0,0,0
507,2026/27,4,0,0,0,0,0,0,0,0,0,0,0,0,0,0.0,0.0,0.0,0.0,0,45,0.0,0,68,Ashley,Phillips,Phillips,2,19,548308,Spurs,TOT,2,3,0,0,0,0
508,2026/27,4,0,0,0,0,0,0,0,0,0,0,0,0,0,0.0,0.0,0.0,0.0,0,39,0.9,10629,6032,Ben,Davies,Davies,2,19,115556,Spurs,TOT,2,3,0,0,0,0
509,2026/27,4,0,0,0,0,0,0,0,0,0,0,0,0,0,0.0,0.0,0.0,0.0,0,40,0.1,175,336,Jun'ai,Byfield,Byfield,2,19,640419,Spurs,TOT,2,3,0,0,0,0
510,2026/27,4,0,0,0,0,0,0,0,0,0,0,0,0,0,0.0,0.0,0.0,0.0,0,40,0.1,219,462,James,Rowswell,Rowswell,2,19,499716,Spurs,TOT,2,3,0,0,0,0
511,2026/27,4,0,0,0,0,0,0,0,0,0,0,0,0,0,0.0,0.0,0.0,0.0,0,40,0.2,0,1301,João Victor,de Souza Menezes,Souza,2,19,616221,Spurs,TOT,2,3,0,0,0,0
512,2026/27,4,27,0,0,0,0,0,0,0,0,0,0,0,8,6.0,12.8,6.0,2.5,1,65,0.2,3845,1846,Mohammed,Kudus,Kudus,3,19,460842,Spurs,TOT,2,3,0,0,0,0
513,2026/27,4,0,0,0,0,0,0,0,0,0,0,0,0,0,0.0,0.0,0.0,0.0,0,59,0.0,68,94,Xavi,Simons,Xavi,3,19,493362,Spurs,TOT,2,3,0,0,0,0
514,2026/27,4,27,0,0,0,0,0,0,0,0,0,0,0,3,0.6,3.2,9.0,1.3,1,57,0.2,307,2867,Mathys,Tel,Tel,3,19,511499,Spurs,TOT,2,3,0,0,0,0
515,2026/27,4,13,0,0,0,0,0,0,0,0,0,0,0,3,6.8,3.8,0.0,1.1,1,63,0.4,1181,2814,James,Maddison,Maddison,3,19,172780,Spurs,TOT,2,3,0,0,0,0
516,2026/27,4,62,0,0,1,0,0,0,0,0,0,0,0,15,22.6,7.9,0.0,3.1,3,55,0.2,609,1289,Rodrigo,Bentancur,Bentancur,3,19,202993,Spurs,TOT,2,3,0,0,0,0
517,2026/27,4,0,0,0,0,0,0,0,0,0,0,0,0,0,0.0,0.0,0.0,0.0,0,55,0.0,45,21,Wilson,Odobert,Odobert,3,19,550839,Spurs,TOT,2,3,0,0,0,0
518,2026/27,4,0,0,0,0,0,0,0,0,0,0,0,0,0,0.0,0.0,0.0,0.0,0,49,0.1,0,945,Pape Matar,Sarr,P.M.Sarr,3,19,482442,Spurs,TOT,2,3,0,0,0,0
519,2026/27,4,0,0,0,0,0,0,0,0,0,0,0,0,0,0.0,0.0,0.0,0.0,0,53,0.2,1066,1063,Conor,Gallagher,Gallagher,3,19,232787,Spurs,TOT,2,3,0,0,0,0
520,2026/27,4,27,0,0,0,0,0,0,0,0,0,0,0,8,8.0,7.9,7.0,2.3,1,53,0.1,143,843,Lucas,Bergvall,Bergvall,3,19,570526,Spurs,TOT,2,3,0,0,0,0
521,2026/27,4,0,0,0,0,0,0,0,0,0,0,0,0,0,0.0,0.0,0.0,0.0,0,65,0.0,150,101,Dejan,Kulusevski,Kulusevski,3,19,445044,Spurs,TOT,2,3,0,0,0,0
522,2026/27,4,84,0,0,1,0,0,0,0,0,0,0,0,13,9.6,6.7,10.0,2.6,3,49,0.2,642,1653,Archie,Gray,Gray,3,19,547701,Spurs,TOT,2,3,0,0,0,0
523,2026/27,4,0,0,0,0,0,0,0,0,0,0,0,0,0,0.0,0.0,0.0,0.0,0,50,0.1,0,810,Mikey,Moore,Moore,3,19,499721,Spurs,TOT,2,3,0,0,0,0
524,2026/27,4,0,0,0,0,0,0,0,0,0,0,0,0,0,0.0,0.0,0.0,0.0,0,44,1.0,6555,9506,Callum,Olusesi,Olusesi,3,19,499726,Spurs,TOT,2,3,0,0,0,0
525,2026/27,4,62,0,0,1,0,0,0,0,0,0,0,0,15,3.0,13.0,22.0,3.8,3,57,0.7,715,9522,Mateus,Fernandes,Fernandes,3,19,551226,Spurs,TOT,2,3,0,0,0,0
526,2026/27,4,62,0,0,1,0,0,0,0,0,0,0,0,4,0.0,4.3,6.0,0.8,2,58,0.8,3228,8178,Dominic,Solanke-Mitchell,Solanke,4,19,154566,Spurs,TOT,2,3,0,0,0,0
527,2026/27,4,0,0,0,0,0,0,0,0,0,0,0,0,0,0.0,0.0,0.0,0.0,0,59,0.6,0,7888,Richarlison,de Andrade,Richarlison,4,19,212319,Spurs,TOT,2,3,0,0,0,0
528,2026/27,4,0,0,0,0,0,0,0,0,0,0,0,0,0,0.0,0.0,0.0,0.0,0,45,1.1,0,10884,Dane,Scarlett,Scarlett,4,19,490145,Spurs,TOT,2,3,0,0,0,0
529,2026/27,4,90,0,0,0,2,0,0,0,0,0,3,0,9,27.2,0.0,0.0,2.7,2,49,2.4,2918,19086,Robin,Roefs,Roefs,1,20,498016,Sunderland,SUN,3,3,0,0,0,0
530,2026/27,4,0,0,0,0,0,0,0,0,0,0,0,0,0,0.0,0.0,0.0,0.0,0,40,0.1,0,505,Anthony,Patterson,Patterson,1,20,232571,Sunderland,SUN,3,3,0,0,0,0
531,2026/27,4,0,0,0,0,0,0,0,0,0,0,0,0,0,0.0,0.0,0.0,0.0,0,44,0.1,204,361,Melker,Ellborg,Ellborg,1,20,515046,Sunderland,SUN,3,3,0,0,0,0
532,2026/27,4,90,0,0,0,2,0,0,0,1,0,0,0,0,9.0,10.8,9.0,2.9,0,49,2.2,3757,43152,Daniel,Ballard,Ballard,2,20,223827,Sunderland,SUN,3,3,0,0,0,0
533,2026/27,4,90,0,0,0,2,0,0,0,1,0,0,0,-5,10.4,4.9,46.0,6.1,0,54,1.9,7588,13128,Nordi,Mukiele,Mukiele,2,20,200834,Sunderland,SUN,3,3,0,0,0,0
534,2026/27,4,0,0,0,0,0,0,0,0,0,0,0,0,0,0.0,0.0,0.0,0.0,0,43,2.6,1748,48488,Trai,Hume,Hume,2,20,487676,Sunderland,SUN,3,3,0,0,0,0
535,2026/27,4,0,0,0,0,0,0,0,0,0,0,0,0,0,0.0,0.0,0.0,0.0,0,48,0.2,392,1602,Omar,Alderete,Alderete,2,20,201895,Sunderland,SUN,3,3,0,0,0,0
536,2026/27,4,90,0,0,0,2,0,0,0,0,1,0,0,-12,0.0,1.4,0.0,0.0,-2,44,0.2,395,2244,Reinildo,Mandava,Reinildo,2,20,434399,Sunderland,SUN,3,3,0,0,0,0
537,2026/27,4,0,0,0,0,0,0,0,0,0,0,0,0,0,0.0,0.0,0.0,0.0,0,45,0.0,0,33,Jenson,Seelt,Seelt,2,20,519634,Sunderland,SUN,3,3,0,0,0,0
538,2026/27,4,0,0,0,0,0,0,0,0,0,0,0,0,0,0.0,0.0,0.0,0.0,0,40,0.0,0,226,Leo Fuhr,Hjelde,Hjelde,2,20,477547,Sunderland,SUN,3,3,0,0,0,0
539,2026/27,4,0,0,0,0,0,0,0,0,0,0,0,0,0,0.0,0.0,0.0,0.0,0,39,2.5,24708,18907,Luke,O'Nien,O'Nien,2,20,167512,Sunderland,SUN,3,3,0,0,0,0
540,2026/27,4,0,0,0,0,0,0,0,0,0,0,0,0,0,0.0,0.0,0.0,0.0,0,40,0.1,0,846,Arthur,Masuaku,Masuaku,2,20,105717,Sunderland,SUN,3,3,0,0,0,0
541,2026/27,4,75,0,0,0,1,0,0,0,0,0,0,0,5,5.8,1.8,15.0,2.3,2,45,0.3,2691,1529,Thomas,Meunier,Meunier,2,20,93605,Sunderland,SUN,3,3,0,0,0,0
542,2026/27,4,90,0,0,0,2,0,0,1,0,0,0,0,6,6.8,29.7,26.0,6.3,0,57,3.3,17603,39844,Enzo,Le Fée,E.Le Fée,3,20,484420,Sunderland,SUN,3,3,0,0,0,0
543,2026/27,4,0,0,0,0,0,0,0,0,0,0,0,0,0,0.0,0.0,0.0,0.0,0,53,0.0,25,313,Habib,Diarra,Diarra,3,20,547027,Sunderland,SUN,3,3,0,0,0,0
544,2026/27,4,90,0,0,0,2,0,0,0,1,0,0,0,19,14.6,44.0,0.0,5.9,1,55,3.5,8995,34327,Granit,Xhaka,Xhaka,3,20,84450,Sunderland,SUN,3,3,0,0,0,0
545,2026/27,4,90,0,0,0,2,0,0,0,0,0,0,0,11,11.0,1.3,1.0,1.3,2,49,0.2,569,2062,Noah,Sadiki,Sadiki,3,20,577669,Sunderland,SUN,3,3,0,0,0,0
546,2026/27,4,0,0,0,0,0,0,0,0,0,0,0,0,0,0.0,0.0,0.0,0.0,0,49,0.0,0,286,Simon,Adingra,Adingra,3,20,535818,Sunderland,SUN,3,3,0,0,0,0
547,2026/27,4,0,0,0,0,0,0,0,0,0,0,0,0,0,0.0,0.0,0.0,0.0,0,49,0.0,13,65,Romaine,Mundle,Mundle,3,20,461199,Sunderland,SUN,3,3,0,0,0,0
548,2026/27,4,0,0,0,0,0,0,0,0,0,0,0,0,0,0.0,0.0,0.0,0.0,0,49,0.0,50,334,Chris,Rigg,Rigg,3,20,554197,Sunderland,SUN,3,3,0,0,0,0
549,2026/27,4,0,0,0,0,0,0,0,0,0,0,0,0,0,0.0,0.0,0.0,0.0,0,53,0.1,151,779,Chemsdine,Talbi,Talbi,3,20,549912,Sunderland,SUN,3,3,0,0,0,0
550,2026/27,4,0,0,0,0,0,0,0,0,0,0,0,0,0,0.0,0.0,0.0,0.0,0,50,0.0,60,65,Djiamgone Jocelin Ta,Bi,Jocelin.T,3,20,699989,Sunderland,SUN,3,3,0,0,0,0
551,2026/27,4,69,0,0,0,1,0,0,0,0,0,0,0,7,2.2,0.9,2.0,0.5,2,50,0.1,766,1082,Nilson,Angulo,N.Angulo,3,20,536661,Sunderland,SUN,3,3,0,0,0,0
552,2026/27,4,90,0,0,0,2,0,0,0,1,0,0,0,4,0.0,11.5,14.0,2.4,1,57,6.4,203749,108213,Brian,Brobbey,Brobbey,4,20,441264,Sunderland,SUN,3,3,0,0,0,0
553,2026/27,4,20,0,0,0,1,0,0,0,0,0,0,0,1,1.2,0.1,0.0,0.1,1,55,1.3,7867,15663,Wilson,Isidor,Isidor,4,20,437505,Sunderland,SUN,3,3,0,0,0,0
554,2026/27,4,0,0,0,0,0,0,0,0,0,0,0,0,0,0.0,0.0,0.0,0.0,0,45,0.0,0,132,Kayne,van Oevelen,Van Oevelen,1,12,546600,Ipswich Town,IPS,2,2,0,0,0,0
555,2026/27,4,0,0,0,0,0,0,0,0,0,0,0,0,0,0.0,0.0,0.0,0.0,0,40,1.7,1731,4155,Remi,Matthews,Matthews,1,8,169593,Crystal Palace,CRY,2,3,0,0,0,0
556,2026/27,4,0,0,0,0,0,0,0,0,0,0,0,0,0,0.0,0.0,0.0,0.0,0,40,1.6,153,15102,Matt,Targett,Targett,2,11,169359,Hull City,HUL,2,2,0,0,0,0
557,2026/27,4,80,0,0,1,0,0,0,0,0,0,0,0,10,3.8,7.3,2.0,1.3,3,63,10.4,13019,312963,Christos,Tzolis,Tzolis,3,1,439509,Arsenal,ARS,4,5,0,0,0,0
558,2026/27,4,90,0,0,0,1,0,0,0,1,0,0,0,18,21.8,15.2,17.0,5.4,3,50,0.1,301,1204,Xaver,Schlager,Schlager,3,18,204561,Nott'm Forest,NFO,3,3,0,0,0,0
559,2026/27,4,10,0,0,0,0,0,0,0,0,0,0,0,4,1.4,0.3,0.0,0.2,1,49,0.1,162,689,Aladji,Bamba,Bamba,3,17,632794,Newcastle,NEW,3,3,0,0,0,0
560,2026/27,4,0,0,0,0,0,0,0,0,0,0,0,0,0,0.0,0.0,0.0,0.0,0,44,0.1,295,393,Mike,Penders,Penders,1,6,549939,Chelsea,CHE,4,4,0,0,0,0
561,2026/27,4,0,0,0,0,0,0,0,0,0,0,0,0,0,0.0,0.0,0.0,0.0,0,45,0.0,91,130,Aaron,Anselmino,Anselmino,2,6,622758,Chelsea,CHE,4,4,0,0,0,0
562,2026/27,4,27,0,0,0,1,0,0,0,0,0,0,0,1,0.0,2.3,0.0,0.0,1,53,0.2,208,2308,Daizen,Maeda,Maeda,3,12,442967,Ipswich Town,IPS,2,2,0,0,0,0
563,2026/27,4,0,0,0,0,0,0,0,0,0,0,0,0,0,0.0,0.0,0.0,0.0,0,49,0.0,25,240,Hidemasa,Morita,Morita,3,11,445028,Hull City,HUL,2,2,0,0,0,0
564,2026/27,4,90,0,0,0,2,0,0,0,0,0,2,0,6,15.0,0.0,0.0,1.5,1,45,0.6,1236,3962,Kjell,Scherpen,Scherpen,1,12,240514,Ipswich Town,IPS,2,2,0,0,0,0
565,2026/27,4,90,0,0,0,2,0,0,0,0,0,0,0,19,18.2,9.4,0.0,2.8,4,56,9.3,12128,197839,Mamadou,Sangaré,M.Sangaré,3,4,513545,Brentford,BRE,3,3,0,0,0,0
566,2026/27,4,90,0,0,0,2,0,0,0,0,0,0,0,-2,18.0,5.3,11.0,3.4,3,50,0.5,21103,9563,António João,Pereira de Albuquerque Tavares da Silva,Silva,2,3,483067,Bournemouth,BOU,3,3,0,0,0,0
567,2026/27,4,90,0,0,0,4,0,0,0,0,0,3,0,2,29.4,0.0,0.0,2.9,1,50,1.5,11201,8488,Lukás,Hornícek,Horníček,1,17,470551,Newcastle,NEW,3,3,0,0,0,0
568,2026/27,4,21,0,0,0,0,0,0,0,1,0,0,0,7,1.6,2.9,2.0,0.7,0,54,0.1,313,599,Valentín,Barco,Barco,3,6,543158,Chelsea,CHE,4,4,0,0,0,0
569,2026/27,4,76,0,0,1,0,0,0,0,0,0,0,0,5,4.4,10.9,10.0,2.5,2,60,5.4,226755,52355,Gonzalo,García,Gonzalo,4,10,551466,Fulham,FUL,2,3,0,0,0,0
570,2026/27,4,0,0,0,0,0,0,0,0,0,0,0,0,0,0.0,0.0,0.0,0.0,0,54,0.2,1041,1397,César,Palacios,Palacios,3,10,571779,Fulham,FUL,2,3,0,0,0,0
571,2026/27,4,13,0,0,0,0,0,0,0,0,0,0,0,8,9.0,21.3,2.0,3.2,1,48,0.1,156,553,Florentino Ibrain,Morris Luís,Florentino,3,12,216055,Ipswich Town,IPS,2,2,0,0,0,0
572,2026/27,4,90,0,0,0,2,0,0,0,0,0,5,0,15,29.4,0.0,0.0,2.9,2,47,13.1,176216,40182,Konstantinos,Tzolakis,Tzolakis,1,11,473284,Hull City,HUL,2,2,0,0,0,0
573,2026/27,4,0,0,0,0,0,0,0,0,0,0,0,0,0,0.0,0.0,0.0,0.0,0,44,0.2,194,602,Juanlu,Sánchez,Sanchez,2,3,494928,Bournemouth,BOU,3,3,0,0,0,0
574,2026/27,4,0,0,0,0,0,0,0,0,0,0,0,0,0,0.0,0.0,0.0,0.0,0,49,0.1,94,467,Jens,Hjertø-Dahl,Hjertø-Dahl,3,11,552946,Hull City,HUL,2,2,0,0,0,0
575,2026/27,4,17,0,0,0,2,0,0,0,0,0,0,0,3,0.0,10.5,0.0,1.0,1,48,0.1,431,1505,Caleb,Yirenkyi,Yirenkyi,3,7,661888,Coventry City,COV,2,2,0,0,0,0
576,2026/27,4,59,0,0,0,1,0,0,0,0,0,0,0,3,0.0,1.8,1.0,0.2,1,50,0.1,194,672,Elliot,Stroud,Stroud,3,11,608227,Hull City,HUL,2,2,0,0,0,0
577,2026/27,4,53,0,0,0,2,0,0,0,0,0,0,0,6,10.2,1.3,4.0,1.6,0,44,0.2,157,2072,Takehiro,Tomiyasu,Tomiyasu,2,8,223723,Crystal Palace,CRY,2,3,0,0,0,0
578,2026/27,4,0,0,0,0,0,0,0,0,0,0,0,0,0,0.0,0.0,0.0,0.0,0,53,0.0,34,714,Mykhailo,Mudryk,Mudryk,3,19,465920,Spurs,TOT,2,3,0,0,0,0
579,2026/27,4,71,0,0,1,0,0,0,0,0,0,0,0,24,9.8,1.8,2.0,1.4,6,54,3.1,26826,14843,Ronald,Araujo,Araujo,2,14,445087,Liverpool,LIV,4,4,0,0,0,0
580,2026/27,4,90,0,0,1,0,0,0,0,0,0,0,0,19,29.0,3.4,0.0,3.2,5,50,0.1,2081,804,Shea,Charles,Charles,3,10,463210,Fulham,FUL,2,3,0,0,0,0
581,2026/27,4,90,0,0,0,1,0,0,0,0,0,0,0,10,24.6,0.4,11.0,3.6,4,54,0.5,2133,3063,Ousmane,Diomande,Diomande,2,18,568420,Nott'm Forest,NFO,3,3,0,0,0,0
582,2026/27,4,0,0,0,0,0,0,0,0,0,0,0,0,0,0.0,0.0,0.0,0.0,0,54,0.2,547,2729,Brian,Madjo,Madjo,4,2,690838,Aston Villa,AVL,3,3,0,0,0,0
583,2026/27,4,45,0,0,0,0,0,0,0,0,0,0,0,4,2.0,1.7,2.0,0.6,1,49,0.2,783,799,Pep,Chavarría,Chavarria,2,6,498444,Chelsea,CHE,4,4,0,0,0,0
584,2026/27,4,0,0,0,0,0,0,0,0,0,0,0,0,0,0.0,0.0,0.0,0.0,0,54,0.1,68,587,Gustavo,Hamer,Hamer,3,7,196100,Coventry City,COV,2,2,0,0,0,0
585,2026/27,4,31,0,0,0,1,0,0,0,0,0,0,0,-1,1.6,0.4,0.0,0.2,1,40,0.6,1387,2439,Lucas,Herrington,Herrington,2,11,597462,Hull City,HUL,2,2,0,0,0,0
586,2026/27,4,58,0,0,0,1,0,0,0,0,0,0,0,3,12.6,0.2,0.0,1.3,1,41,6.2,12424,41043,Nobel,Mendy,Mendy,2,11,606930,Hull City,HUL,2,2,0,0,0,0
587,2026/27,4,0,0,0,0,0,0,0,0,0,0,0,0,0,0.0,0.0,0.0,0.0,0,50,0.0,93,128,Gerónimo,Rulli,Rulli,1,15,106921,Man City,MCI,4,5,0,0,0,0
588,2026/27,4,90,1,0,0,3,0,0,0,0,0,0,0,4,40.4,16.0,31.0,8.7,7,50,0.3,2601,2953,Anan,Khalaili,Khalaili,2,8,570794,Crystal Palace,CRY,2,3,0,0,0,0
589,2026/27,4,0,0,0,0,0,0,0,0,0,0,0,0,0,0.0,0.0,0.0,0.0,0,50,0.0,42,148,Lucas,Gourna-Douath,Gourna-Douath,3,11,469266,Hull City,HUL,2,2,0,0,0,0
590,2026/27,4,0,0,0,0,0,0,0,0,0,0,0,0,0,0.0,0.0,0.0,0.0,0,45,0.1,174,309,Steven,Benda,Benda,1,18,428971,Nott'm Forest,NFO,3,3,0,0,0,0
591,2026/27,4,90,0,0,0,2,0,0,0,0,0,0,0,7,2.2,13.8,13.0,2.9,2,55,0.8,5050,9296,Julio,Enciso,Enciso,3,12,474120,Ipswich Town,IPS,2,2,0,0,0,0
592,2026/27,4,2,0,0,0,0,0,0,0,0,0,0,0,5,2.2,0.2,0.0,0.2,1,40,0.8,1063,3015,Abdoul,Ouattara,Ouattara,2,12,572584,Ipswich Town,IPS,2,2,0,0,0,0
593,2026/27,4,57,0,0,0,3,0,0,0,0,0,0,0,-3,10.4,2.7,0.0,1.3,0,45,1.6,428,57155,Amar,Dedic,Dedić,2,17,463726,Newcastle,NEW,3,3,0,0,0,0
594,2026/27,4,0,0,0,0,0,0,0,0,0,0,0,0,0,0.0,0.0,0.0,0.0,0,59,0.2,4074,2875,Promise,David,David,4,5,538007,Brighton,BHA,3,4,0,0,0,0
595,2026/27,4,6,0,0,0,1,0,0,0,0,0,0,0,3,0.0,0.3,0.0,0.0,1,49,0.0,50,121,Zavier,Gozo,Gozo,3,8,559152,Crystal Palace,CRY,2,3,0,0,0,0
596,2026/27,4,0,0,0,0,0,0,0,0,0,0,0,0,0,0.0,0.0,0.0,0.0,0,45,0.1,1184,550,Matteo,Ruggeri,Ruggeri,2,2,487992,Aston Villa,AVL,3,3,0,0,0,0
597,2026/27,4,90,0,0,0,2,0,0,0,0,0,5,0,17,38.6,0.0,0.0,3.9,2,50,1.9,19399,10350,Zion,Suzuki,Suzuki,1,2,433969,Aston Villa,AVL,3,3,0,0,0,0
598,2026/27,4,90,0,0,0,1,0,0,0,0,0,0,0,8,18.6,0.9,10.0,3.0,2,45,0.1,447,383,Nico,Elvedi,Elvedi,2,13,173774,Leeds,LEE,3,3,0,0,0,0
599,2026/27,4,30,0,0,0,3,0,0,0,0,0,0,0,3,1.0,0.2,0.0,0.1,1,50,0.1,769,1041,Sidiki,Cherif,Cherif,4,7,627221,Coventry City,COV,2,2,0,0,0,0
600,2026/27,4,12,0,0,0,0,0,0,0,0,0,0,0,2,0.0,1.1,13.0,1.2,1,50,0.0,139,161,Ibrahim,Osman,Osman,3,5,612855,Brighton,BHA,3,4,0,0,0,0
601,2026/27,4,0,0,0,0,0,0,0,0,0,0,0,0,0,0.0,0.0,0.0,0.0,0,45,0.1,229,903,Luca,Williams-Barnett,Williams-Barnett,3,19,611917,Spurs,TOT,2,3,0,0,0,0
602,2026/27,4,0,0,0,0,0,0,0,0,0,0,0,0,0,0.0,0.0,0.0,0.0,0,45,0.0,0,278,Cameron,Humphreys,Humphreys,3,12,524180,Ipswich Town,IPS,2,2,0,0,0,0
603,2026/27,4,0,0,0,0,0,0,0,0,0,0,0,0,0,0.0,0.0,0.0,0.0,0,40,0.1,318,634,Jayden,Lienou,Lienou,2,13,643970,Leeds,LEE,3,3,0,0,0,0
604,2026/27,4,0,0,0,0,0,0,0,0,0,0,0,0,0,0.0,0.0,0.0,0.0,0,45,0.1,436,1115,Alfie,Cresswell,Cresswell,3,13,592740,Leeds,LEE,3,3,0,0,0,0
605,2026/27,4,64,1,0,1,0,0,0,0,0,0,0,0,29,47.4,12.8,43.0,10.3,8,45,3.9,38376,48133,Malick,Yalcouyé,Yalcouyé,3,5,611695,Brighton,BHA,3,4,0,0,0,0
606,2026/27,4,0,0,0,0,0,0,0,0,0,0,0,0,0,0.0,0.0,0.0,0.0,0,40,0.2,413,1066,Triston,Rowe,Rowe,2,2,569577,Aston Villa,AVL,3,3,0,0,0,0
607,2026/27,4,0,0,0,0,0,0,0,0,0,0,0,0,0,0.0,0.0,0.0,0.0,0,45,0.1,0,822,Luka,Lynch,Lynch,3,2,571380,Aston Villa,AVL,3,3,0,0,0,0
608,2026/27,4,0,0,0,0,0,0,0,0,0,0,0,0,0,0.0,0.0,0.0,0.0,0,50,0.1,1246,1186,Daniel,Jebbison,Jebbison,4,3,523700,Bournemouth,BOU,3,3,0,0,0,0
609,2026/27,4,0,0,0,0,0,0,0,0,0,0,0,0,0,0.0,0.0,0.0,0.0,0,40,0.2,0,2201,Leo,Shahar,Shahar,2,17,553746,Newcastle,NEW,3,3,0,0,0,0
610,2026/27,4,0,0,0,0,0,0,0,0,0,0,0,0,0,0.0,0.0,0.0,0.0,0,40,0.1,0,579,Luc,De Fougerolles,De Fougerolles,2,10,547686,Fulham,FUL,2,3,0,0,0,0
611,2026/27,4,90,0,0,0,2,0,0,0,0,0,0,0,11,26.0,13.3,0.0,3.9,3,45,0.2,2266,1913,Aaron,Wan-Bissaka,Wan-Bissaka,2,2,214590,Aston Villa,AVL,3,3,0,0,0,0
612,2026/27,4,0,0,0,0,0,0,0,0,0,0,0,0,0,0.0,0.0,0.0,0.0,0,45,0.0,150,88,Dayann,Méthalie,Methalie,2,20,638411,Sunderland,SUN,3,3,0,0,0,0
613,2026/27,4,0,0,0,0,0,0,0,0,0,0,0,0,0,0.0,0.0,0.0,0.0,0,45,0.2,755,2013,Jules,Ahoka,Ahoka,3,20,696104,Sunderland,SUN,3,3,0,0,0,0
614,2026/27,4,0,0,0,0,0,0,0,0,0,0,0,0,0,0.0,0.0,0.0,0.0,0,45,0.0,306,306,Jaouen,Hadjam,Hadjam,2,5,512123,Brighton,BHA,3,4,0,0,0,0
615,2026/27,4,0,0,0,0,0,0,0,0,0,0,0,0,0,0.0,0.0,0.0,0.0,0,45,0.0,240,246,Michele,Di Gregorio,Di Gregorio,1,3,230650,Bournemouth,BOU,3,3,0,0,0,0
616,2026/27,4,0,0,0,0,0,0,0,0,0,0,0,0,0,0.0,0.0,0.0,0.0,0,55,0.2,1023,2560,Ayyoub,Bouaddi,Bouaddi,3,15,637238,Man City,MCI,4,5,0,0,0,0
617,2026/27,4,30,0,0,0,1,0,0,0,0,0,0,0,3,7.2,18.5,21.0,4.7,1,50,0.0,467,199,Mohamed-Ali,Cho,Cho,3,11,490884,Hull City,HUL,2,2,0,0,0,0
618,2026/27,4,0,0,0,0,0,0,0,0,0,0,0,0,0,0.0,0.0,0.0,0.0,0,59,0.0,37,501,Leon,Goretzka,Goretzka,3,2,119090,Aston Villa,AVL,3,3,0,0,0,0
619,2026/27,4,90,0,0,0,2,0,0,0,0,0,0,0,14,18.0,5.9,2.0,2.6,4,50,0.1,788,1166,Exequiel,Palacios,Palacios,3,12,218543,Ipswich Town,IPS,2,2,0,0,0,0
620,2026/27,4,30,0,0,0,0,0,0,0,0,0,0,0,4,3.4,1.0,0.0,0.4,1,45,0.1,770,924,El Hadji Malick,Diouf,Diouf,2,4,613804,Brentford,BRE,3,3,0,0,0,0
621,2026/27,4,0,0,0,0,0,0,0,0,0,0,0,0,0,0.0,0.0,0.0,0.0,0,44,0.1,454,1331,Ryan,McAidoo,McAidoo,3,15,616288,Man City,MCI,4,5,0,0,0,0
622,2026/27,4,0,0,0,0,0,0,0,0,0,0,0,0,0,0.0,0.0,0.0,0.0,0,40,0.2,723,1879,Kaden,Braithwaite,Braithwaite,2,15,554054,Man City,MCI,4,5,0,0,0,0
623,2026/27,4,0,0,0,0,0,0,0,0,0,0,0,0,0,0.0,0.0,0.0,0.0,0,40,0.7,19767,3759,Dan,Bentley,Bentley,1,7,79602,Coventry City,COV,2,2,0,0,0,0
624,2026/27,4,0,0,0,0,0,0,0,0,0,0,0,0,0,0.0,0.0,0.0,0.0,0,50,0.0,0,6,Amario,Cozier-Duberry,Cozier-Duberry,3,5,519324,Brighton,BHA,3,4,0,0,0,0
625,2026/27,4,0,0,0,0,0,0,0,0,0,0,0,0,0,0.0,0.0,0.0,0.0,0,40,0.2,1185,992,Alex,Cairns,Cairns,1,13,97846,Leeds,LEE,3,3,0,0,0,0
626,2026/27,4,0,0,0,0,0,0,0,0,0,0,0,0,0,0.0,0.0,0.0,0.0,0,44,0.3,2657,3062,Macaulay,Zepa,Zepa,3,10,616069,Fulham,FUL,2,3,0,0,0,0
627,2026/27,4,71,0,0,1,0,0,0,0,0,0,0,0,9,5.6,13.6,8.0,2.7,3,80,1.9,24974,26570,Bradley,Barcola,Barcola,3,14,482616,Liverpool,LIV,4,4,0,0,0,0
628,2026/27,4,0,0,0,0,0,0,0,0,0,0,0,0,0,0.0,0.0,0.0,0.0,0,60,0.0,265,202,Allan,Andrade Elias,Allan,3,15,624777,Man City,MCI,4,5,0,0,0,0
629,2026/27,4,0,0,0,0,0,0,0,0,0,0,0,0,0,0.0,0.0,0.0,0.0,0,40,0.7,4368,3448,Michael,Zetterer,Zetterer,1,13,155465,Leeds,LEE,3,3,0,0,0,0
630,2026/27,4,0,0,0,0,0,0,0,0,0,0,0,0,0,0.0,0.0,0.0,0.0,0,45,0.0,304,262,Taylor,Harwood-Bellis,Harwood-Bellis,2,2,245719,Aston Villa,AVL,3,3,0,0,0,0
631,2026/27,4,27,0,0,0,1,0,0,0,0,0,0,0,6,9.0,15.2,19.0,4.3,1,60,0.1,1329,1572,Ibrahim,Mbaye,Mbaye,3,2,638987,Aston Villa,AVL,3,3,0,0,0,0
632,2026/27,4,0,0,0,0,0,0,0,0,0,0,0,0,0,0.0,0.0,0.0,0.0,0,50,0.0,90,541,Ilyas,Ansah,Ansah,4,11,626751,Hull City,HUL,2,2,0,0,0,0
633,2026/27,4,90,0,0,0,3,0,0,0,0,0,0,0,10,24.6,11.9,4.0,4.1,3,45,0.0,190,150,Honest,Ahanor,Ahanor,2,8,605972,Crystal Palace,CRY,2,3,0,0,0,0
634,2026/27,4,57,0,0,0,3,0,0,0,0,0,0,0,5,2.2,10.9,4.0,1.7,1,60,0.1,3569,2110,Matias,Fernandez-Pardo,Fernandez-Pardo,4,17,613221,Newcastle,NEW,3,3,0,0,0,0
635,2026/27,4,13,0,0,0,0,0,0,0,0,0,0,0,3,0.0,0.5,0.0,0.1,1,50,0.0,136,97,Hugo,Larsson,Larsson,3,10,551050,Fulham,FUL,2,3,0,0,0,0
636,2026/27,4,0,0,0,0,0,0,0,0,0,0,0,0,0,0.0,0.0,0.0,0.0,0,50,0.0,44,36,Manuel Ángel,Morán Ibáñez,Ángel,3,10,500033,Fulham,FUL,2,3,0,0,0,0
637,2026/27,4,8,0,0,0,0,0,0,0,0,0,0,0,3,0.0,0.5,0.0,0.0,1,50,0.1,2488,1509,Robinio,Vaz,Vaz,4,11,631000,Hull City,HUL,2,2,0,0,0,0
638,2026/27,4,8,0,0,0,0,0,0,0,1,0,0,0,0,0.0,0.3,7.0,0.7,0,40,0.2,490,3224,Brooke,Norton-Cuffy,Norton-Cuffy,2,11,496181,Hull City,HUL,2,2,0,0,0,0
639,2026/27,4,25,0,1,0,0,0,0,0,0,0,0,0,10,18.8,13.1,2.0,3.4,4,55,0.1,4224,456,José María,Andrés Baixauli,Andrés,3,5,592984,Brighton,BHA,3,4,0,0,0,0
640,2026/27,4,27,1,0,0,1,0,0,0,0,0,0,0,32,35.0,1.3,44.0,8.0,5,55,0.1,1644,1442,Zian,Flemming,Flemming,4,12,431639,Ipswich Town,IPS,2,2,0,0,0,0
641,2026/27,4,18,0,0,0,1,0,0,0,0,0,0,0,1,4.4,10.3,0.0,1.5,1,45,0.0,133,100,Melvin,Bard,Bard,2,13,437497,Leeds,LEE,3,3,0,0,0,0
642,2026/27,4,30,0,0,0,1,0,0,0,0,0,0,0,6,5.6,14.8,4.0,2.4,1,55,0.0,666,437,Sorba,Thomas,Thomas,3,11,243951,Hull City,HUL,2,2,0,0,0,0
643,2026/27,4,13,0,0,0,1,0,0,0,0,0,0,0,1,0.2,3.5,4.0,0.8,1,45,0.4,857,4209,Ben,Chilwell,Chilwell,2,8,172850,Crystal Palace,CRY,2,3,0,0,0,0
644,2026/27,4,90,0,0,0,3,0,0,0,0,0,0,0,24,25.2,4.9,27.0,5.7,4,50,0.0,665,430,Quinten,Timber,Timber,3,8,450063,Crystal Palace,CRY,2,3,0,0,0,0
645,2026/27,4,0,0,0,0,0,0,0,0,0,0,0,0,0,0.0,0.0,0.0,0.0,0,50,0.0,116,111,Christos,Mouzakitis,Mouzakitis,3,11,647839,Hull City,HUL,2,2,0,0,0,0
646,2026/27,4,14,0,0,0,1,0,0,0,0,0,0,0,2,0.0,0.8,6.0,0.6,1,55,0.0,442,407,Malick,Fofana,Fofana,3,20,549940,Sunderland,SUN,3,3,0,0,0,0
647,2026/27,4,0,0,0,0,0,0,0,0,0,0,0,0,0,0.0,0.0,0.0,0.0,0,55,0.0,39,98,Darío,Osorio,Osorio,3,8,533646,Crystal Palace,CRY,2,3,0,0,0,0
648,2026/27,4,0,0,0,0,0,0,0,0,0,0,0,0,0,0.0,0.0,0.0,0.0,0,50,0.0,131,251,Jean-Mattéo,Bahoya,Bahoya,3,13,587982,Leeds,LEE,3,3,0,0,0,0
649,2026/27,4,74,0,0,1,0,0,0,0,0,0,0,0,23,10.0,12.0,1.0,2.3,6,45,1.5,29011,7985,Ainsley,Maitland-Niles,Maitland-Niles,2,9,154043,Everton,EVE,3,3,0,0,0,0
650,2026/27,4,90,0,0,1,0,0,0,0,0,0,0,0,23,18.6,3.3,0.0,2.2,8,45,0.3,31843,5581,David,Affengruber,Affengruber,2,10,442299,Fulham,FUL,2,3,0,0,0,0
651,2026/27,4,0,0,0,0,0,0,0,0,0,0,0,0,0,0.0,0.0,0.0,0.0,0,45,0.8,12875,9476,Juan,Angulo,J.Angulo,4,20,661313,Sunderland,SUN,3,3,0,0,0,0
652,2026/27,4,0,0,0,0,0,0,0,0,0,0,0,0,0,0.0,0.0,0.0,0.0,0,55,0.0,26,55,Femi,Azeez,Azeez,3,5,471551,Brighton,BHA,3,4,0,0,0,0
653,2026/27,4,0,0,0,0,0,0,0,0,0,0,0,0,0,0.0,0.0,0.0,0.0,0,45,0.0,291,566,Floyd,Samba,Samba,3,15,595480,Man City,MCI,4,5,0,0,0,0
654,2026/27,4,0,0,0,0,0,0,0,0,0,0,0,0,0,0.0,0.0,0.0,0.0,0,45,0.1,291,1201,Braiden,Graham,Graham,3,9,629068,Everton,EVE,3,3,0,0,0,0
655,2026/27,4,0,0,0,0,0,0,0,0,0,0,0,0,0,0.0,0.0,0.0,0.0,0,55,0.0,90,61,Yann,Gboho,Gboho,3,7,242893,Coventry City,COV,2,2,0,0,0,0
656,2026/27,4,0,0,0,0,0,0,0,0,0,0,0,0,0,0.0,0.0,0.0,0.0,0,40,0.1,2617,1093,Stephen,Mfuni,Mfuni,2,7,566213,Coventry City,COV,2,2,0,0,0,0
657,2026/27,4,0,0,0,0,0,0,0,0,0,0,0,0,0,0.0,0.0,0.0,0.0,0,45,0.0,435,316,Gustavo,Nunes Fernandes Gomes,Nunes,3,4,626464,Brentford,BRE,3,3,0,0,0,0
658,2026/27,4,0,0,0,0,0,0,0,0,0,0,0,0,0,0.0,0.0,0.0,0.0,0,45,0.0,393,247,Younes,Ibrahim,Ibrahim,3,5,661016,Brighton,BHA,3,4,0,0,0,0
659,2026/27,4,0,0,0,0,0,0,0,0,0,0,0,0,0,0.0,0.0,0.0,0.0,0,45,0.0,1862,823,Mason,Miley,Miley,3,17,665243,Newcastle,NEW,3,3,0,0,0,0
1,2026/27,5,90,0,0,0,3,0,0,0,0,0,2,0,6,20.6,0.0,0.0,2.1,1,61,42.9,218440,75764,David,Raya Martín,Raya,1,1,154561,Arsenal,ARS,4,5,0,0,0,0
2,2026/27,5,0,0,0,0,0,0,0,0,0,0,0,0,0,0.0,0.0,0.0,0.0,0,49,0.1,157,328,Kepa,Arrizabalaga Revuelta,Arrizabalaga,1,1,109745,Arsenal,ARS,4,5,0,0,0,0
3,2026/27,5,0,0,0,0,0,0,0,0,0,0,0,0,0,0.0,0.0,0.0,0.0,0,49,0.0,69,149,Illan,Meslier,Meslier,1,1,437495,Arsenal,ARS,4,5,0,0,0,0
4,2026/27,5,90,0,0,0,3,0,0,0,0,0,0,0,6,25.8,13.1,0.0,3.9,1,80,22.7,45788,101649,Gabriel,dos Santos Magalhães,Gabriel,2,1,226597,Arsenal,ARS,4,5,0,0,0,0
5,2026/27,5,59,0,0,0,3,0,0,0,0,0,0,0,-6,4.2,2.3,0.0,0.7,0,65,0.5,23944,6887,Jurriën,Timber,J.Timber,2,1,445122,Arsenal,ARS,4,5,0,0,0,0
6,2026/27,5,0,0,0,0,0,0,0,0,0,0,0,0,0,0.0,0.0,0.0,0.0,0,59,0.2,522,1363,William,Saliba,Saliba,2,1,462424,Arsenal,ARS,4,5,0,0,0,0
7,2026/27,5,0,0,0,0,0,0,0,0,0,0,0,0,0,0.0,0.0,0.0,0.0,0,54,0.6,1732,6401,Myles,Lewis-Skelly,Lewis-Skelly,3,1,499169,Arsenal,ARS,4,5,0,0,0,0
8,2026/27,5,90,0,0,0,3,0,0,0,0,0,0,0,-3,11.2,23.7,20.0,5.5,1,59,50.9,150962,86848,Riccardo,Calafiori,Calafiori,2,1,466075,Arsenal,ARS,4,5,0,0,0,0
9,2026/27,5,0,0,0,0,0,0,0,0,0,0,0,0,0,0.0,0.0,0.0,0.0,0,52,0.9,2211,7112,Piero,Hincapié,Hincapie,2,1,448104,Arsenal,ARS,4,5,0,0,0,0
10,2026/27,5,0,0,0,0,0,0,0,0,0,0,0,0,0,0.0,0.0,0.0,0.0,0,55,4.6,3950,99727,Benjamin,White,White,2,1,198869,Arsenal,ARS,4,5,0,0,0,0
11,2026/27,5,0,0,0,0,0,0,0,0,0,0,0,0,0,0.0,0.0,0.0,0.0,0,53,1.6,2956,14592,Cristhian,Mosquera,Mosquera,2,1,500040,Arsenal,ARS,4,5,0,0,0,0
12,2026/27,5,80,0,0,0,3,0,0,0,0,0,0,0,14,15.8,46.8,36.0,9.9,2,96,15.5,304055,68164,Bukayo,Saka,Saka,3,1,223340,Arsenal,ARS,4,5,0,0,0,0
13,2026/27,5,90,0,0,0,3,0,0,0,1,0,0,0,13,10.6,18.1,1.0,3.0,1,74,11.0,8639,137432,Declan,Rice,Rice,3,1,204480,Arsenal,ARS,4,5,0,0,0,0
14,2026/27,5,17,0,0,0,0,0,0,0,0,0,0,0,5,1.2,2.1,4.0,0.7,1,62,1.0,5964,8713,Eberechi,Eze,Eze,3,1,232413,Arsenal,ARS,4,5,0,0,0,0
15,2026/27,5,72,0,0,0,3,0,0,0,0,0,0,0,10,0.0,6.2,5.0,1.1,2,68,20.0,150212,136964,Martin,Ødegaard,Ødegaard,3,1,184029,Arsenal,ARS,4,5,0,0,0,0
16,2026/27,5,0,0,0,0,0,0,0,0,0,0,0,0,0,0.0,0.0,0.0,0.0,0,62,0.2,1042,1877,Noni,Madueke,Madueke,3,1,248857,Arsenal,ARS,4,5,0,0,0,0
17,2026/27,5,30,0,0,0,0,0,0,0,0,0,0,0,4,3.4,0.8,2.0,0.6,1,57,0.4,2251,3536,Mikel,Merino Zazón,Merino,3,1,195384,Arsenal,ARS,4,5,0,0,0,0
18,2026/27,5,0,0,0,0,0,0,0,0,0,0,0,0,0,0.0,0.0,0.0,0.0,0,63,0.1,0,701,Gabriel,Martinelli Silva,Martinelli,3,1,444145,Arsenal,ARS,4,5,0,0,0,0
19,2026/27,5,30,0,0,0,0,0,0,0,0,0,0,0,2,0.0,0.8,18.0,1.9,1,53,0.6,662,4836,Martín,Zubimendi Ibáñez,Zubimendi,3,1,481655,Arsenal,ARS,4,5,0,0,0,0
20,2026/27,5,9,0,0,0,0,0,0,0,0,0,0,0,4,2.0,14.8,0.0,1.7,1,53,0.1,506,834,Max,Dowman,Dowman,3,1,616077,Arsenal,ARS,4,5,0,0,0,0
21,2026/27,5,0,0,0,0,0,0,0,0,0,0,0,0,0,0.0,0.0,0.0,0.0,0,48,0.0,88,496,Christian,Nørgaard,Nørgaard,3,9,128295,Everton,EVE,3,3,0,0,0,0
22,2026/27,5,0,0,0,0,0,0,0,0,0,0,0,0,0,0.0,0.0,0.0,0.0,0,54,0.0,0,61,Ethan,Nwaneri,Nwaneri,3,1,499175,Arsenal,ARS,4,5,0,0,0,0
23,2026/27,5,0,0,0,0,0,0,0,0,0,0,0,0,0,0.0,0.0,0.0,0.0,0,55,0.0,0,46,Fábio,Ferreira Vieira,Fábio Vieira,3,1,438098,Arsenal,ARS,4,5,0,0,0,0
24,2026/27,5,0,0,0,0,0,0,0,0,0,0,0,0,0,0.0,0.0,0.0,0.0,0,55,0.0,0,28,Reiss,Nelson,Nelson,3,1,200641,Arsenal,ARS,4,5,0,0,0,0
25,2026/27,5,17,0,0,0,0,0,0,0,0,0,0,0,5,0.0,14.6,0.0,1.4,1,71,3.6,58982,24570,Viktor,Gyökeres,Gyökeres,4,1,224117,Arsenal,ARS,4,5,0,0,0,0
26,2026/27,5,90,0,0,0,3,0,0,0,0,0,0,0,5,5.2,5.3,28.0,3.9,2,76,7.4,53137,143798,Kai,Havertz,Havertz,4,1,219847,Arsenal,ARS,4,5,0,0,0,0
27,2026/27,5,0,0,0,0,0,0,0,0,0,0,0,0,0,0.0,0.0,0.0,0.0,0,59,0.1,0,1198,Gabriel,Fernando de Jesus,G.Jesus,4,1,205651,Arsenal,ARS,4,5,0,0,0,0
28,2026/27,5,90,0,0,0,3,0,0,0,0,0,3,0,7,26.0,10.0,0.0,3.6,2,50,4.7,13016,29580,Emiliano,Martínez Romero,Martinez,1,6,98980,Chelsea,CHE,4,4,0,0,0,0
29,2026/27,5,0,0,0,0,0,0,0,0,0,0,0,0,0,0.0,0.0,0.0,0.0,0,45,0.1,92,1365,Marco,Bizot,M.Bizot,1,2,72147,Aston Villa,AVL,3,3,0,0,0,0
30,2026/27,5,0,0,0,0,0,0,0,0,0,0,0,0,0,0.0,0.0,0.0,0.0,0,45,0.0,0,296,Lucas,Digne,Digne,2,2,101188,Aston Villa,AVL,3,3,0,0,0,0
31,2026/27,5,90,0,0,0,3,0,0,0,0,0,0,0,2,10.6,12.3,10.0,3.3,1,46,18.3,113440,165784,Ezri,Konsa Ngoyo,Konsa,2,1,199798,Arsenal,ARS,4,5,0,0,0,0
32,2026/27,5,45,0,0,0,2,0,0,0,1,0,0,0,-7,4.0,3.1,0.0,0.7,-1,44,4.7,4393,39181,Matty,Cash,Cash,2,2,199796,Aston Villa,AVL,3,3,0,0,0,0
33,2026/27,5,90,0,0,0,2,0,0,0,0,0,0,0,10,27.4,0.6,0.0,2.8,3,45,0.4,3356,2223,Tyrone,Mings,Mings,2,2,149484,Aston Villa,AVL,3,3,0,0,0,0
34,2026/27,5,0,0,0,0,0,0,0,0,0,0,0,0,0,0.0,0.0,0.0,0.0,0,44,0.3,67,4465,Pau,Torres,Pau,2,2,244954,Aston Villa,AVL,3,3,0,0,0,0
35,2026/27,5,0,0,0,0,0,0,0,0,0,0,0,0,0,0.0,0.0,0.0,0.0,0,49,0.1,218,558,Lamare,Bogarde,Bogarde,3,2,515597,Aston Villa,AVL,3,3,0,0,0,0
36,2026/27,5,0,0,0,0,0,0,0,0,0,0,0,0,0,0.0,0.0,0.0,0.0,0,44,0.5,64,9925,Ian,Maatsen,Maatsen,2,2,441302,Aston Villa,AVL,3,3,0,0,0,0
37,2026/27,5,90,0,0,0,2,0,0,0,0,0,0,0,1,18.8,10.0,0.0,2.9,1,45,0.3,2085,2120,Victor,Lindelöf,Lindelöf,2,2,184667,Aston Villa,AVL,3,3,0,0,0,0
38,2026/27,5,0,0,0,0,0,0,0,0,0,0,0,0,0,0.0,0.0,0.0,0.0,0,40,1.5,2366,8553,Andrés,García,A.García,2,2,606798,Aston Villa,AVL,3,3,0,0,0,0
39,2026/27,5,0,0,0,0,0,0,0,0,0,0,0,0,0,0.0,0.0,0.0,0.0,0,40,0.1,0,790,Kosta,Nedeljkovic,Nedeljkovic,2,2,578545,Aston Villa,AVL,3,3,0,0,0,0
40,2026/27,5,90,0,0,0,3,0,0,0,0,0,0,0,17,10.0,20.6,30.0,6.1,2,78,41.7,305769,100493,Morgan,Rogers,Rogers,3,6,244850,Chelsea,CHE,4,4,0,0,0,0
41,2026/27,5,90,1,0,0,2,0,0,0,0,0,0,3,50,61.0,36.3,35.0,13.2,12,59,1.1,23053,7971,Emiliano,Buendía Stati,Buendía,3,2,195546,Aston Villa,AVL,3,3,0,0,0,0
42,2026/27,5,0,0,0,0,0,0,0,0,0,0,0,0,0,0.0,0.0,0.0,0.0,0,54,0.0,138,335,Evann,Guessand,Guessand,3,8,485337,Crystal Palace,CRY,2,3,0,0,0,0
43,2026/27,5,90,0,0,0,1,0,0,0,0,0,0,0,22,18.2,22.3,6.0,4.7,4,58,1.4,4587,14404,Youri,Tielemans,Tielemans,3,16,166989,Man Utd,MUN,4,4,0,0,0,0
44,2026/27,5,0,0,0,0,0,0,0,0,0,0,0,0,0,0.0,0.0,0.0,0.0,0,54,0.0,0,637,Leon,Bailey,Bailey,3,2,215711,Aston Villa,AVL,3,3,0,0,0,0
45,2026/27,5,83,0,1,1,0,0,0,0,0,0,0,0,19,23.0,33.5,0.0,5.7,6,54,2.2,12680,15139,John,McGinn,McGinn,3,2,122806,Aston Villa,AVL,3,3,0,0,0,0
46,2026/27,5,6,0,0,0,2,0,0,0,0,0,0,0,3,0.6,0.8,0.0,0.1,1,50,0.2,760,2596,Ross,Barkley,Barkley,3,2,88894,Aston Villa,AVL,3,3,0,0,0,0
47,2026/27,5,83,0,1,1,0,0,0,0,0,0,0,0,26,21.0,13.2,4.0,3.8,6,50,0.3,1906,2340,Boubacar,Kamara,Kamara,3,2,226944,Aston Villa,AVL,3,3,0,0,0,0
48,2026/27,5,0,0,0,0,0,0,0,0,0,0,0,0,0,0.0,0.0,0.0,0.0,0,49,0.0,71,127,Amadou,Onana,Onana,3,2,449871,Aston Villa,AVL,3,3,0,0,0,0
49,2026/27,5,0,0,0,0,0,0,0,0,0,0,0,0,0,0.0,0.0,0.0,0.0,0,50,0.0,0,12,Samuel,Iling-Junior,Iling Jr,3,2,469247,Aston Villa,AVL,3,3,0,0,0,0
50,2026/27,5,0,0,0,0,0,0,0,0,0,0,0,0,0,0.0,0.0,0.0,0.0,0,45,0.5,779,4603,Bradley,Burrowes,Burrowes,3,2,645618,Aston Villa,AVL,3,3,0,0,0,0
51,2026/27,5,18,0,0,0,2,0,0,0,0,0,0,0,2,0.0,1.2,0.0,0.0,1,45,1.1,4324,14885,George,Hemmings,George Hemmings,3,2,577285,Aston Villa,AVL,3,3,0,0,0,0
52,2026/27,5,0,0,0,0,0,0,0,0,0,0,0,0,0,0.0,0.0,0.0,0.0,0,50,0.0,76,1033,Alysson Edward Franco,da Rocha dos Santos,Alysson,3,2,653481,Aston Villa,AVL,3,3,0,0,0,0
53,2026/27,5,71,1,1,1,0,0,0,0,0,0,0,2,45,63.2,25.8,60.0,14.9,13,59,0.6,46967,6278,Johan,Manzambi,Manzambi,3,2,614071,Aston Villa,AVL,3,3,0,0,0,0
54,2026/27,5,90,0,0,0,2,0,0,0,0,0,0,0,13,22.6,13.8,0.0,3.6,4,55,0.0,645,282,Joao,Gomes,Gomes,3,2,448089,Aston Villa,AVL,3,3,0,0,0,0
55,2026/27,5,0,0,0,0,0,0,0,0,0,0,0,0,0,0.0,0.0,0.0,0.0,0,78,2.4,0,16290,Ollie,Watkins,Watkins,4,2,178301,Aston Villa,AVL,3,3,0,0,0,0
56,2026/27,5,2,0,0,0,1,0,0,0,0,0,0,0,3,0.0,2.4,0.0,0.2,1,55,0.2,2633,2416,Tammy,Abraham,Abraham,4,2,173879,Aston Villa,AVL,3,3,0,0,0,0
57,2026/27,5,90,0,0,0,1,0,0,0,0,0,2,0,12,18.2,0.0,0.0,1.8,2,45,2.9,10231,19044,Đorđe,Petrović,Petrović,1,3,457569,Bournemouth,BOU,3,3,0,0,0,0
58,2026/27,5,0,0,0,0,0,0,0,0,0,0,0,0,0,0.0,0.0,0.0,0.0,0,40,3.5,13484,11395,Fraser,Forster,Forster,1,3,40383,Bournemouth,BOU,3,3,0,0,0,0
59,2026/27,5,0,0,0,0,0,0,0,0,0,0,0,0,0,0.0,0.0,0.0,0.0,0,40,0.1,0,874,Will,Dennis,Dennis,1,3,444172,Bournemouth,BOU,3,3,0,0,0,0
60,2026/27,5,90,0,0,0,1,0,0,0,0,0,0,0,15,43.6,5.1,0.0,4.9,4,55,0.8,5129,4680,James,Hill,Hill,2,3,463981,Bournemouth,BOU,3,3,0,0,0,0
61,2026/27,5,90,0,0,0,1,0,0,0,0,0,0,0,6,12.6,11.8,5.0,2.9,2,54,3.0,7888,19087,Adrien,Truffert,Truffert,2,3,494521,Bournemouth,BOU,3,3,0,0,0,0
62,2026/27,5,0,0,0,0,0,0,0,0,0,0,0,0,0,0.0,0.0,0.0,0.0,0,49,0.2,608,1213,Bafodé,Diakité,Diakité,2,3,242882,Bournemouth,BOU,3,3,0,0,0,0
63,2026/27,5,0,0,0,0,0,0,0,0,0,0,0,0,0,0.0,0.0,0.0,0.0,0,49,0.0,55,85,Veljko,Milosavljevic,Milosavljević,2,3,620487,Bournemouth,BOU,3,3,0,0,0,0
64,2026/27,5,74,0,0,0,1,0,0,0,0,0,0,0,3,0.0,0.8,0.0,0.0,2,45,0.1,700,760,Adam,Smith,Smith,2,3,54469,Bournemouth,BOU,3,3,0,0,0,0
65,2026/27,5,0,0,0,0,0,0,0,0,0,0,0,0,0,0.0,0.0,0.0,0.0,0,44,0.0,64,90,Julián,Araujo Zúñiga,J.Araujo,2,3,436893,Bournemouth,BOU,3,3,0,0,0,0
66,2026/27,5,0,0,0,0,0,0,0,0,0,0,0,0,0,0.0,0.0,0.0,0.0,0,40,0.3,1004,1529,Julio,Soler Barreto,Soler,2,3,575901,Bournemouth,BOU,3,3,0,0,0,0
67,2026/27,5,87,0,0,0,1,0,0,0,0,0,0,0,17,8.4,16.9,8.0,3.3,2,63,1.5,7367,14442,Rayan Vitor,Simplício Rocha,Rayan,3,3,499604,Bournemouth,BOU,3,3,0,0,0,0
68,2026/27,5,74,0,0,0,1,0,0,0,0,0,0,0,14,10.8,19.1,4.0,3.4,2,61,7.0,136781,73492,Marcus,Tavernier,Tavernier,3,3,201658,Bournemouth,BOU,3,3,0,0,0,0
69,2026/27,5,90,0,0,0,1,0,0,0,0,0,0,0,17,8.2,40.5,13.0,6.2,2,61,5.0,26658,122749,Alex,Scott,Scott,3,3,503139,Bournemouth,BOU,3,3,0,0,0,0
70,2026/27,5,0,0,0,0,0,0,0,0,0,0,0,0,0,0.0,0.0,0.0,0.0,0,60,0.8,2351,28600,Justin,Kluivert,Kluivert,3,3,222683,Bournemouth,BOU,3,3,0,0,0,0
71,2026/27,5,15,0,0,0,0,0,0,0,0,0,0,0,3,2.8,0.3,0.0,0.3,1,50,0.2,363,1580,Lewis,Cook,Cook,3,3,155408,Bournemouth,BOU,3,3,0,0,0,0
72,2026/27,5,2,0,0,0,0,0,0,0,0,0,0,0,3,0.2,0.8,2.0,0.3,1,49,0.1,200,557,Ben,Gannon-Doak,Gannon-Doak,3,3,496208,Bournemouth,BOU,3,3,0,0,0,0
73,2026/27,5,87,0,0,0,1,0,0,0,0,0,0,0,13,15.4,12.9,0.0,2.8,4,50,0.3,1699,2228,Tyler,Adams,Adams,3,3,200785,Bournemouth,BOU,3,3,0,0,0,0
74,2026/27,5,15,0,0,0,0,0,0,0,0,0,0,0,4,5.0,21.7,0.0,2.7,1,50,0.1,272,472,David,Brooks,Brooks,3,3,111317,Bournemouth,BOU,3,3,0,0,0,0
75,2026/27,5,74,0,0,0,1,0,0,0,0,0,0,0,0,0.0,2.4,27.0,2.4,2,50,0.0,578,356,Ryan,Christie,Christie,3,3,158499,Bournemouth,BOU,3,3,0,0,0,0
76,2026/27,5,2,0,0,0,0,0,0,0,0,0,0,0,3,0.2,0.1,0.0,0.0,1,49,0.0,41,79,Alex,Tóth,Tóth.A,3,3,614574,Bournemouth,BOU,3,3,0,0,0,0
77,2026/27,5,0,0,0,0,0,0,0,0,0,0,0,0,0,0.0,0.0,0.0,0.0,0,49,0.0,38,98,Amine,Adli,Adli,3,3,489888,Bournemouth,BOU,3,3,0,0,0,0
78,2026/27,5,0,0,0,0,0,0,0,0,0,0,0,0,0,0.0,0.0,0.0,0.0,0,74,0.2,264,1113,Junior,Kroupi,Kroupi.Jr,3,3,560262,Bournemouth,BOU,3,3,0,0,0,0
79,2026/27,5,90,0,0,0,1,0,0,0,0,0,0,0,12,11.0,3.4,50.0,6.4,2,60,3.3,33530,31109,Francisco Evanilson,de Lima Barbosa,Evanilson,4,3,444102,Bournemouth,BOU,3,3,0,0,0,0
80,2026/27,5,0,0,0,0,0,0,0,0,0,0,0,0,0,0.0,0.0,0.0,0.0,0,55,0.0,0,66,Enes,Ünal,Enes Ünal,4,3,168636,Bournemouth,BOU,3,3,0,0,0,0
81,2026/27,5,0,0,0,0,0,0,0,0,0,0,0,0,0,0.0,0.0,0.0,0.0,0,60,0.1,1200,927,Álvaro,Rodríguez,Rodríguez,4,3,561245,Bournemouth,BOU,3,3,0,0,0,0
82,2026/27,5,90,0,0,1,0,0,0,0,0,0,2,0,27,16.4,0.0,0.0,1.6,6,50,6.1,30178,23213,Caoimhín,Kelleher,Kelleher,1,4,200720,Brentford,BRE,3,3,0,0,0,0
83,2026/27,5,0,0,0,0,0,0,0,0,0,0,0,0,0,0.0,0.0,0.0,0.0,0,45,0.1,415,494,Hákon Rafn,Valdimarsson,Valdimarsson,1,4,507433,Brentford,BRE,3,3,0,0,0,0
84,2026/27,5,0,0,0,0,0,0,0,0,0,0,0,0,0,0.0,0.0,0.0,0.0,0,54,0.9,149,13679,Nathan,Collins,Collins,2,4,432830,Brentford,BRE,3,3,0,0,0,0
85,2026/27,5,0,0,0,0,0,0,0,0,0,0,0,0,0,0.0,0.0,0.0,0.0,0,49,0.1,60,489,Sepp,van den Berg,Van den Berg,2,4,444765,Brentford,BRE,3,3,0,0,0,0
86,2026/27,5,80,0,0,1,0,0,0,0,0,0,0,0,15,19.0,15.1,24.0,5.8,3,55,1.6,5634,17569,Keane,Lewis-Potter,Lewis-Potter,3,4,249231,Brentford,BRE,3,3,0,0,0,0
87,2026/27,5,90,0,0,1,0,0,0,0,0,0,0,1,29,19.4,11.3,4.0,3.5,7,45,3.8,20840,37037,Kristoffer,Ajer,Ajer,2,4,191866,Brentford,BRE,3,3,0,0,0,0
88,2026/27,5,68,0,0,1,0,0,0,0,0,0,0,0,20,2.6,1.0,0.0,0.4,6,46,7.6,26178,33960,Michael,Kayode,Kayode,2,4,607464,Brentford,BRE,3,3,0,0,0,0
89,2026/27,5,0,0,0,0,0,0,0,0,0,0,0,0,0,0.0,0.0,0.0,0.0,0,44,0.2,213,849,Rico,Henry,Henry,2,4,194010,Brentford,BRE,3,3,0,0,0,0
90,2026/27,5,21,0,0,0,0,0,0,0,0,0,0,0,5,11.2,0.3,0.0,1.2,1,45,0.1,271,372,Aaron,Hickey,Hickey,2,4,472713,Brentford,BRE,3,3,0,0,0,0
91,2026/27,5,90,0,0,1,0,0,0,0,0,0,0,0,24,50.8,0.3,0.0,5.1,8,45,0.1,675,384,Ethan,Pinnock,Pinnock,2,7,231065,Coventry City,COV,2,2,0,0,0,0
92,2026/27,5,0,0,0,0,0,0,0,0,0,0,0,0,0,0.0,0.0,0.0,0.0,0,44,0.0,80,109,Kim,Ji-soo,Ji-soo,2,4,570241,Brentford,BRE,3,3,0,0,0,0
93,2026/27,5,90,0,1,1,0,0,0,0,0,0,0,3,43,53.0,10.8,4.0,6.8,14,45,0.5,29279,4600,Jannik,Schuster,Schuster,2,4,513086,Brentford,BRE,3,3,0,0,0,0
94,2026/27,5,90,0,2,1,0,0,0,0,0,0,0,0,27,11.4,3.5,31.0,4.6,9,62,13.8,637758,56338,Kevin,Schade,Schade,3,4,513418,Brentford,BRE,3,3,0,0,0,0
95,2026/27,5,9,0,0,0,0,0,0,0,0,0,0,0,2,0.2,0.0,0.0,0.0,1,63,0.4,1356,5450,Dango,Ouattara,O.Dango,3,4,533463,Brentford,BRE,3,3,0,0,0,0
96,2026/27,5,86,0,0,1,0,0,0,0,0,0,0,0,15,13.2,23.2,5.0,4.1,3,54,0.4,1926,4673,Mikkel,Damsgaard,Damsgaard,3,4,440089,Brentford,BRE,3,3,0,0,0,0
97,2026/27,5,0,0,0,0,0,0,0,0,0,0,0,0,0,0.0,0.0,0.0,0.0,0,54,0.1,23,910,Mathias,Jensen,Jensen,3,4,207283,Brentford,BRE,3,3,0,0,0,0
98,2026/27,5,90,0,0,1,0,0,0,0,0,0,0,0,13,18.0,5.8,2.0,2.6,3,50,2.5,29062,27030,Vitaly,Janelt,Janelt,3,4,204580,Brentford,BRE,3,3,0,0,0,0
99,2026/27,5,0,0,0,0,0,0,0,0,0,0,0,0,0,0.0,0.0,0.0,0.0,0,50,0.0,12,10,Antoni,Milambo,Milambo,3,4,543295,Brentford,BRE,3,3,0,0,0,0
100,2026/27,5,3,1,0,0,0,0,0,0,0,0,0,0,23,33.2,0.3,33.0,6.7,6,50,0.0,780,227,Fábio,Freitas Gouveia Carvalho,Carvalho,3,4,244858,Brentford,BRE,3,3,0,0,0,0
101,2026/27,5,90,0,0,0,3,0,0,0,0,0,0,0,16,16.6,10.4,0.0,2.7,2,49,0.0,670,213,Jordan,Henderson,Henderson,3,6,56979,Chelsea,CHE,4,4,0,0,0,0
102,2026/27,5,68,0,0,1,0,0,0,0,0,0,0,0,19,23.4,21.0,7.0,5.1,3,48,0.6,2125,5630,Yehor,Yarmoliuk,Yarmoliuk,3,4,508395,Brentford,BRE,3,3,0,0,0,0
103,2026/27,5,0,0,0,0,0,0,0,0,0,0,0,0,0,0.0,0.0,0.0,0.0,0,49,0.0,16,150,Josh,Dasilva,Dasilva,3,4,183656,Brentford,BRE,3,3,0,0,0,0
104,2026/27,5,90,0,0,1,0,0,0,0,0,0,0,0,10,9.2,1.8,0.0,1.1,3,49,0.1,238,679,Frank,Onyeka,Onyeka,3,7,428580,Coventry City,COV,2,2,0,0,0,0
105,2026/27,5,80,1,0,1,0,0,0,0,0,0,0,2,31,36.6,11.0,37.0,8.5,10,59,0.2,3632,935,Jaidon,Anthony,Anthony,3,4,444180,Brentford,BRE,3,3,0,0,0,0
106,2026/27,5,90,1,0,1,0,0,0,0,1,0,0,0,26,28.2,16.0,30.0,7.4,5,78,9.4,103209,59005,Igor Thiago,Nascimento Rodrigues,Thiago,4,4,502500,Brentford,BRE,3,3,0,0,0,0
107,2026/27,5,0,0,0,0,0,0,0,0,0,0,0,0,0,0.0,0.0,0.0,0.0,0,45,0.8,1149,12805,Kaye,Furo,Furo,4,4,593174,Brentford,BRE,3,3,0,0,0,0
108,2026/27,5,0,0,0,0,0,0,0,0,0,0,0,0,0,0.0,0.0,0.0,0.0,0,54,0.3,1733,3191,Callum,Wilson,Wilson,4,4,75115,Brentford,BRE,3,3,0,0,0,0
109,2026/27,5,90,0,0,1,0,0,0,0,0,0,2,0,27,20.0,0.0,0.0,2.0,6,45,21.5,115860,129605,Bart,Verbruggen,Verbruggen,1,5,489639,Brighton,BHA,3,4,0,0,0,0
110,2026/27,5,90,0,1,1,0,0,0,0,0,0,2,2,38,29.0,10.0,0.0,3.9,11,45,0.7,3975,8371,Carl,Rushworth,Rushworth,1,7,472739,Coventry City,COV,2,2,0,0,0,0
111,2026/27,5,0,0,0,0,0,0,0,0,0,0,0,0,0,0.0,0.0,0.0,0.0,0,40,4.1,11516,23272,Jason,Steele,Steele,1,5,49262,Brighton,BHA,3,4,0,0,0,0
112,2026/27,5,90,1,0,0,3,0,0,0,1,0,0,0,17,62.0,30.4,17.0,10.9,6,49,6.1,28219,75606,Jan Paul,van Hecke,Van Hecke,2,19,469142,Spurs,TOT,2,3,0,0,0,0
113,2026/27,5,75,0,0,1,0,0,0,0,1,0,0,0,18,9.4,13.5,5.0,2.8,5,44,1.5,7104,12012,Ferdi,Kadıoğlu,F.Kadıoğlu,2,5,231416,Brighton,BHA,3,4,0,0,0,0
114,2026/27,5,90,0,0,1,0,0,0,0,0,0,0,0,24,13.0,5.2,2.0,2.0,6,45,0.3,4125,1471,Olivier,Boscagli,Boscagli,2,5,204120,Brighton,BHA,3,4,0,0,0,0
115,2026/27,5,90,0,0,1,0,0,0,0,1,0,0,1,30,14.6,33.8,4.0,5.2,6,50,29.4,478970,41522,Maxim,De Cuyper,De Cuyper,2,5,465730,Brighton,BHA,3,4,0,0,0,0
116,2026/27,5,0,0,0,0,0,0,0,0,0,0,0,0,0,0.0,0.0,0.0,0.0,0,45,1.5,9581,16139,Lewis,Dunk,Dunk,2,5,83299,Brighton,BHA,3,4,0,0,0,0
117,2026/27,5,0,0,0,0,0,0,0,0,0,0,0,0,0,0.0,0.0,0.0,0.0,0,45,0.0,151,129,Diego,Coppola,Coppola,2,5,550090,Brighton,BHA,3,4,0,0,0,0
118,2026/27,5,0,0,0,0,0,0,0,0,0,0,0,0,0,0.0,0.0,0.0,0.0,0,45,0.0,0,395,Igor Julio,dos Santos de Paulo,Igor,2,5,223434,Brighton,BHA,3,4,0,0,0,0
119,2026/27,5,14,0,0,0,0,0,0,0,0,0,0,0,2,1.2,3.0,0.0,0.4,1,45,0.0,249,178,João Pedro,Loureiro da Costa,Costinha,2,5,451490,Brighton,BHA,3,4,0,0,0,0
120,2026/27,5,4,0,0,0,0,0,0,0,0,0,0,0,5,2.4,0.0,0.0,0.2,1,50,0.1,1514,582,Michael,Svoboda,Svoboda,2,5,454490,Brighton,BHA,3,4,0,0,0,0
121,2026/27,5,0,0,0,0,0,0,0,0,0,0,0,0,0,0.0,0.0,0.0,0.0,0,59,0.0,168,222,Mitoma,Kaoru,Mitoma,3,5,451340,Brighton,BHA,3,4,0,0,0,0
122,2026/27,5,0,0,0,0,0,0,0,0,0,0,0,0,0,0.0,0.0,0.0,0.0,0,58,0.0,59,296,Yankuba,Minteh,Minteh,3,5,592031,Brighton,BHA,3,4,0,0,0,0
123,2026/27,5,0,0,0,0,0,0,0,0,0,0,0,0,0,0.0,0.0,0.0,0.0,0,59,0.5,458,9036,Jack,Hinshelwood,Hinshelwood,3,5,532529,Brighton,BHA,3,4,0,0,0,0
124,2026/27,5,90,1,1,1,0,0,0,0,0,0,0,3,47,58.4,30.3,16.0,10.5,14,59,32.4,1144037,23635,Pascal,Groß,Groß,3,5,60307,Brighton,BHA,3,4,0,0,0,0
125,2026/27,5,14,0,0,0,0,0,0,0,0,0,0,0,2,0.4,0.3,4.0,0.5,1,53,0.5,4047,5865,Georginio,Rutter,Georginio,4,5,463067,Brighton,BHA,3,4,0,0,0,0
126,2026/27,5,4,0,0,0,0,0,0,0,0,0,0,0,2,6.0,0.0,19.0,2.5,1,54,0.1,535,696,Matt,O'Riley,O'Riley,3,5,219249,Brighton,BHA,3,4,0,0,0,0
127,2026/27,5,85,0,1,1,0,0,0,0,0,0,0,0,19,29.0,22.6,4.0,5.6,8,50,3.8,18854,59954,Diego,Gómez Amarilla,Gomez,3,5,514254,Brighton,BHA,3,4,0,0,0,0
128,2026/27,5,0,0,0,0,0,0,0,0,0,0,0,0,0,0.0,0.0,0.0,0.0,0,50,0.0,0,10,Facundo,Buonanotte,Buonanotte,3,5,536916,Brighton,BHA,3,4,0,0,0,0
129,2026/27,5,90,0,0,1,0,0,0,0,0,0,0,0,7,5.6,12.3,17.0,3.5,3,54,0.4,3919,3118,Yasin,Ayari,Ayari,3,5,509416,Brighton,BHA,3,4,0,0,0,0
130,2026/27,5,0,0,0,0,0,0,0,0,0,0,0,0,0,0.0,0.0,0.0,0.0,0,49,0.2,37,2699,Mats,Wieffer,Wieffer,2,5,467779,Brighton,BHA,3,4,0,0,0,0
131,2026/27,5,0,0,0,0,0,0,0,0,0,0,0,0,0,0.0,0.0,0.0,0.0,0,49,0.1,2631,1054,Carlos,Baleba,Baleba,3,16,535301,Man Utd,MUN,4,4,0,0,0,0
132,2026/27,5,0,0,0,0,0,0,0,0,0,0,0,0,0,0.0,0.0,0.0,0.0,0,45,0.0,0,290,Harry,Howell,Howell,3,5,597320,Brighton,BHA,3,4,0,0,0,0
133,2026/27,5,0,0,0,0,0,0,0,0,0,0,0,0,0,0.0,0.0,0.0,0.0,0,50,0.0,0,6,Tom,Watson,Watson,3,5,549074,Brighton,BHA,3,4,0,0,0,0
134,2026/27,5,0,0,0,0,0,0,0,0,0,0,0,0,0,0.0,0.0,0.0,0.0,0,45,0.2,445,1856,Nehemiah,Oriola,Oriola,3,5,556637,Brighton,BHA,3,4,0,0,0,0
135,2026/27,5,0,0,0,0,0,0,0,0,0,0,0,0,0,0.0,0.0,0.0,0.0,0,48,0.0,30,544,Zadok,Yohanna,Yohanna,3,5,700308,Brighton,BHA,3,4,0,0,0,0
136,2026/27,5,70,0,0,0,1,0,0,0,0,0,0,0,8,7.2,21.8,8.0,3.7,2,59,1.0,14206,14234,Danny,Welbeck,Welbeck,4,6,50175,Chelsea,CHE,4,4,0,0,0,0
137,2026/27,5,0,0,0,0,0,0,0,0,0,0,0,0,0,0.0,0.0,0.0,0.0,0,54,0.0,49,73,Stefanos,Tzimas,Tzimas,4,5,608181,Brighton,BHA,3,4,0,0,0,0
138,2026/27,5,75,1,1,1,0,0,0,0,1,0,0,2,40,48.2,11.3,38.0,9.8,10,56,6.4,532072,39096,Charalampos,Kostoulas,Kostoulas,4,5,647850,Brighton,BHA,3,4,0,0,0,0
139,2026/27,5,0,0,0,0,0,0,0,0,0,0,0,0,0,0.0,0.0,0.0,0.0,0,50,0.0,183,320,Evan,Ferguson,Ferguson,4,5,487117,Brighton,BHA,3,4,0,0,0,0
140,2026/27,5,0,0,0,0,0,0,0,0,0,0,0,0,0,0.0,0.0,0.0,0.0,0,49,0.7,0,6779,Robert,Lynch Sánchez,Sánchez,1,6,215059,Chelsea,CHE,4,4,0,0,0,0
141,2026/27,5,0,0,0,0,0,0,0,0,0,0,0,0,0,0.0,0.0,0.0,0.0,0,50,0.0,0,36,Filip,Jörgensen,Jörgensen,1,6,508479,Chelsea,CHE,4,4,0,0,0,0
142,2026/27,5,0,0,0,0,0,0,0,0,0,0,0,0,0,0.0,0.0,0.0,0.0,0,53,5.5,1142,107354,Reece,James,James,2,6,225796,Chelsea,CHE,4,4,0,0,0,0
143,2026/27,5,0,0,0,0,0,0,0,0,0,0,0,0,0,0.0,0.0,0.0,0.0,0,55,0.1,0,396,Trevoh,Chalobah,Chalobah,2,6,180736,Chelsea,CHE,4,4,0,0,0,0
144,2026/27,5,0,0,0,0,0,0,0,0,0,0,0,0,0,0.0,0.0,0.0,0.0,0,49,0.9,2268,8710,Malo,Gusto,Gusto,2,6,482609,Chelsea,CHE,4,4,0,0,0,0
145,2026/27,5,70,0,0,0,1,0,0,0,0,0,0,0,11,22.8,0.8,0.0,2.4,4,50,0.2,4288,1764,Wesley,Fofana,Fofana,2,6,444463,Chelsea,CHE,4,4,0,0,0,0
146,2026/27,5,0,0,0,0,0,0,0,0,0,0,0,0,0,0.0,0.0,0.0,0.0,0,45,0.0,0,57,Benoît,Badiashile Mukinayi,B.Badiashile,2,6,242880,Chelsea,CHE,4,4,0,0,0,0
147,2026/27,5,0,0,0,0,0,0,0,0,0,0,0,0,0,0.0,0.0,0.0,0.0,0,44,0.1,156,751,Tosin,Adarabioyo,Tosin,2,19,109646,Spurs,TOT,2,3,0,0,0,0
148,2026/27,5,0,0,0,0,0,0,0,0,0,0,0,0,0,0.0,0.0,0.0,0.0,0,45,0.8,1452,10832,Jorrel,Hato,Hato,2,6,551210,Chelsea,CHE,4,4,0,0,0,0
149,2026/27,5,90,0,0,0,3,0,0,0,0,0,0,0,1,15.6,2.4,2.0,2.0,1,48,0.9,2066,7847,Levi,Samuels Colwill,Colwill,2,6,460028,Chelsea,CHE,4,4,0,0,0,0
150,2026/27,5,0,0,0,0,0,0,0,0,0,0,0,0,0,0.0,0.0,0.0,0.0,0,45,0.0,0,231,Mamadou,Sarr,M.Sarr,2,6,574458,Chelsea,CHE,4,4,0,0,0,0
151,2026/27,5,19,0,0,0,2,0,0,0,0,0,0,0,-4,1.4,1.4,0.0,0.3,0,45,0.3,611,2697,Josh,Acheampong,Acheampong,2,6,577016,Chelsea,CHE,4,4,0,0,0,0
152,2026/27,5,0,0,0,0,0,0,0,0,0,0,0,0,0,0.0,0.0,0.0,0.0,0,53,0.6,642,6370,Marco,Palestra,Palestra,2,6,620109,Chelsea,CHE,4,4,0,0,0,0
153,2026/27,5,0,0,0,0,0,0,0,0,0,0,0,0,0,0.0,0.0,0.0,0.0,0,45,0.1,41,1160,Axel,Disasi,Disasi,2,8,220362,Crystal Palace,CRY,2,3,0,0,0,0
154,2026/27,5,90,0,0,0,3,0,0,0,0,0,0,0,21,19.4,25.3,20.0,6.5,2,97,24.3,71416,316825,Cole,Palmer,Palmer,3,6,244851,Chelsea,CHE,4,4,0,0,0,0
155,2026/27,5,90,1,0,0,3,0,0,0,0,0,0,0,33,39.8,21.2,9.0,7.0,7,69,3.7,44758,22526,Enzo,Fernández,Enzo,3,15,448047,Man City,MCI,4,5,0,0,0,0
156,2026/27,5,86,0,0,0,2,0,0,0,0,0,0,0,13,9.6,7.8,25.0,4.2,2,65,1.4,9902,13159,Pedro,Lomba Neto,Neto,3,6,247632,Chelsea,CHE,4,4,0,0,0,0
157,2026/27,5,3,0,0,0,1,0,0,0,0,0,0,0,3,0.2,0.3,0.0,0.1,1,63,0.7,2966,5294,Estêvão,Almeida de Oliveira Gonçalves,Estêvão,3,6,624773,Chelsea,CHE,4,4,0,0,0,0
158,2026/27,5,0,0,0,0,0,0,0,0,0,0,0,0,0,0.0,0.0,0.0,0.0,0,58,0.0,164,333,Jamie,Bynoe-Gittens,Gittens,3,6,463936,Chelsea,CHE,4,4,0,0,0,0
159,2026/27,5,0,0,0,0,0,0,0,0,0,0,0,0,0,0.0,0.0,0.0,0.0,0,53,1.0,657,12610,Moisés,Caicedo Corozo,Caicedo,3,6,486672,Chelsea,CHE,4,4,0,0,0,0
160,2026/27,5,0,0,0,0,0,0,0,0,0,0,0,0,0,0.0,0.0,0.0,0.0,0,58,0.3,764,3467,Alejandro,Garnacho Ferreyra,Garnacho,3,2,493105,Aston Villa,AVL,3,3,0,0,0,0
161,2026/27,5,0,0,0,0,0,0,0,0,0,0,0,0,0,0.0,0.0,0.0,0.0,0,50,0.2,779,3255,Roméo,Lavia,Lavia,3,6,514356,Chelsea,CHE,4,4,0,0,0,0
162,2026/27,5,0,0,0,0,0,0,0,0,0,0,0,0,0,0.0,0.0,0.0,0.0,0,48,0.5,1247,6911,Andrey,Nascimento dos Santos,Andrey Santos,3,16,532605,Man Utd,MUN,4,4,0,0,0,0
163,2026/27,5,0,0,0,0,0,0,0,0,0,0,0,0,0,0.0,0.0,0.0,0.0,0,45,0.1,0,995,Dário,Luís Essugo,D.Essugo,3,6,491007,Chelsea,CHE,4,4,0,0,0,0
164,2026/27,5,19,0,0,0,2,0,0,0,0,0,0,0,3,0.4,1.8,6.0,0.8,1,53,0.0,94,231,Geovany,Quenda,Quenda,3,6,593117,Chelsea,CHE,4,4,0,0,0,0
165,2026/27,5,0,0,0,0,0,0,0,0,0,0,0,0,0,0.0,0.0,0.0,0.0,0,77,63.7,136278,572646,João Pedro,Junqueira de Jesus,João Pedro,4,6,475168,Chelsea,CHE,4,4,0,0,0,0
166,2026/27,5,87,1,0,0,1,0,0,0,1,0,0,1,31,37.4,11.4,52.0,10.1,6,65,1.8,67525,13702,Nicolas,Jackson,N.Jackson,4,2,517052,Aston Villa,AVL,3,3,0,0,0,0
167,2026/27,5,90,0,0,0,1,0,0,0,1,0,0,0,9,5.0,25.1,21.0,5.1,1,56,2.6,33079,45038,Liam,Delap,Delap,4,18,463034,Nott'm Forest,NFO,3,3,0,0,0,0
168,2026/27,5,0,0,0,0,0,0,0,0,0,0,0,0,0,0.0,0.0,0.0,0.0,0,50,0.2,0,2073,Marc,Guiu Paz,Marc Guiu,4,6,499309,Chelsea,CHE,4,4,0,0,0,0
169,2026/27,5,0,0,0,0,0,0,0,0,0,0,0,0,0,0.0,0.0,0.0,0.0,0,45,0.5,5878,4594,Shumaira,Mheuka,Mheuka,4,6,567119,Chelsea,CHE,4,4,0,0,0,0
170,2026/27,5,0,0,0,0,0,0,0,0,0,0,0,0,0,0.0,0.0,0.0,0.0,0,49,0.1,148,1353,Emmanuel,Emegha,Emegha,4,6,503037,Chelsea,CHE,4,4,0,0,0,0
171,2026/27,5,0,0,0,0,0,0,0,0,0,0,0,0,0,0.0,0.0,0.0,0.0,0,40,1.0,0,7788,Oliver,Dovin,Dovin,1,7,484389,Coventry City,COV,2,2,0,0,0,0
172,2026/27,5,0,0,0,0,0,0,0,0,0,0,0,0,0,0.0,0.0,0.0,0.0,0,44,0.4,319,981,Ben,Wilson,Wilson,1,7,110690,Coventry City,COV,2,2,0,0,0,0
173,2026/27,5,90,0,0,1,0,0,0,0,0,0,0,1,37,27.2,0.6,8.0,3.6,9,40,8.6,54309,52019,Bobby,Thomas,Thomas,2,7,461102,Coventry City,COV,2,2,0,0,0,0
174,2026/27,5,0,0,0,0,0,0,0,0,0,0,0,0,0,0.0,0.0,0.0,0.0,0,40,0.3,0,2885,Liam,Kitching,Kitching,2,7,436761,Coventry City,COV,2,2,0,0,0,0
175,2026/27,5,0,0,0,0,0,0,0,0,0,0,0,0,0,0.0,0.0,0.0,0.0,0,40,8.2,1428,124583,Milan,van Ewijk,van Ewijk,2,7,451284,Coventry City,COV,2,2,0,0,0,0
176,2026/27,5,90,1,0,1,0,0,0,0,0,0,0,3,40,47.0,15.7,18.0,8.1,15,40,0.8,13432,3442,Jay,Dasilva,Dasilva,2,7,173878,Coventry City,COV,2,2,0,0,0,0
177,2026/27,5,0,0,0,0,0,0,0,0,0,0,0,0,0,0.0,0.0,0.0,0.0,0,39,0.1,4317,1255,Kaine,Kesler-Hayden,Kesler-Hayden,2,7,465390,Coventry City,COV,2,2,0,0,0,0
178,2026/27,5,0,0,0,0,0,0,0,0,0,0,0,0,0,0.0,0.0,0.0,0.0,0,40,0.1,261,441,Jake,Bidwell,Bidwell,2,7,80178,Coventry City,COV,2,2,0,0,0,0
179,2026/27,5,1,0,0,0,0,0,0,0,0,0,0,0,3,7.0,0.0,0.0,0.7,1,40,0.0,103,212,Joel,Latibeaudiere,Latibeaudiere,2,7,204813,Coventry City,COV,2,2,0,0,0,0
180,2026/27,5,0,0,0,0,0,0,0,0,0,0,0,0,0,0.0,0.0,0.0,0.0,0,39,0.1,432,879,Luke,Woolfenden,Woolfenden,2,7,220583,Coventry City,COV,2,2,0,0,0,0
181,2026/27,5,0,0,0,0,0,0,0,0,0,0,0,0,0,0.0,0.0,0.0,0.0,0,40,0.0,0,161,Miguel,Brau,Brau,2,7,577411,Coventry City,COV,2,2,0,0,0,0
182,2026/27,5,0,0,0,0,0,0,0,0,0,0,0,0,0,0.0,0.0,0.0,0.0,0,40,0.6,58,9574,Aurèle,Amenda,Amenda,2,7,539142,Coventry City,COV,2,2,0,0,0,0
183,2026/27,5,73,0,0,1,0,0,0,0,0,0,0,0,16,13.6,25.3,1.0,4.0,5,49,0.1,1475,1148,Jack,Rudoni,Rudoni,3,7,480457,Coventry City,COV,2,2,0,0,0,0
184,2026/27,5,90,0,0,1,0,0,0,0,0,0,0,0,17,12.6,15.3,1.0,2.9,3,49,0.1,262,1328,Matt,Grimes,Grimes,3,7,168144,Coventry City,COV,2,2,0,0,0,0
185,2026/27,5,0,0,0,0,0,0,0,0,0,0,0,0,0,0.0,0.0,0.0,0.0,0,48,0.1,146,570,Tatsuhiro,Sakamoto,Sakamoto,3,7,501459,Coventry City,COV,2,2,0,0,0,0
186,2026/27,5,45,0,0,0,0,0,0,0,0,0,0,0,6,5.2,33.8,6.0,4.5,1,53,0.1,102,472,Ephron,Mason-Clark,Mason-Clark,3,7,241293,Coventry City,COV,2,2,0,0,0,0
187,2026/27,5,0,0,0,0,0,0,0,0,0,0,0,0,0,0.0,0.0,0.0,0.0,0,48,0.0,41,133,Josh,Eccles,Eccles,3,7,439668,Coventry City,COV,2,2,0,0,0,0
188,2026/27,5,0,0,0,0,0,0,0,0,0,0,0,0,0,0.0,0.0,0.0,0.0,0,53,0.1,49,635,Victor,Torp,Torp,3,7,226965,Coventry City,COV,2,2,0,0,0,0
189,2026/27,5,0,0,0,0,0,0,0,0,0,0,0,0,0,0.0,0.0,0.0,0.0,0,44,0.3,4889,3774,George,Shepherd,Shepherd,3,7,684268,Coventry City,COV,2,2,0,0,0,0
190,2026/27,5,45,0,0,0,0,0,0,0,0,0,0,0,5,8.4,1.2,17.0,2.7,1,54,0.1,45,537,Loum,Tchaouna,Tchaouna,3,7,469272,Coventry City,COV,2,2,0,0,0,0
191,2026/27,5,0,0,0,0,0,0,0,0,0,0,0,0,0,0.0,0.0,0.0,0.0,0,45,0.1,0,1123,Raphael,Borges Rodrigues,Borges Rodrigues,3,7,492498,Coventry City,COV,2,2,0,0,0,0
192,2026/27,5,0,0,0,0,0,0,0,0,0,0,0,0,0,0.0,0.0,0.0,0.0,0,45,0.3,0,3203,Kai,Andrews,Andrews,3,7,629397,Coventry City,COV,2,2,0,0,0,0
193,2026/27,5,0,0,0,0,0,0,0,0,0,0,0,0,0,0.0,0.0,0.0,0.0,0,53,0.1,55,785,Haji,Wright,Wright,4,7,176412,Coventry City,COV,2,2,0,0,0,0
194,2026/27,5,90,0,0,1,0,0,0,0,0,0,0,0,16,15.8,0.6,19.0,3.5,4,50,0.8,14272,9313,Brandon,Thomas-Asante,Thomas-Asante,4,7,230730,Coventry City,COV,2,2,0,0,0,0
195,2026/27,5,16,0,0,0,0,0,0,0,0,0,0,0,3,0.2,0.3,0.0,0.1,1,49,0.6,3998,7926,Ellis,Simms,Simms,4,7,218997,Coventry City,COV,2,2,0,0,0,0
196,2026/27,5,0,0,0,0,0,0,0,0,0,0,0,0,0,0.0,0.0,0.0,0.0,0,50,0.0,0,79,Jahnoah,Markelo,Markelo,4,7,551262,Coventry City,COV,2,2,0,0,0,0
197,2026/27,5,0,0,0,0,0,0,0,0,0,0,0,0,0,0.0,0.0,0.0,0.0,0,45,0.0,0,194,Norman,Bassette,Bassette,4,7,549653,Coventry City,COV,2,2,0,0,0,0
198,2026/27,5,0,0,0,0,0,0,0,0,0,0,0,0,0,0.0,0.0,0.0,0.0,0,49,1.2,188,15971,Dean,Henderson,Henderson,1,8,172649,Crystal Palace,CRY,2,3,0,0,0,0
199,2026/27,5,90,0,0,1,0,0,0,0,0,0,2,0,26,18.6,0.0,0.0,1.9,6,45,0.1,1251,626,Walter,Benítez,Benitez,1,8,121709,Crystal Palace,CRY,2,3,0,0,0,0
200,2026/27,5,90,0,0,0,3,0,0,0,0,0,0,0,-1,29.4,1.3,4.0,3.5,3,59,6.7,14567,41214,Maxence,Lacroix,Lacroix,2,6,437499,Chelsea,CHE,4,4,0,0,0,0
201,2026/27,5,82,0,0,0,1,0,0,0,0,0,0,0,5,4.0,3.8,15.0,2.3,2,54,5.6,12136,45511,Daniel,Muñoz Mejía,Muñoz,2,18,247348,Nott'm Forest,NFO,3,3,0,0,0,0
202,2026/27,5,90,0,0,1,0,0,0,0,0,0,0,0,29,22.6,0.5,0.0,2.3,8,49,0.6,2878,3205,Chris,Richards,Richards,2,8,427623,Crystal Palace,CRY,2,3,0,0,0,0
203,2026/27,5,90,0,0,1,0,0,0,0,0,0,0,0,26,19.8,17.2,2.0,3.9,8,48,0.2,830,1326,Jaydee,Canvot,Canvot,2,8,651426,Crystal Palace,CRY,2,3,0,0,0,0
204,2026/27,5,90,0,0,1,0,0,0,0,0,0,0,1,30,19.2,3.7,6.0,2.9,7,45,6.1,25095,28478,Tyrick,Mitchell,Mitchell,2,8,244723,Crystal Palace,CRY,2,3,0,0,0,0
205,2026/27,5,0,0,0,0,0,0,0,0,0,0,0,0,0,0.0,0.0,0.0,0.0,0,45,0.0,0,147,Borna,Sosa,Sosa,2,8,218364,Crystal Palace,CRY,2,3,0,0,0,0
206,2026/27,5,0,0,0,0,0,0,0,0,0,0,0,0,0,0.0,0.0,0.0,0.0,0,43,0.0,40,199,Chadi,Riad Dnanou,Chadi Riad,2,8,515621,Crystal Palace,CRY,2,3,0,0,0,0
207,2026/27,5,0,0,0,0,0,0,0,0,0,0,0,0,0,0.0,0.0,0.0,0.0,0,43,0.1,142,491,Oscar,Mingueza,Mingueza,2,8,242313,Crystal Palace,CRY,2,3,0,0,0,0
208,2026/27,5,8,0,0,0,0,0,0,0,0,0,0,0,3,0.0,0.5,0.0,0.1,1,62,0.6,4321,3295,Ismaïla,Sarr,Sarr,3,8,232185,Crystal Palace,CRY,2,3,0,0,0,0
209,2026/27,5,65,0,0,1,0,0,0,0,0,0,0,0,6,0.0,0.6,10.0,1.0,3,59,0.1,630,1151,Brennan,Johnson,Johnson,3,9,242898,Everton,EVE,3,3,0,0,0,0
210,2026/27,5,90,0,0,1,0,0,0,0,1,0,0,0,13,20.0,26.8,13.0,6.0,2,54,0.7,1615,6135,Adam,Wharton,Wharton,3,8,496221,Crystal Palace,CRY,2,3,0,0,0,0
211,2026/27,5,81,0,0,1,0,0,0,0,1,0,0,0,10,9.4,8.3,10.0,2.8,2,55,0.3,991,4383,Yéremy,Pino Santos,Yeremy,3,8,488024,Crystal Palace,CRY,2,3,0,0,0,0
212,2026/27,5,0,0,0,0,0,0,0,0,0,0,0,0,0,0.0,0.0,0.0,0.0,0,44,7.0,12499,73314,Will,Hughes,Hughes,3,8,108413,Crystal Palace,CRY,2,3,0,0,0,0
213,2026/27,5,45,0,0,0,0,0,0,0,1,0,0,0,3,15.4,0.5,11.0,2.7,0,48,0.1,140,528,Jefferson,Lerma Solís,Lerma,3,8,152551,Crystal Palace,CRY,2,3,0,0,0,0
214,2026/27,5,90,0,0,1,0,0,0,0,0,0,0,0,12,1.8,4.0,27.0,3.3,3,50,0.5,5135,4746,Daichi,Kamada,Kamada,3,8,209400,Crystal Palace,CRY,2,3,0,0,0,0
215,2026/27,5,0,0,0,0,0,0,0,0,0,0,0,0,0,0.0,0.0,0.0,0.0,0,50,0.0,0,48,Justin,Devenny,Devenny,3,8,489706,Crystal Palace,CRY,2,3,0,0,0,0
216,2026/27,5,0,0,0,0,0,0,0,0,0,0,0,0,0,0.0,0.0,0.0,0.0,0,50,0.0,0,176,Romain,Esse,Esse,3,8,606921,Crystal Palace,CRY,2,3,0,0,0,0
217,2026/27,5,0,0,0,0,0,0,0,0,0,0,0,0,0,0.0,0.0,0.0,0.0,0,49,0.0,0,227,Matheus,França de Oliveira,M.França,3,8,536694,Crystal Palace,CRY,2,3,0,0,0,0
218,2026/27,5,0,0,0,0,0,0,0,0,0,0,0,0,0,0.0,0.0,0.0,0.0,0,48,0.0,165,407,Cheick,Doucouré,Doucouré,3,8,438464,Crystal Palace,CRY,2,3,0,0,0,0
219,2026/27,5,0,0,0,0,0,0,0,0,0,0,0,0,0,0.0,0.0,0.0,0.0,0,49,0.0,0,35,Jesurun,Rak-Sakyi,J.Rak-Sakyi,3,8,450542,Crystal Palace,CRY,2,3,0,0,0,0
220,2026/27,5,0,0,0,0,0,0,0,0,0,0,0,0,0,0.0,0.0,0.0,0.0,0,45,0.0,0,3,Rio,Cardines,Cardines,2,8,590014,Crystal Palace,CRY,2,3,0,0,0,0
221,2026/27,5,0,0,0,0,0,0,0,0,0,0,0,0,0,0.0,0.0,0.0,0.0,0,44,0.1,236,601,Joél,Drakes-Thomas,Drakes-Thomas,3,8,672492,Crystal Palace,CRY,2,3,0,0,0,0
222,2026/27,5,81,0,0,1,0,0,0,0,0,0,0,0,10,13.2,15.1,13.0,4.1,2,60,0.7,10163,6167,Jørgen,Strand Larsen,Strand Larsen,4,8,247412,Crystal Palace,CRY,2,3,0,0,0,0
223,2026/27,5,0,0,0,0,0,0,0,0,0,0,0,0,0,0.0,0.0,0.0,0.0,0,63,1.2,305,12224,Jean-Philippe,Mateta,Mateta,4,8,231747,Crystal Palace,CRY,2,3,0,0,0,0
224,2026/27,5,8,0,0,0,0,0,0,0,0,0,0,0,2,0.0,0.6,0.0,0.0,1,55,0.5,1912,4871,Eddie,Nketiah,Nketiah,4,8,205533,Crystal Palace,CRY,2,3,0,0,0,0
225,2026/27,5,0,0,0,0,0,0,0,0,0,0,0,0,0,0.0,0.0,0.0,0.0,0,50,0.0,0,0,Christantus,Uche,Uche,4,8,660392,Crystal Palace,CRY,2,3,0,0,0,0
226,2026/27,5,90,0,0,1,0,0,0,0,0,0,4,1,34,35.0,0.0,0.0,3.5,8,55,9.2,41602,26407,Jordan,Pickford,Pickford,1,9,111234,Everton,EVE,3,3,0,0,0,0
227,2026/27,5,0,0,0,0,0,0,0,0,0,0,0,0,0,0.0,0.0,0.0,0.0,0,50,0.0,344,344,Mark,Travers,Travers,1,9,229600,Everton,EVE,3,3,0,0,0,0
228,2026/27,5,0,0,0,0,0,0,0,0,0,0,0,0,0,0.0,0.0,0.0,0.0,0,45,0.0,153,219,Tom,King,King,1,9,138001,Everton,EVE,3,3,0,0,0,0
229,2026/27,5,90,0,1,1,0,0,0,0,0,0,0,3,43,36.0,10.7,1.0,4.8,14,62,17.8,346867,43725,James,Tarkowski,Tarkowski,2,9,17761,Everton,EVE,3,3,0,0,0,0
230,2026/27,5,90,0,0,1,0,0,0,0,0,0,0,0,27,32.6,0.9,0.0,3.4,8,55,2.6,37063,12677,Jarrad,Branthwaite,Branthwaite,2,9,480455,Everton,EVE,3,3,0,0,0,0
231,2026/27,5,0,0,0,0,0,0,0,0,0,0,0,0,0,0.0,0.0,0.0,0.0,0,48,0.7,724,5658,Michael,Keane,Keane,2,9,106611,Everton,EVE,3,3,0,0,0,0
232,2026/27,5,1,0,0,0,0,0,0,0,0,0,0,0,3,2.0,0.0,0.0,0.2,1,48,0.3,541,1707,Jake,O'Brien,O'Brien,2,9,512462,Everton,EVE,3,3,0,0,0,0
233,2026/27,5,90,0,0,1,0,0,0,0,1,0,0,0,29,18.8,7.1,7.0,3.3,5,46,3.9,44447,54510,Vitalii,Mykolenko,Mykolenko,2,9,224967,Everton,EVE,3,3,0,0,0,0
234,2026/27,5,0,0,0,0,0,0,0,0,0,0,0,0,0,0.0,0.0,0.0,0.0,0,45,0.0,0,177,Nathan,Patterson,Patterson,2,9,243571,Everton,EVE,3,3,0,0,0,0
235,2026/27,5,0,0,0,0,0,0,0,0,0,0,0,0,0,0.0,0.0,0.0,0.0,0,40,0.1,0,863,Adam,Aznou,Aznou,2,9,499300,Everton,EVE,3,3,0,0,0,0
236,2026/27,5,90,0,0,1,0,0,0,0,0,0,0,0,10,1.6,31.2,28.0,6.1,3,66,5.8,45227,76119,Kiernan,Dewsbury-Hall,Dewsbury-Hall,3,9,215413,Everton,EVE,3,3,0,0,0,0
237,2026/27,5,74,0,1,0,3,0,0,0,0,0,0,0,31,7.6,28.6,10.0,4.6,5,58,6.4,11259,103940,Iliman,Ndiaye,Ndiaye,3,15,440993,Man City,MCI,4,5,0,0,0,0
238,2026/27,5,78,0,0,1,0,0,0,0,0,0,0,0,22,11.2,57.6,8.0,7.7,3,65,0.5,6194,4312,Jack,Grealish,Grealish,3,9,114283,Everton,EVE,3,3,0,0,0,0
239,2026/27,5,90,0,0,1,0,0,0,0,0,0,0,0,14,10.0,19.2,4.0,3.3,3,60,0.2,3160,3060,James,Garner,Garner,3,9,232928,Everton,EVE,3,3,0,0,0,0
240,2026/27,5,45,0,0,0,0,0,0,0,0,0,0,0,6,6.2,11.3,10.0,2.8,1,50,0.0,98,169,Tim,Iroegbunam,Iroegbunam,3,11,490094,Hull City,HUL,2,2,0,0,0,0
241,2026/27,5,0,0,0,0,0,0,0,0,0,0,0,0,0,0.0,0.0,0.0,0.0,0,53,0.1,130,711,Dwight,McNeil,McNeil,3,8,433154,Crystal Palace,CRY,2,3,0,0,0,0
242,2026/27,5,11,0,0,0,0,0,0,0,0,0,0,0,4,0.4,0.8,4.0,0.5,1,55,0.8,3500,16953,Tyrique,George,George,3,9,550615,Everton,EVE,3,3,0,0,0,0
243,2026/27,5,0,0,0,0,0,0,0,0,0,0,0,0,0,0.0,0.0,0.0,0.0,0,49,0.1,213,576,Carlos,Alcaraz Durán,Alcaraz,3,9,502697,Everton,EVE,3,3,0,0,0,0
244,2026/27,5,90,0,0,1,0,0,0,0,1,0,0,0,13,5.0,26.3,4.0,3.5,2,50,0.4,1209,4415,Harrison,Armstrong,Armstrong,3,9,609873,Everton,EVE,3,3,0,0,0,0
245,2026/27,5,24,0,0,0,0,0,0,0,0,0,0,0,10,7.2,24.4,26.0,5.8,1,53,0.0,169,235,Tyler,Dibling,Dibling,3,9,496661,Everton,EVE,3,3,0,0,0,0
246,2026/27,5,0,0,0,0,0,0,0,0,0,0,0,0,0,0.0,0.0,0.0,0.0,0,49,0.0,9,838,Merlin,Röhl,Röhl,3,9,513466,Everton,EVE,3,3,0,0,0,0
247,2026/27,5,1,0,0,0,0,0,0,0,0,0,0,0,3,0.2,0.1,0.0,0.0,1,54,0.2,258,1556,Hayden,Hackney,Hackney,3,9,244860,Everton,EVE,3,3,0,0,0,0
248,2026/27,5,0,0,0,0,0,0,0,0,0,0,0,0,0,0.0,0.0,0.0,0.0,0,54,0.6,0,10191,Norberto Bercique,Gomes Betuncal,Beto,4,9,486385,Everton,EVE,3,3,0,0,0,0
249,2026/27,5,90,1,0,1,0,0,0,0,0,0,0,0,28,34.4,12.3,27.0,7.4,6,57,8.6,141002,71231,Thierno,Barry,Barry,4,9,586309,Everton,EVE,3,3,0,0,0,0
250,2026/27,5,90,0,0,0,1,0,0,0,0,0,5,0,18,34.6,0.0,0.0,3.5,3,45,3.7,78809,22347,Bernd,Leno,Leno,1,10,80201,Fulham,FUL,2,3,0,0,0,0
251,2026/27,5,0,0,0,0,0,0,0,0,0,0,0,0,0,0.0,0.0,0.0,0.0,0,40,1.1,4264,4044,Benjamin,Lecomte,Lecomte,1,10,86873,Fulham,FUL,2,3,0,0,0,0
252,2026/27,5,0,0,0,0,0,0,0,0,0,0,0,0,0,0.0,0.0,0.0,0.0,0,40,0.1,0,884,Alfie,McNally,McNally,1,10,505079,Fulham,FUL,2,3,0,0,0,0
253,2026/27,5,10,0,0,0,1,0,0,0,0,0,0,0,0,10.0,0.0,0.0,1.0,1,50,0.2,4909,1662,Joachim,Andersen,Andersen,2,10,174874,Fulham,FUL,2,3,0,0,0,0
254,2026/27,5,90,0,0,0,1,0,0,0,0,0,0,0,19,30.0,30.0,0.0,6.0,2,45,1.5,33099,15865,Antonee,Robinson,Robinson,2,10,169528,Fulham,FUL,2,3,0,0,0,0
255,2026/27,5,0,0,0,0,0,0,0,0,0,0,0,0,0,0.0,0.0,0.0,0.0,0,45,0.0,90,150,Jorge,Cuenca Barreno,J.Cuenca,2,10,246301,Fulham,FUL,2,3,0,0,0,0
256,2026/27,5,0,0,0,0,0,0,0,0,0,0,0,0,0,0.0,0.0,0.0,0.0,0,44,0.2,147,1288,Kenny,Tete,Tete,2,10,167074,Fulham,FUL,2,3,0,0,0,0
257,2026/27,5,90,0,1,0,1,0,0,0,0,0,0,1,26,26.6,1.8,17.0,4.5,6,45,0.8,17018,3792,Calvin,Bassey,Bassey,2,10,232892,Fulham,FUL,2,3,0,0,0,0
258,2026/27,5,90,0,0,0,1,0,0,0,1,0,0,0,3,20.6,5.2,2.0,2.8,1,45,1.1,30866,8552,Timothy,Castagne,Castagne,2,10,166477,Fulham,FUL,2,3,0,0,0,0
259,2026/27,5,90,0,0,0,1,0,0,0,0,0,0,0,13,31.4,10.5,5.0,4.7,4,40,12.3,12324,94415,Issa,Diop,Diop,2,12,219924,Ipswich Town,IPS,2,2,0,0,0,0
260,2026/27,5,0,0,0,0,0,0,0,0,0,0,0,0,0,0.0,0.0,0.0,0.0,0,62,1.5,102,56554,Harry,Wilson,Wilson,3,13,153682,Leeds,LEE,3,3,0,0,0,0
261,2026/27,5,70,0,0,1,0,0,0,0,0,0,0,2,27,21.0,63.3,26.0,11.0,5,54,0.7,8344,5265,Alex,Iwobi,Iwobi,3,10,153133,Fulham,FUL,2,3,0,0,0,0
262,2026/27,5,0,0,0,0,0,0,0,0,0,0,0,0,0,0.0,0.0,0.0,0.0,0,53,0.2,502,1774,Emile,Smith Rowe,Smith Rowe,3,10,209289,Fulham,FUL,2,3,0,0,0,0
263,2026/27,5,19,0,0,0,1,0,0,0,0,0,0,0,6,5.2,0.1,17.0,2.2,1,53,0.0,319,406,Kevin,Santos Lopes de Macedo,Kevin,3,10,560552,Fulham,FUL,2,3,0,0,0,0
264,2026/27,5,70,0,0,1,0,0,0,0,0,0,0,0,6,4.0,3.7,8.0,1.6,3,55,0.3,5018,2731,Oscar,Bobb,Bobb,3,10,477555,Fulham,FUL,2,3,0,0,0,0
265,2026/27,5,76,0,0,1,0,0,0,0,0,0,0,0,16,10.0,15.4,7.0,3.2,3,49,0.3,1124,2040,Sander,Berge,Berge,3,10,207189,Fulham,FUL,2,3,0,0,0,0
266,2026/27,5,0,0,0,0,0,0,0,0,0,0,0,0,0,0.0,0.0,0.0,0.0,0,49,0.0,21,23,Tom,Cairney,Cairney,3,10,76357,Fulham,FUL,2,3,0,0,0,0
267,2026/27,5,72,0,0,0,1,0,0,0,0,0,0,0,14,9.6,16.8,0.0,2.6,2,49,0.1,356,852,Saša,Lukić,Lukić,3,12,212314,Ipswich Town,IPS,2,2,0,0,0,0
268,2026/27,5,79,0,0,1,0,0,0,0,1,0,0,0,10,3.2,6.8,46.0,5.6,2,56,3.6,212144,35616,Josh,King,King,3,10,577725,Fulham,FUL,2,3,0,0,0,0
269,2026/27,5,0,0,0,0,0,0,0,0,0,0,0,0,0,0.0,0.0,0.0,0.0,0,43,0.3,582,1849,Ryan,Sessegnon,Sessegnon,2,10,184349,Fulham,FUL,2,3,0,0,0,0
270,2026/27,5,0,0,0,0,0,0,0,0,0,0,0,0,0,0.0,0.0,0.0,0.0,0,44,1.1,3605,10127,Harrison,Reed,Reed,3,10,153366,Fulham,FUL,2,3,0,0,0,0
271,2026/27,5,10,0,0,0,1,0,0,0,1,0,0,0,-1,0.2,0.3,0.0,0.1,0,54,0.4,3000,3858,Rodrigo,Muniz Carvalho,Muniz,4,10,244042,Fulham,FUL,2,3,0,0,0,0
272,2026/27,5,0,0,0,0,0,0,0,0,0,0,0,0,0,0.0,0.0,0.0,0.0,0,45,5.3,16433,51140,Jonah,Kusi-Asare,Kusi-Asare,4,10,631786,Fulham,FUL,2,3,0,0,0,0
273,2026/27,5,0,0,0,0,0,0,0,0,0,0,0,0,0,0.0,0.0,0.0,0.0,0,40,1.4,4856,5753,Dillon,Phillips,Phillips,1,11,167825,Hull City,HUL,2,2,0,0,0,0
274,2026/27,5,0,0,0,0,0,0,0,0,0,0,0,0,0,0.0,0.0,0.0,0.0,0,44,0.1,81,447,Jack,Butland,Butland,1,11,105666,Hull City,HUL,2,2,0,0,0,0
275,2026/27,5,0,0,0,0,0,0,0,0,0,0,0,0,0,0.0,0.0,0.0,0.0,0,40,0.0,0,39,Harvey,Cartwright,Cartwright,1,11,494950,Hull City,HUL,2,2,0,0,0,0
276,2026/27,5,0,0,0,0,0,0,0,0,0,0,0,0,0,0.0,0.0,0.0,0.0,0,40,0.0,0,156,Thimothée,Lo-Tutala,Lo-Tutala,1,11,444307,Hull City,HUL,2,2,0,0,0,0
277,2026/27,5,77,0,0,0,2,0,0,0,0,0,0,0,2,14.0,0.2,13.0,2.7,1,41,7.2,60741,44919,John,Egan,Egan,2,11,108416,Hull City,HUL,2,2,0,0,0,0
278,2026/27,5,0,0,0,0,0,0,0,0,0,0,0,0,0,0.0,0.0,0.0,0.0,0,39,0.2,1340,2496,Charlie,Hughes,Hughes,2,11,501902,Hull City,HUL,2,2,0,0,0,0
279,2026/27,5,90,0,0,0,2,0,0,0,0,0,0,0,5,9.4,1.2,10.0,2.1,1,42,13.9,69350,83119,Semi,Ajayi,Ajayi,2,11,146426,Hull City,HUL,2,2,0,0,0,0
280,2026/27,5,90,0,0,0,2,0,0,0,0,0,0,0,3,6.6,2.8,6.0,1.5,1,40,0.7,3017,3147,Lewie,Coyle,Coyle,2,11,193278,Hull City,HUL,2,2,0,0,0,0
281,2026/27,5,0,0,0,0,0,0,0,0,0,0,0,0,0,0.0,0.0,0.0,0.0,0,40,0.0,0,319,Cody,Drameh,Drameh,2,11,433590,Hull City,HUL,2,2,0,0,0,0
282,2026/27,5,90,0,0,0,2,0,0,0,1,0,0,0,-1,12.2,38.8,0.0,5.1,0,40,2.9,31827,20367,Ryan,Giles,Giles,2,11,232351,Hull City,HUL,2,2,0,0,0,0
283,2026/27,5,0,0,0,0,0,0,0,0,0,0,0,0,0,0.0,0.0,0.0,0.0,0,40,0.0,0,50,Matty,Jacob,Jacob,2,11,449428,Hull City,HUL,2,2,0,0,0,0
284,2026/27,5,0,0,0,0,0,0,0,0,0,0,0,0,0,0.0,0.0,0.0,0.0,0,40,0.1,542,621,Cathal,McCarthy,McCarthy,2,11,661800,Hull City,HUL,2,2,0,0,0,0
285,2026/27,5,0,0,0,0,0,0,0,0,0,0,0,0,0,0.0,0.0,0.0,0.0,0,40,0.1,274,602,Paddy,McNair,McNair,2,11,160817,Hull City,HUL,2,2,0,0,0,0
286,2026/27,5,82,0,1,0,2,0,0,0,1,0,0,0,22,33.0,29.1,41.0,10.3,4,51,5.6,128741,41951,Mohamed,Belloumi,Belloumi,3,11,540324,Hull City,HUL,2,2,0,0,0,0
287,2026/27,5,0,0,0,0,0,0,0,0,0,0,0,0,0,0.0,0.0,0.0,0.0,0,50,0.0,0,403,Liam,Millar,Millar,3,11,232905,Hull City,HUL,2,2,0,0,0,0
288,2026/27,5,0,0,0,0,0,0,0,0,0,0,0,0,0,0.0,0.0,0.0,0.0,0,44,0.3,836,2886,Kieran,Dowell,Dowell,3,11,171270,Hull City,HUL,2,2,0,0,0,0
289,2026/27,5,45,0,0,0,2,0,0,0,1,0,0,0,6,7.8,14.5,0.0,2.2,0,44,0.5,7246,6481,Matt,Crooks,Crooks,3,11,101282,Hull City,HUL,2,2,0,0,0,0
290,2026/27,5,77,0,0,0,2,0,0,0,0,0,0,0,9,4.2,23.8,9.0,3.7,2,45,5.1,24298,58133,Regan,Slater,Slater,3,11,243413,Hull City,HUL,2,2,0,0,0,0
291,2026/27,5,0,0,0,0,0,0,0,0,0,0,0,0,0,0.0,0.0,0.0,0.0,0,45,0.0,34,84,Eliot,Matazo,Matazo,3,11,465525,Hull City,HUL,2,2,0,0,0,0
292,2026/27,5,0,0,0,0,0,0,0,0,0,0,0,0,0,0.0,0.0,0.0,0.0,0,49,0.0,102,187,Abdülkadir,Ömür,Ömür,3,11,208481,Hull City,HUL,2,2,0,0,0,0
293,2026/27,5,0,0,0,0,0,0,0,0,0,0,0,0,0,0.0,0.0,0.0,0.0,0,50,0.0,0,15,Abu,Kamara,Kamara,3,11,490161,Hull City,HUL,2,2,0,0,0,0
294,2026/27,5,0,0,0,0,0,0,0,0,0,0,0,0,0,0.0,0.0,0.0,0.0,0,45,0.1,195,658,Óscar,Zambrano,Zambrano,3,11,553783,Hull City,HUL,2,2,0,0,0,0
295,2026/27,5,90,0,0,0,2,0,0,0,1,0,0,0,5,3.0,12.6,20.0,3.6,1,55,1.9,13686,25585,Oli,McBurnie,McBurnie,4,11,169432,Hull City,HUL,2,2,0,0,0,0
296,2026/27,5,0,0,0,0,0,0,0,0,0,0,0,0,0,0.0,0.0,0.0,0.0,0,50,0.0,0,351,David,Akintola,Akintola,3,11,213292,Hull City,HUL,2,2,0,0,0,0
297,2026/27,5,0,0,0,0,0,0,0,0,0,0,0,0,0,0.0,0.0,0.0,0.0,0,44,0.0,79,180,Darko,Gyabi,Gyabi,3,11,470294,Hull City,HUL,2,2,0,0,0,0
298,2026/27,5,0,0,0,0,0,0,0,0,0,0,0,0,0,0.0,0.0,0.0,0.0,0,45,0.2,0,1933,Enis,Destan,Destan,4,11,500957,Hull City,HUL,2,2,0,0,0,0
299,2026/27,5,0,0,0,0,0,0,0,0,0,0,0,0,0,0.0,0.0,0.0,0.0,0,45,0.0,0,292,Mason,Burstow,Burstow,4,11,534392,Hull City,HUL,2,2,0,0,0,0
300,2026/27,5,90,0,0,0,1,0,0,0,0,0,1,0,10,12.0,0.0,0.0,1.2,2,44,0.4,3133,1727,Christian,Walton,Walton,1,12,108813,Ipswich Town,IPS,2,2,0,0,0,0
301,2026/27,5,0,0,0,0,0,0,0,0,0,0,0,0,0,0.0,0.0,0.0,0.0,0,40,3.8,8419,19530,Alex,Palmer,Palmer,1,12,112520,Ipswich Town,IPS,2,2,0,0,0,0
302,2026/27,5,0,0,0,0,0,0,0,0,0,0,0,0,0,0.0,0.0,0.0,0.0,0,40,0.6,2618,2088,David,Button,Button,1,12,50093,Ipswich Town,IPS,2,2,0,0,0,0
303,2026/27,5,0,0,0,0,0,0,0,0,0,0,0,0,0,0.0,0.0,0.0,0.0,0,39,0.9,6175,6020,Cédric,Kipré,Kipré,2,12,183015,Ipswich Town,IPS,2,2,0,0,0,0
304,2026/27,5,90,0,0,0,1,0,0,0,0,0,0,0,12,28.6,10.5,2.0,4.1,2,40,2.6,3629,22813,Dara,O'Shea,O'Shea,2,12,216616,Ipswich Town,IPS,2,2,0,0,0,0
305,2026/27,5,90,0,0,0,1,0,0,0,0,0,0,0,2,10.4,6.3,9.0,2.6,2,40,7.3,99983,44795,Leif,Davis,Davis,2,12,455084,Ipswich Town,IPS,2,2,0,0,0,0
306,2026/27,5,0,0,0,0,0,0,0,0,0,0,0,0,0,0.0,0.0,0.0,0.0,0,39,1.1,4833,6593,Jacob,Greaves,Greaves,2,12,449429,Ipswich Town,IPS,2,2,0,0,0,0
307,2026/27,5,0,0,0,0,0,0,0,0,0,0,0,0,0,0.0,0.0,0.0,0.0,0,40,0.1,0,547,Ben,Johnson,Johnson,2,12,222018,Ipswich Town,IPS,2,2,0,0,0,0
308,2026/27,5,0,0,0,0,0,0,0,0,0,0,0,0,0,0.0,0.0,0.0,0.0,0,39,0.6,7953,4306,Darnell,Furlong,Furlong,2,12,176420,Ipswich Town,IPS,2,2,0,0,0,0
309,2026/27,5,0,0,0,0,0,0,0,0,0,0,0,0,0,0.0,0.0,0.0,0.0,0,49,0.1,125,938,Marcelino,Núñez,Núñez,3,12,501390,Ipswich Town,IPS,2,2,0,0,0,0
310,2026/27,5,0,0,0,0,0,0,0,0,0,0,0,0,0,0.0,0.0,0.0,0.0,0,49,0.0,22,23,Azor,Matusiwa,Matusiwa,3,12,241117,Ipswich Town,IPS,2,2,0,0,0,0
311,2026/27,5,0,0,0,0,0,0,0,0,0,0,0,0,0,0.0,0.0,0.0,0.0,0,50,0.0,0,10,Wes,Burns,Burns,3,12,149929,Ipswich Town,IPS,2,2,0,0,0,0
312,2026/27,5,0,0,0,0,0,0,0,0,0,0,0,0,0,0.0,0.0,0.0,0.0,0,44,0.0,454,391,Jack,Taylor,Taylor,3,12,231899,Ipswich Town,IPS,2,2,0,0,0,0
313,2026/27,5,65,0,0,0,1,0,0,0,0,0,0,0,10,10.0,30.1,2.0,4.2,2,54,0.2,361,1415,Jack,Clarke,Clarke,3,12,443261,Ipswich Town,IPS,2,2,0,0,0,0
314,2026/27,5,0,0,0,0,0,0,0,0,0,0,0,0,0,0.0,0.0,0.0,0.0,0,49,0.0,0,90,Chiedozie,Ogbene,Ogbene,3,12,229164,Ipswich Town,IPS,2,2,0,0,0,0
315,2026/27,5,66,0,0,0,1,0,0,0,0,1,0,0,4,3.2,18.8,21.0,4.3,-1,54,0.1,77,3631,Abdul,Fatawu,Fatawu,3,12,531442,Ipswich Town,IPS,2,2,0,0,0,0
316,2026/27,5,80,0,0,0,1,0,0,0,0,0,0,0,9,2.4,0.6,21.0,2.4,2,55,3.9,68709,32199,Emersonn,Correia da Silva,Emersonn,4,12,543968,Ipswich Town,IPS,2,2,0,0,0,0
317,2026/27,5,0,0,0,0,0,0,0,0,0,0,0,0,0,0.0,0.0,0.0,0.0,0,50,0.1,0,747,George,Hirst,Hirst,4,12,222625,Ipswich Town,IPS,2,2,0,0,0,0
318,2026/27,5,24,0,0,0,0,0,0,0,0,0,0,0,5,1.4,3.8,4.0,0.9,1,54,0.1,52,233,Jaden,Philogene,Philogene,3,12,481624,Ipswich Town,IPS,2,2,0,0,0,0
319,2026/27,5,0,0,0,0,0,0,0,0,0,0,0,0,0,0.0,0.0,0.0,0.0,0,50,0.0,0,22,Sam,Szmodics,Szmodics,3,12,172453,Ipswich Town,IPS,2,2,0,0,0,0
320,2026/27,5,9,0,0,0,0,0,0,0,0,0,0,0,3,0.0,0.8,5.0,0.6,1,50,1.1,6543,13288,Chuba,Akpom,Akpom,4,12,147675,Ipswich Town,IPS,2,2,0,0,0,0
321,2026/27,5,0,0,0,0,0,0,0,0,0,0,0,0,0,0.0,0.0,0.0,0.0,0,45,3.5,29016,39336,Sindre,Walle Egeli,Walle Egeli,4,12,557012,Ipswich Town,IPS,2,2,0,0,0,0
322,2026/27,5,0,0,0,0,0,0,0,0,0,0,0,0,0,0.0,0.0,0.0,0.0,0,50,0.0,0,525,Ali,Al-Hamadi,Al-Hamadi,4,12,462387,Ipswich Town,IPS,2,2,0,0,0,0
323,2026/27,5,0,0,0,0,0,0,0,0,0,0,0,0,0,0.0,0.0,0.0,0.0,0,44,1.0,2641,9896,Kasey,McAteer,McAteer,3,12,461587,Ipswich Town,IPS,2,2,0,0,0,0
324,2026/27,5,0,0,0,0,0,0,0,0,0,0,0,0,0,0.0,0.0,0.0,0.0,0,48,0.0,94,219,Anis,Mehmeti,Mehmeti,3,12,232457,Ipswich Town,IPS,2,2,0,0,0,0
325,2026/27,5,0,0,0,0,0,0,0,0,0,0,0,0,0,0.0,0.0,0.0,0.0,0,45,0.0,73,293,Karl,Darlow,Darlow,1,16,59735,Man Utd,MUN,4,4,0,0,0,0
326,2026/27,5,0,0,0,0,0,0,0,0,0,0,0,0,0,0.0,0.0,0.0,0.0,0,45,0.3,0,1863,Lucas Estella,Perri,Perri,1,13,201595,Leeds,LEE,3,3,0,0,0,0
327,2026/27,5,0,0,0,0,0,0,0,0,0,0,0,0,0,0.0,0.0,0.0,0.0,0,50,0.7,1096,7413,Jaka,Bijol,Bijol,2,13,434752,Leeds,LEE,3,3,0,0,0,0
328,2026/27,5,85,0,0,1,0,0,0,0,1,0,0,0,24,20.8,0.6,7.0,2.8,5,49,0.2,676,1475,Pascal,Struijk,Struijk,2,5,222694,Brighton,BHA,3,4,0,0,0,0
329,2026/27,5,0,0,0,0,0,0,0,0,0,0,0,0,0,0.0,0.0,0.0,0.0,0,43,0.7,68,14159,Joe,Rodon,Rodon,2,13,214225,Leeds,LEE,3,3,0,0,0,0
330,2026/27,5,66,0,0,1,0,0,0,0,1,0,0,0,14,0.0,2.0,11.0,1.3,5,46,7.8,196067,45805,Jayden,Bogle,Bogle,2,13,226182,Leeds,LEE,3,3,0,0,0,0
331,2026/27,5,90,0,0,1,0,0,0,0,0,0,0,0,27,16.0,19.7,2.0,3.8,6,45,0.1,1210,590,Gabriel,Gudmundsson,Gudmundsson,2,13,243526,Leeds,LEE,3,3,0,0,0,0
332,2026/27,5,90,0,0,1,0,0,0,0,0,0,0,2,31,19.2,14.9,5.0,3.9,8,45,1.4,9270,10219,James,Justin,Justin,2,13,220627,Leeds,LEE,3,3,0,0,0,0
333,2026/27,5,0,0,0,0,0,0,0,0,0,0,0,0,0,0.0,0.0,0.0,0.0,0,45,0.0,0,7,Sebastiaan,Bornauw,Bornauw,2,13,437738,Leeds,LEE,3,3,0,0,0,0
334,2026/27,5,90,0,0,1,0,0,0,0,0,0,0,0,22,14.0,0.9,18.0,3.3,6,50,4.4,60675,42250,Tarik,Muharemović,Muharemović,2,13,522047,Leeds,LEE,3,3,0,0,0,0
335,2026/27,5,90,0,0,1,0,0,0,0,0,0,0,0,13,16.6,17.1,4.0,3.8,5,60,2.4,7651,28269,Anton,Stach,Stach,3,13,466525,Leeds,LEE,3,3,0,0,0,0
336,2026/27,5,75,0,0,1,0,0,0,0,0,0,0,0,17,7.8,1.5,3.0,1.2,3,58,0.4,3122,5894,Noah,Okafor,Okafor,3,13,435997,Leeds,LEE,3,3,0,0,0,0
337,2026/27,5,22,0,0,0,0,0,0,0,0,0,0,0,5,1.4,0.7,0.0,0.2,1,53,0.5,307,5027,Brenden,Aaronson,Aaronson,3,13,427637,Leeds,LEE,3,3,0,0,0,0
338,2026/27,5,90,0,0,1,0,0,0,0,0,0,0,0,19,18.8,24.2,0.0,4.3,5,54,0.9,3062,8331,Ethan,Ampadu,Ampadu,3,13,199598,Leeds,LEE,3,3,0,0,0,0
339,2026/27,5,0,0,0,0,0,0,0,0,0,0,0,0,0,0.0,0.0,0.0,0.0,0,48,0.1,245,907,Sean,Longstaff,Longstaff,3,13,180135,Leeds,LEE,3,3,0,0,0,0
340,2026/27,5,7,0,0,0,0,0,0,0,0,0,0,0,5,1.6,1.3,12.0,1.5,1,50,0.0,121,147,Joe,Gelhardt,Gelhardt,3,11,462635,Hull City,HUL,2,2,0,0,0,0
341,2026/27,5,0,0,0,0,0,0,0,0,0,0,0,0,0,0.0,0.0,0.0,0.0,0,50,0.0,0,81,Wilfried,Gnonto,Gnonto,3,13,492859,Leeds,LEE,3,3,0,0,0,0
342,2026/27,5,0,0,0,0,0,0,0,0,0,0,0,0,0,0.0,0.0,0.0,0.0,0,50,0.0,0,5,Jack,Harrison,Harrison,3,13,221399,Leeds,LEE,3,3,0,0,0,0
343,2026/27,5,23,0,0,0,0,0,0,0,0,0,0,0,3,1.2,0.2,4.0,0.5,1,49,0.1,249,1053,Daniel,James,James,3,13,200617,Leeds,LEE,3,3,0,0,0,0
344,2026/27,5,0,0,0,0,0,0,0,0,0,0,0,0,0,0.0,0.0,0.0,0.0,0,50,0.0,58,26,Ilia,Gruev,Gruev,3,13,486520,Leeds,LEE,3,3,0,0,0,0
345,2026/27,5,67,0,0,1,0,0,0,0,1,0,0,0,0,0.0,1.2,5.0,0.4,2,49,0.3,3282,3503,Tanaka,Ao,Tanaka,3,13,248056,Leeds,LEE,3,3,0,0,0,0
346,2026/27,5,90,0,0,1,0,0,0,0,0,0,0,0,7,10.2,1.3,19.0,3.1,2,60,24.1,143646,289634,Dominic,Calvert-Lewin,Calvert-Lewin,4,13,177815,Leeds,LEE,3,3,0,0,0,0
347,2026/27,5,14,0,0,0,0,0,0,0,0,0,0,0,4,2.0,0.0,0.0,0.2,1,54,0.5,2845,5140,Lukas,Nmecha,Nmecha,4,13,174594,Leeds,LEE,3,3,0,0,0,0
348,2026/27,5,0,0,0,0,0,0,0,0,0,0,0,0,0,0.0,0.0,0.0,0.0,0,50,0.1,0,595,Joël,Piroe,Piroe,4,13,235826,Leeds,LEE,3,3,0,0,0,0
349,2026/27,5,0,0,0,0,0,0,0,0,0,0,0,0,0,0.0,0.0,0.0,0.0,0,45,0.1,489,660,Mateo,Joseph Fernández-Regatillo,Mateo Joseph,4,13,565297,Leeds,LEE,3,3,0,0,0,0
350,2026/27,5,90,0,0,1,0,0,0,0,0,0,2,2,30,22.4,0.0,0.0,2.2,8,55,4.2,21063,18256,Alisson,Becker,A.Becker,1,14,116535,Liverpool,LIV,4,4,0,0,0,0
351,2026/27,5,0,0,0,0,0,0,0,0,0,0,0,0,0,0.0,0.0,0.0,0.0,0,48,0.1,322,751,Giorgi,Mamardashvili,Mamardashvili,1,14,449027,Liverpool,LIV,4,4,0,0,0,0
352,2026/27,5,0,0,0,0,0,0,0,0,0,0,0,0,0,0.0,0.0,0.0,0.0,0,40,1.0,1167,3291,Freddie,Woodman,Woodman,1,14,155503,Liverpool,LIV,4,4,0,0,0,0
353,2026/27,5,0,0,0,0,0,0,0,0,0,0,0,0,0,0.0,0.0,0.0,0.0,0,40,0.0,0,98,Armin,Pecsi,Pecsi,1,14,586268,Liverpool,LIV,4,4,0,0,0,0
354,2026/27,5,0,0,0,0,0,0,0,0,0,0,0,0,0,0.0,0.0,0.0,0.0,0,40,0.0,281,212,Vitezslav,Jaros,Jaros,1,14,432987,Liverpool,LIV,4,4,0,0,0,0
355,2026/27,5,0,0,0,0,0,0,0,0,0,0,0,0,0,0.0,0.0,0.0,0.0,0,40,0.2,430,605,Harvey,Davies,Davies,1,14,464353,Liverpool,LIV,4,4,0,0,0,0
356,2026/27,5,90,0,0,1,0,0,0,0,0,0,0,0,26,25.8,1.8,0.0,2.8,8,65,16.1,36379,67051,Virgil,van Dijk,Virgil,2,14,97032,Liverpool,LIV,4,4,0,0,0,0
357,2026/27,5,0,0,0,0,0,0,0,0,0,0,0,0,0,0.0,0.0,0.0,0.0,0,53,1.7,2121,17363,Jeremie,Frimpong,Frimpong,2,14,216094,Liverpool,LIV,4,4,0,0,0,0
358,2026/27,5,90,0,0,1,0,0,0,0,0,0,0,0,22,9.8,2.3,2.0,1.4,6,53,2.2,3671,16845,Milos,Kerkez,Kerkez,2,14,544877,Liverpool,LIV,4,4,0,0,0,0
359,2026/27,5,0,0,0,0,0,0,0,0,0,0,0,0,0,0.0,0.0,0.0,0.0,0,49,0.0,429,141,Joe,Gomez,Gomez,2,14,171287,Liverpool,LIV,4,4,0,0,0,0
360,2026/27,5,0,0,0,0,0,0,0,0,0,0,0,0,0,0.0,0.0,0.0,0.0,0,50,0.0,76,103,Conor,Bradley,Bradley,2,14,492777,Liverpool,LIV,4,4,0,0,0,0
361,2026/27,5,0,0,0,0,0,0,0,0,0,0,0,0,0,0.0,0.0,0.0,0.0,0,40,0.1,359,736,Wellity,Lucky,Lucky,2,14,519440,Liverpool,LIV,4,4,0,0,0,0
362,2026/27,5,90,0,0,1,0,0,0,0,0,0,0,0,26,20.0,1.7,0.0,2.2,6,50,3.4,45123,32500,Jeremy,Jacquet,Jacquet,2,14,606702,Liverpool,LIV,4,4,0,0,0,0
363,2026/27,5,0,0,0,0,0,0,0,0,0,0,0,0,0,0.0,0.0,0.0,0.0,0,40,0.0,85,262,Giovanni,Leoni,Leoni,2,14,647681,Liverpool,LIV,4,4,0,0,0,0
364,2026/27,5,0,0,0,0,0,0,0,0,0,0,0,0,0,0.0,0.0,0.0,0.0,0,49,0.1,139,487,Kostas,Tsimikas,Tsimikas,2,14,214285,Liverpool,LIV,4,4,0,0,0,0
365,2026/27,5,0,0,0,0,0,0,0,0,0,0,0,0,0,0.0,0.0,0.0,0.0,0,40,0.1,0,668,Calvin,Ramsay,Ramsay,2,14,489580,Liverpool,LIV,4,4,0,0,0,0
366,2026/27,5,70,0,1,1,0,0,0,0,0,0,0,0,25,13.2,39.3,16.0,6.9,6,73,5.6,10355,63423,Florian,Wirtz,Wirtz,3,14,494595,Liverpool,LIV,4,4,0,0,0,0
367,2026/27,5,90,0,0,1,0,0,0,0,0,0,0,0,13,15.8,43.0,7.0,6.6,3,72,11.1,55041,211282,Cody,Gakpo,Gakpo,3,14,243298,Liverpool,LIV,4,4,0,0,0,0
368,2026/27,5,80,0,0,1,0,0,0,0,1,0,0,0,5,1.6,4.6,2.0,0.8,2,69,31.5,56130,347337,Dominik,Szoboszlai,Szoboszlai,3,14,424876,Liverpool,LIV,4,4,0,0,0,0
369,2026/27,5,0,0,0,0,0,0,0,0,0,0,0,0,0,0.0,0.0,0.0,0.0,0,57,0.4,1173,5704,Rio,Ngumoha,Ngumoha,3,14,611922,Liverpool,LIV,4,4,0,0,0,0
370,2026/27,5,0,0,0,0,0,0,0,0,0,0,0,0,0,0.0,0.0,0.0,0.0,0,53,0.0,20,309,Federico,Chiesa,Chiesa,3,14,223541,Liverpool,LIV,4,4,0,0,0,0
371,2026/27,5,9,0,0,0,0,0,0,0,0,0,0,0,3,0.0,1.5,0.0,0.1,1,58,1.1,1710,11637,Ryan,Gravenberch,Gravenberch,3,14,441266,Liverpool,LIV,4,4,0,0,0,0
372,2026/27,5,90,0,0,1,0,0,0,0,0,0,0,0,19,14.0,6.5,4.0,2.5,5,54,1.3,5280,9664,Alexis,Mac Allister,Mac Allister,3,14,243016,Liverpool,LIV,4,4,0,0,0,0
373,2026/27,5,0,0,0,0,0,0,0,0,0,0,0,0,0,0.0,0.0,0.0,0.0,0,55,0.0,0,85,Curtis,Jones,C.Jones,3,14,206915,Liverpool,LIV,4,4,0,0,0,0
374,2026/27,5,0,0,0,0,0,0,0,0,0,0,0,0,0,0.0,0.0,0.0,0.0,0,49,0.1,193,522,Endo,Wataru,Endo,3,14,158983,Liverpool,LIV,4,4,0,0,0,0
375,2026/27,5,19,0,0,0,0,0,0,0,0,0,0,0,3,9.6,0.6,0.0,1.0,1,49,0.0,125,389,Trey,Nyoni,Nyoni,3,14,591386,Liverpool,LIV,4,4,0,0,0,0
376,2026/27,5,0,0,0,0,0,0,0,0,0,0,0,0,0,0.0,0.0,0.0,0.0,0,50,0.0,0,4,Stefan,Bajčetić Maquieira,Bajcetic,3,14,535928,Liverpool,LIV,4,4,0,0,0,0
377,2026/27,5,18,0,0,0,0,0,0,0,0,0,0,0,7,5.8,11.0,0.0,1.7,1,65,0.9,2514,15654,Victor,Munoz,Munoz,3,14,551499,Liverpool,LIV,4,4,0,0,0,0
378,2026/27,5,0,0,0,0,0,0,0,0,0,0,0,0,0,0.0,0.0,0.0,0.0,0,44,0.2,1187,1912,James,McConnell,McConnell,3,14,491501,Liverpool,LIV,4,4,0,0,0,0
379,2026/27,5,80,1,0,1,0,0,0,0,1,0,0,3,31,32.6,13.4,31.0,7.7,8,91,20.5,131614,266978,Alexander,Isak,Isak,4,14,219168,Liverpool,LIV,4,4,0,0,0,0
380,2026/27,5,0,0,0,0,0,0,0,0,0,0,0,0,0,0.0,0.0,0.0,0.0,0,74,0.1,512,1027,Hugo,Ekitiké,Ekitiké,4,14,510663,Liverpool,LIV,4,4,0,0,0,0
381,2026/27,5,9,0,0,0,0,0,0,0,0,0,0,0,7,3.0,0.0,17.0,2.0,1,50,0.0,432,264,Lewis,Koumas,Koumas,3,14,514514,Liverpool,LIV,4,4,0,0,0,0
382,2026/27,5,0,0,0,0,0,0,0,0,0,0,0,0,0,0.0,0.0,0.0,0.0,0,45,0.2,4829,3143,Jayden,Danns,Danns,4,14,500058,Liverpool,LIV,4,4,0,0,0,0
383,2026/27,5,0,0,0,0,0,0,0,0,0,0,0,0,0,0.0,0.0,0.0,0.0,0,54,0.0,0,288,Harvey,Elliott,Elliott,3,14,444884,Liverpool,LIV,4,4,0,0,0,0
384,2026/27,5,90,0,0,0,3,0,0,0,0,0,4,0,9,31.6,0.0,0.0,3.2,2,55,7.5,14248,45185,Gianluigi,Donnarumma,Donnarumma,1,15,204936,Man City,MCI,4,5,0,0,0,0
385,2026/27,5,90,0,0,1,0,0,0,0,0,0,5,3,34,27.8,0.0,0.0,2.8,10,50,5.5,35465,24370,James,Trafford,Trafford,1,13,432720,Leeds,LEE,3,3,0,0,0,0
386,2026/27,5,0,0,0,0,0,0,0,0,0,0,0,0,0,0.0,0.0,0.0,0.0,0,45,0.0,83,118,Marcus,Bettinelli,Bettinelli,1,15,122074,Man City,MCI,4,5,0,0,0,0
387,2026/27,5,5,0,0,0,0,0,0,0,0,0,0,0,3,5.4,0.8,17.0,2.3,1,63,10.3,5621,130143,Nico,O'Reilly,O'Reilly,2,15,472769,Man City,MCI,4,5,0,0,0,0
388,2026/27,5,90,0,1,0,3,0,0,0,0,0,0,0,13,32.8,13.1,9.0,5.5,4,60,17.9,33707,78966,Marc,Guéhi,Guéhi,2,15,209036,Man City,MCI,4,5,0,0,0,0
389,2026/27,5,90,0,0,0,3,0,0,0,0,0,0,0,0,25.0,3.3,0.0,2.8,1,59,1.0,2489,4102,Matheus,Nunes,Matheus N.,2,15,465351,Man City,MCI,4,5,0,0,0,0
390,2026/27,5,90,0,0,0,3,0,0,0,0,0,0,0,-7,4.8,0.3,7.0,1.2,1,55,1.9,6456,12705,Rúben,dos Santos Gato Alves Dias,Rúben,2,15,171314,Man City,MCI,4,5,0,0,0,0
391,2026/27,5,90,0,1,0,3,0,0,0,0,0,0,0,22,34.0,11.4,2.0,4.7,4,57,27.0,220319,97805,Joško,Gvardiol,Gvardiol,2,15,477424,Man City,MCI,4,5,0,0,0,0
392,2026/27,5,0,0,0,0,0,0,0,0,0,0,0,0,0,0.0,0.0,0.0,0.0,0,52,0.4,694,2857,Rayan,Aït-Nouri,Aït-Nouri,2,15,448514,Man City,MCI,4,5,0,0,0,0
393,2026/27,5,0,0,0,0,0,0,0,0,0,0,0,0,0,0.0,0.0,0.0,0.0,0,54,1.3,1826,11553,Abdukodir,Khusanov,Khusanov,2,15,578153,Man City,MCI,4,5,0,0,0,0
394,2026/27,5,0,0,0,0,0,0,0,0,0,0,0,0,0,0.0,0.0,0.0,0.0,0,50,0.0,0,22,Max,Alleyne,Alleyne,2,15,494307,Man City,MCI,4,5,0,0,0,0
395,2026/27,5,0,0,0,0,0,0,0,0,0,0,0,0,0,0.0,0.0,0.0,0.0,0,44,0.2,450,1577,Rico,Lewis,Lewis,2,15,477064,Man City,MCI,4,5,0,0,0,0
396,2026/27,5,0,0,0,0,0,0,0,0,0,0,0,0,0,0.0,0.0,0.0,0.0,0,45,0.0,92,188,Vitor,de Oliveira Nunes dos Reis,Vitor Reis,2,15,616222,Man City,MCI,4,5,0,0,0,0
397,2026/27,5,90,2,1,0,3,0,0,0,0,0,0,2,65,95.6,34.2,42.0,17.2,17,84,14.3,139185,165438,Antoine,Semenyo,Semenyo,3,15,437730,Man City,MCI,4,5,0,0,0,0
398,2026/27,5,0,0,0,0,0,0,0,0,0,0,0,0,0,0.0,0.0,0.0,0.0,0,69,1.7,266,40361,Phil,Foden,Foden,3,15,209244,Man City,MCI,4,5,0,0,0,0
399,2026/27,5,84,1,0,0,3,0,0,0,0,0,0,1,35,42.8,43.6,27.0,11.3,8,78,28.6,206255,149301,Rayan,Cherki,Cherki,3,15,466052,Man City,MCI,4,5,0,0,0,0
400,2026/27,5,15,0,0,0,0,0,0,0,0,0,0,0,7,3.6,13.8,5.0,2.2,1,74,0.7,7460,2924,Jérémy,Doku,Doku,3,15,248875,Man City,MCI,4,5,0,0,0,0
401,2026/27,5,90,0,0,0,3,0,0,0,0,0,0,0,8,5.6,6.4,6.0,1.8,2,70,2.2,21869,31034,Omar,Marmoush,Marmoush,4,19,438234,Spurs,TOT,2,3,0,0,0,0
402,2026/27,5,0,0,0,0,0,0,0,0,0,0,0,0,0,0.0,0.0,0.0,0.0,0,65,0.0,0,30,Rodrigo 'Rodri',Hernandez Cascante,Rodrigo,3,15,220566,Man City,MCI,4,5,0,0,0,0
403,2026/27,5,90,0,0,0,3,0,0,0,0,0,0,0,29,24.4,59.0,53.0,13.6,2,65,0.6,5026,10818,Sávio,Moreira de Oliveira,Sávio,3,19,510281,Spurs,TOT,2,3,0,0,0,0
404,2026/27,5,0,0,0,0,0,0,0,0,0,0,0,0,0,0.0,0.0,0.0,0.0,0,60,0.0,0,122,Tijjani,Reijnders,Reijnders,3,15,433036,Man City,MCI,4,5,0,0,0,0
405,2026/27,5,0,0,0,0,0,0,0,0,0,0,0,0,0,0.0,0.0,0.0,0.0,0,55,0.2,1079,2185,Nico,González Iglesias,N.Gonzalez,3,17,465694,Newcastle,NEW,3,3,0,0,0,0
406,2026/27,5,0,0,0,0,0,0,0,0,0,0,0,0,0,0.0,0.0,0.0,0.0,0,53,0.1,143,571,Mateo,Kovačić,Kovačić,3,15,91651,Man City,MCI,4,5,0,0,0,0
407,2026/27,5,0,0,0,0,0,0,0,0,0,0,0,0,0,0.0,0.0,0.0,0.0,0,49,0.0,0,68,Claudio,Echeverri,Echeverri,3,15,575204,Man City,MCI,4,5,0,0,0,0
408,2026/27,5,0,0,0,0,0,0,0,0,0,0,0,0,0,0.0,0.0,0.0,0.0,0,50,0.0,0,18,Kalvin,Phillips,Phillips,3,15,155405,Man City,MCI,4,5,0,0,0,0
409,2026/27,5,0,0,0,0,0,0,0,0,0,0,0,0,0,0.0,0.0,0.0,0.0,0,45,0.1,0,829,Divine,Mukasa,Mukasa,3,15,590039,Man City,MCI,4,5,0,0,0,0
410,2026/27,5,0,0,0,0,0,0,0,0,0,0,0,0,0,0.0,0.0,0.0,0.0,0,49,0.0,0,70,Jeremy,Monga,Monga,3,15,649208,Man City,MCI,4,5,0,0,0,0
411,2026/27,5,90,1,0,0,3,0,0,0,0,0,0,0,25,28.6,2.0,57.0,8.8,6,156,74.1,126550,38782,Erling,Haaland,Haaland,4,15,223094,Man City,MCI,4,5,0,0,0,0
412,2026/27,5,90,0,0,0,1,0,0,0,0,0,6,0,22,47.2,0.0,0.0,4.7,4,49,9.6,10677,77516,Senne,Lammens,Lammens,1,16,465247,Man Utd,MUN,4,4,0,0,0,0
413,2026/27,5,0,0,0,0,0,0,0,0,0,0,0,0,0,0.0,0.0,0.0,0.0,0,45,0.0,0,60,Altay,Bayındır,Bayindir,1,16,451302,Man Utd,MUN,4,4,0,0,0,0
414,2026/27,5,0,0,0,0,0,0,0,0,0,0,0,0,0,0.0,0.0,0.0,0.0,0,40,0.1,298,406,Tom,Heaton,Heaton,1,16,21205,Man Utd,MUN,4,4,0,0,0,0
415,2026/27,5,6,0,1,0,0,0,0,0,0,0,0,0,12,18.4,11.2,11.0,4.1,4,58,0.5,1068,7139,Patrick,Dorgu,Dorgu,3,16,596777,Man Utd,MUN,4,4,0,0,0,0
416,2026/27,5,0,0,0,0,0,0,0,0,0,0,0,0,0,0.0,0.0,0.0,0.0,0,49,0.0,103,165,Matthijs,de Ligt,De Ligt,2,16,209365,Man Utd,MUN,4,4,0,0,0,0
417,2026/27,5,90,0,0,0,1,0,0,0,0,0,0,0,11,8.6,15.0,7.0,3.1,2,49,1.6,2643,11423,Diogo,Dalot Teixeira,Dalot,2,16,216051,Man Utd,MUN,4,4,0,0,0,0
418,2026/27,5,90,0,0,0,1,0,0,0,0,0,0,0,17,17.2,17.1,12.0,4.6,2,48,8.3,8320,111897,Harry,Maguire,Maguire,2,16,95658,Man Utd,MUN,4,4,0,0,0,0
419,2026/27,5,90,0,0,0,1,1,0,0,0,0,0,0,6,12.4,13.3,22.0,4.8,0,49,1.3,5165,8322,Lisandro,Martínez,Martinez,2,16,221820,Man Utd,MUN,4,4,0,0,0,0
420,2026/27,5,0,0,0,0,0,0,0,0,0,0,0,0,0,0.0,0.0,0.0,0.0,0,48,0.5,749,2740,Leny,Yoro,Yoro,2,16,550864,Man Utd,MUN,4,4,0,0,0,0
421,2026/27,5,0,0,0,0,0,0,0,0,0,0,0,0,0,0.0,0.0,0.0,0.0,0,43,0.3,352,2009,Ayden,Heaven,Heaven,2,16,606745,Man Utd,MUN,4,4,0,0,0,0
422,2026/27,5,0,0,0,0,0,0,0,0,0,0,0,0,0,0.0,0.0,0.0,0.0,0,44,0.5,623,4754,Noussair,Mazraoui,Mazraoui,2,16,230001,Man Utd,MUN,4,4,0,0,0,0
423,2026/27,5,83,0,0,0,1,0,0,0,0,0,0,0,7,6.6,6.0,4.0,1.7,2,43,7.4,7907,111688,Luke,Shaw,Shaw,2,16,106760,Man Utd,MUN,4,4,0,0,0,0
424,2026/27,5,0,0,0,0,0,0,0,0,0,0,0,0,0,0.0,0.0,0.0,0.0,0,40,0.2,578,1112,Harry,Amass,Amass,2,16,577974,Man Utd,MUN,4,4,0,0,0,0
425,2026/27,5,0,0,0,0,0,0,0,0,0,0,0,0,0,0.0,0.0,0.0,0.0,0,40,0.0,0,65,Tyler,Fredricson,Fredricson,2,16,547676,Man Utd,MUN,4,4,0,0,0,0
426,2026/27,5,90,0,0,0,1,0,0,0,0,0,0,0,15,14.0,58.8,13.0,8.6,2,119,38.1,85112,287915,Bruno,Borges Fernandes,B.Fernandes,3,16,141746,Man Utd,MUN,4,4,0,0,0,0
427,2026/27,5,90,0,0,0,1,0,0,0,0,0,0,0,23,14.6,46.3,30.0,9.1,2,79,20.3,80859,200784,Bryan,Mbeumo,Mbeumo,3,16,446008,Man Utd,MUN,4,4,0,0,0,0
428,2026/27,5,90,1,0,0,1,0,0,0,0,0,0,3,32,42.4,35.2,26.0,10.4,10,79,5.9,43492,32591,Matheus,Santos Carneiro da Cunha,Cunha,3,16,430871,Man Utd,MUN,4,4,0,0,0,0
429,2026/27,5,76,0,0,0,1,0,0,0,0,0,0,0,15,16.6,53.7,58.0,12.8,2,69,1.4,4807,25821,Marcus,Rashford,Rashford,3,16,176297,Man Utd,MUN,4,4,0,0,0,0
430,2026/27,5,10,0,0,0,0,0,0,0,0,0,0,0,3,0.6,1.1,5.0,0.7,1,54,0.0,235,246,Mason,Mount,Mount,3,16,184341,Man Utd,MUN,4,4,0,0,0,0
431,2026/27,5,0,0,0,0,0,0,0,0,0,0,0,0,0,0.0,0.0,0.0,0.0,0,57,0.3,212,2617,Amad,Diallo,Amad,3,16,493250,Man Utd,MUN,4,4,0,0,0,0
432,2026/27,5,79,0,0,0,1,0,0,0,0,0,0,0,18,11.2,17.4,9.0,3.8,4,55,1.5,8917,22528,Kobbie,Mainoo,Mainoo,3,16,516895,Man Utd,MUN,4,4,0,0,0,0
433,2026/27,5,0,0,0,0,0,0,0,0,0,0,0,0,0,0.0,0.0,0.0,0.0,0,50,0.0,30,31,Manuel,Ugarte Ribeiro,Ugarte,3,16,232112,Man Utd,MUN,4,4,0,0,0,0
434,2026/27,5,0,0,0,0,0,0,0,0,0,0,0,0,0,0.0,0.0,0.0,0.0,0,49,0.0,57,80,Jack,Fletcher,J.Fletcher,3,16,547037,Man Utd,MUN,4,4,0,0,0,0
435,2026/27,5,0,0,0,0,0,0,0,0,0,0,0,0,0,0.0,0.0,0.0,0.0,0,49,0.1,461,474,Shea,Lacey,Lacey,3,16,576628,Man Utd,MUN,4,4,0,0,0,0
436,2026/27,5,0,0,0,0,0,0,0,0,0,0,0,0,0,0.0,0.0,0.0,0.0,0,50,0.0,0,55,Toby,Collyer,Collyer,3,16,490881,Man Utd,MUN,4,4,0,0,0,0
437,2026/27,5,0,0,0,0,0,0,0,0,0,0,0,0,0,0.0,0.0,0.0,0.0,0,44,0.2,678,1187,Bendito,Mantato,Bendito Mantato,3,16,576620,Man Utd,MUN,4,4,0,0,0,0
438,2026/27,5,0,0,0,0,0,0,0,0,0,0,0,0,0,0.0,0.0,0.0,0.0,0,44,0.3,2865,2751,Tyler,Fletcher,Fletcher,3,16,519913,Man Utd,MUN,4,4,0,0,0,0
439,2026/27,5,0,0,0,0,0,0,0,0,0,0,0,0,0,0.0,0.0,0.0,0.0,0,70,1.5,7126,33153,Benjamin,Sesko,Šeško,4,16,485711,Man Utd,MUN,4,4,0,0,0,0
440,2026/27,5,13,0,0,0,0,0,0,0,0,0,0,0,4,3.2,10.1,0.0,1.3,1,53,0.4,2863,3998,Joshua,Zirkzee,Zirkzee,4,16,458249,Man Utd,MUN,4,4,0,0,0,0
441,2026/27,5,0,0,0,0,0,0,0,0,0,0,0,0,0,0.0,0.0,0.0,0.0,0,45,0.9,0,14099,Chido,Obi,Obi,4,16,596047,Man Utd,MUN,4,4,0,0,0,0
442,2026/27,5,0,0,0,0,0,0,0,0,0,0,0,0,0,0.0,0.0,0.0,0.0,0,49,0.9,1274,4132,Nick,Pope,Pope,1,17,98747,Newcastle,NEW,3,3,0,0,0,0
443,2026/27,5,0,0,0,0,0,0,0,0,0,0,0,0,0,0.0,0.0,0.0,0.0,0,45,0.0,68,127,Mark,Gillespie,Gillespie,1,17,81441,Newcastle,NEW,3,3,0,0,0,0
444,2026/27,5,0,0,0,0,0,0,0,0,0,0,0,0,0,0.0,0.0,0.0,0.0,0,44,0.0,29,185,Ewen,Jaouen,Jaouen,1,17,554578,Newcastle,NEW,3,3,0,0,0,0
445,2026/27,5,90,0,0,0,1,0,0,0,0,0,0,0,13,31.4,1.4,2.0,3.5,4,50,2.2,16015,16209,Malick,Thiaw,Thiaw,2,17,465642,Newcastle,NEW,3,3,0,0,0,0
446,2026/27,5,24,0,0,0,1,0,0,0,0,0,0,0,1,25.0,10.5,0.0,3.6,1,49,0.2,1020,1209,Fabian,Schär,Schär,2,17,119471,Newcastle,NEW,3,3,0,0,0,0
447,2026/27,5,90,0,0,0,1,0,0,0,0,0,0,0,12,35.2,0.8,17.0,5.3,4,50,0.7,8227,4704,Sven,Botman,Botman,2,17,220237,Newcastle,NEW,3,3,0,0,0,0
448,2026/27,5,0,0,0,0,0,0,0,0,0,0,0,0,0,0.0,0.0,0.0,0.0,0,48,0.7,148,8053,Dan,Burn,Burn,2,17,78916,Newcastle,NEW,3,3,0,0,0,0
449,2026/27,5,90,1,0,0,1,0,0,0,0,0,0,3,38,65.6,29.2,24.0,11.9,13,53,19.0,423797,39605,Lewis,Hall,Hall,2,17,487838,Newcastle,NEW,3,3,0,0,0,0
450,2026/27,5,0,0,0,0,0,0,0,0,0,0,0,0,0,0.0,0.0,0.0,0.0,0,49,0.1,520,2465,Tino,Livramento,Livramento,2,17,441191,Newcastle,NEW,3,3,0,0,0,0
451,2026/27,5,0,0,0,0,0,0,0,0,0,0,0,0,0,0.0,0.0,0.0,0.0,0,40,0.1,0,407,Alex,Murphy,A.Murphy,2,17,545477,Newcastle,NEW,3,3,0,0,0,0
452,2026/27,5,59,0,0,0,3,0,0,0,0,0,0,0,12,4.2,1.8,6.0,1.2,1,67,1.8,10851,10821,Bruno,Guimarães Rodriguez Moura,Bruno G.,3,1,208706,Arsenal,ARS,4,5,0,0,0,0
453,2026/27,5,90,0,2,0,1,0,0,0,0,0,0,1,34,47.6,36.8,27.0,11.1,9,61,6.8,288408,46752,Harvey,Barnes,Barnes,3,17,201666,Newcastle,NEW,3,3,0,0,0,0
454,2026/27,5,0,0,0,0,0,0,0,0,0,0,0,0,0,0.0,0.0,0.0,0.0,0,61,4.0,413,224218,Anthony,Elanga,Elanga,3,17,449434,Newcastle,NEW,3,3,0,0,0,0
455,2026/27,5,83,0,0,0,3,0,0,0,0,0,0,0,18,16.8,17.6,10.0,4.4,2,53,1.8,3457,22414,Sandro,Tonali,Tonali,3,19,432422,Spurs,TOT,2,3,0,0,0,0
456,2026/27,5,0,0,0,0,0,0,0,0,0,0,0,0,0,0.0,0.0,0.0,0.0,0,48,0.2,94,6530,Jacob,Ramsey,J.Ramsey,3,17,232653,Newcastle,NEW,3,3,0,0,0,0
457,2026/27,5,90,0,0,0,1,0,0,0,1,0,0,0,12,9.4,19.7,4.0,3.3,1,59,0.1,1415,1194,Jacob,Murphy,J.Murphy,3,17,114243,Newcastle,NEW,3,3,0,0,0,0
458,2026/27,5,0,0,0,0,0,0,0,0,0,0,0,0,0,0.0,0.0,0.0,0.0,0,54,0.0,32,113,Joelinton Cássio,Apolinário de Lira,Joelinton,3,17,180974,Newcastle,NEW,3,3,0,0,0,0
459,2026/27,5,90,0,0,0,1,0,0,0,0,0,0,0,19,21.8,15.6,0.0,3.7,4,55,0.1,508,1041,Lewis,Miley,L.Miley,3,17,547719,Newcastle,NEW,3,3,0,0,0,0
460,2026/27,5,86,1,0,0,1,0,0,0,0,0,0,3,38,40.2,7.3,22.0,7.0,10,50,0.6,15350,4747,Joe,Willock,Willock,3,17,200089,Newcastle,NEW,3,3,0,0,0,0
461,2026/27,5,16,0,0,0,0,0,0,0,0,0,0,0,2,1.0,0.0,0.0,0.1,1,58,0.1,506,1261,Bazoumana,Touré,Touré,3,17,611665,Newcastle,NEW,3,3,0,0,0,0
462,2026/27,5,65,0,0,1,0,0,0,0,0,0,0,0,18,16.0,30.3,0.0,4.6,3,49,0.1,398,595,Sean,Steur,Steur,3,17,636852,Newcastle,NEW,3,3,0,0,0,0
463,2026/27,5,0,0,0,0,0,0,0,0,0,0,0,0,0,0.0,0.0,0.0,0.0,0,59,0.5,0,4645,Nick,Woltemade,Woltemade,4,17,470313,Newcastle,NEW,3,3,0,0,0,0
464,2026/27,5,90,0,0,0,1,0,0,1,0,0,0,0,0,8.8,5.2,20.0,3.4,0,62,19.0,171884,200949,Yoane,Wissa,Wissa,4,17,216646,Newcastle,NEW,3,3,0,0,0,0
465,2026/27,5,0,0,0,0,0,0,0,0,0,0,0,0,0,0.0,0.0,0.0,0.0,0,58,0.3,224,3261,William,Osula,Osula,4,17,538207,Newcastle,NEW,3,3,0,0,0,0
466,2026/27,5,0,0,0,0,0,0,0,0,0,0,0,0,0,0.0,0.0,0.0,0.0,0,45,0.5,0,5245,Sean,Neave,Neave,4,17,599303,Newcastle,NEW,3,3,0,0,0,0
467,2026/27,5,90,0,0,0,1,0,0,0,0,0,2,0,10,13.8,0.0,0.0,1.4,2,50,1.5,3111,10114,Matz,Sels,Sels,1,18,85633,Nott'm Forest,NFO,3,3,0,0,0,0
468,2026/27,5,0,0,0,0,0,0,0,0,0,0,0,0,0,0.0,0.0,0.0,0.0,0,45,0.1,83,206,John Victor,Maciel Furtado,John,1,18,221389,Nott'm Forest,NFO,3,3,0,0,0,0
469,2026/27,5,90,0,0,0,1,0,0,0,0,0,0,0,19,20.6,61.8,16.0,9.8,2,50,8.4,17897,82178,Neco,Williams,N.Williams,2,18,215136,Nott'm Forest,NFO,3,3,0,0,0,0
470,2026/27,5,0,0,0,0,0,0,0,0,0,0,0,0,0,0.0,0.0,0.0,0.0,0,50,0.0,0,159,Felipe,Rodrigues da Silva,Morato,2,18,485047,Nott'm Forest,NFO,3,3,0,0,0,0
471,2026/27,5,0,0,0,0,0,0,0,0,0,0,0,0,0,0.0,0.0,0.0,0.0,0,54,0.9,98,17300,Nikola,Milenković,Milenković,2,18,227444,Nott'm Forest,NFO,3,3,0,0,0,0
472,2026/27,5,90,0,0,0,1,0,0,0,0,0,0,0,16,30.0,24.3,9.0,6.3,4,55,2.2,15645,12673,Murillo,Costa dos Santos,Murillo,2,18,575476,Nott'm Forest,NFO,3,3,0,0,0,0
473,2026/27,5,0,0,0,0,0,0,0,0,0,0,0,0,0,0.0,0.0,0.0,0.0,0,44,2.3,1738,31471,Ola,Aina,Aina,2,18,159506,Nott'm Forest,NFO,3,3,0,0,0,0
474,2026/27,5,90,0,0,0,1,0,0,0,1,0,0,0,5,14.2,11.8,1.0,2.7,1,45,0.2,459,933,Jair,Paula da Cunha Filho,Jair Cunha,2,18,575458,Nott'm Forest,NFO,3,3,0,0,0,0
475,2026/27,5,0,0,0,0,0,0,0,0,0,0,0,0,0,0.0,0.0,0.0,0.0,0,45,0.0,26,31,Nicolò,Savona,Savona,2,18,500151,Nott'm Forest,NFO,3,3,0,0,0,0
476,2026/27,5,0,0,0,0,0,0,0,0,0,0,0,0,0,0.0,0.0,0.0,0.0,0,40,0.2,407,1053,Omar,Richards,O.Richards,2,18,204822,Nott'm Forest,NFO,3,3,0,0,0,0
477,2026/27,5,0,0,0,0,0,0,0,0,0,0,0,0,0,0.0,0.0,0.0,0.0,0,40,0.1,0,1242,Zach,Abbott,Abbott,2,18,549067,Nott'm Forest,NFO,3,3,0,0,0,0
478,2026/27,5,7,0,0,0,0,0,0,0,0,0,0,0,5,4.0,16.6,2.0,2.3,1,44,0.0,78,163,Luca,Netz,Netz,2,18,470315,Nott'm Forest,NFO,3,3,0,0,0,0
479,2026/27,5,0,0,0,0,0,0,0,0,0,0,0,0,0,0.0,0.0,0.0,0.0,0,40,0.1,0,795,Tyler,Bindon,Bindon,2,18,538638,Nott'm Forest,NFO,3,3,0,0,0,0
480,2026/27,5,90,0,0,0,1,0,0,0,0,0,0,0,25,22.4,81.4,6.0,11.0,2,80,15.8,125128,137475,Morgan,Gibbs-White,Gibbs-White,3,18,222531,Nott'm Forest,NFO,3,3,0,0,0,0
481,2026/27,5,90,0,0,0,3,0,0,0,0,0,0,0,15,13.4,4.7,1.0,1.9,2,63,3.9,11619,39879,Elliot,Anderson,Anderson,3,15,215379,Man City,MCI,4,5,0,0,0,0
482,2026/27,5,0,0,0,0,0,0,0,0,0,0,0,0,0,0.0,0.0,0.0,0.0,0,58,0.1,422,1536,Callum,Hudson-Odoi,Hudson-Odoi,3,18,209046,Nott'm Forest,NFO,3,3,0,0,0,0
483,2026/27,5,58,0,0,0,1,0,0,0,0,0,0,0,3,1.4,25.3,16.0,4.3,1,55,0.7,1347,12198,Dan,Ndoye,Ndoye,3,18,456512,Nott'm Forest,NFO,3,3,0,0,0,0
484,2026/27,5,0,0,0,0,0,0,0,0,0,0,0,0,0,0.0,0.0,0.0,0.0,0,54,0.1,0,508,Omari,Hutchinson,Hutchinson,3,18,503301,Nott'm Forest,NFO,3,3,0,0,0,0
485,2026/27,5,0,0,0,0,0,0,0,0,0,0,0,0,0,0.0,0.0,0.0,0.0,0,55,0.0,0,44,Dilane,Bakwa,Bakwa,3,18,476887,Nott'm Forest,NFO,3,3,0,0,0,0
486,2026/27,5,82,0,0,0,1,0,0,0,0,0,0,0,17,13.6,27.0,18.0,5.9,2,55,0.1,542,1313,James,McAtee,McAtee,3,18,432714,Nott'm Forest,NFO,3,3,0,0,0,0
487,2026/27,5,0,0,0,0,0,0,0,0,0,0,0,0,0,0.0,0.0,0.0,0.0,0,49,0.1,78,404,Nicolás,Domínguez,Dominguez,3,18,250199,Nott'm Forest,NFO,3,3,0,0,0,0
488,2026/27,5,7,0,0,0,0,0,0,0,0,0,0,0,3,1.4,0.3,0.0,0.2,1,48,0.4,574,5277,Ibrahim,Sangaré,I.Sangaré,3,18,210462,Nott'm Forest,NFO,3,3,0,0,0,0
489,2026/27,5,0,0,0,0,0,0,0,0,0,0,0,0,0,0.0,0.0,0.0,0.0,0,44,1.1,1161,10206,Ryan,Yates,Yates,3,18,204968,Nott'm Forest,NFO,3,3,0,0,0,0
490,2026/27,5,17,0,0,0,0,0,0,0,0,0,0,0,4,1.0,2.3,0.0,0.3,1,58,0.9,3186,8614,Chris,Wood,Wood,4,18,60689,Nott'm Forest,NFO,3,3,0,0,0,0
491,2026/27,5,31,0,0,0,0,0,0,0,0,0,0,0,4,3.4,9.2,14.0,2.7,1,58,2.5,13007,38070,Igor Jesus,Maciel da Cruz,Igor Jesus,4,18,482973,Nott'm Forest,NFO,3,3,0,0,0,0
492,2026/27,5,0,0,0,0,0,0,0,0,0,0,0,0,0,0.0,0.0,0.0,0.0,0,54,0.4,108,7474,Taiwo,Awoniyi,Awoniyi,4,7,210156,Coventry City,COV,2,2,0,0,0,0
493,2026/27,5,0,0,0,0,0,0,0,0,0,0,0,0,0,0.0,0.0,0.0,0.0,0,54,0.0,294,529,Arnaud,Kalimuendo,Kalimuendo,4,18,465680,Nott'm Forest,NFO,3,3,0,0,0,0
494,2026/27,5,0,0,0,0,0,0,0,0,0,0,0,0,0,0.0,0.0,0.0,0.0,0,45,0.1,0,946,Guglielmo,Vicario,Vicario,1,19,184254,Spurs,TOT,2,3,0,0,0,0
495,2026/27,5,0,0,0,0,0,0,0,0,0,0,0,0,0,0.0,0.0,0.0,0.0,0,40,1.0,3011,3157,Brandon,Austin,Austin,1,19,214572,Spurs,TOT,2,3,0,0,0,0
496,2026/27,5,90,0,0,0,3,0,0,0,0,0,3,0,5,27.2,0.0,0.0,2.7,2,45,16.6,30730,185456,Antonín,Kinský,Kinsky,1,19,485055,Spurs,TOT,2,3,0,0,0,0
497,2026/27,5,0,0,0,0,0,0,0,0,0,0,0,0,0,0.0,0.0,0.0,0.0,0,40,17.0,52232,77761,Martin,Dubravka,Dubravka,1,19,67089,Spurs,TOT,2,3,0,0,0,0
498,2026/27,5,0,0,0,0,0,0,0,0,0,0,0,0,0,0.0,0.0,0.0,0.0,0,58,3.4,1736,29812,Marcos,Senesi Barón,Senesi,2,19,221466,Spurs,TOT,2,3,0,0,0,0
499,2026/27,5,18,0,0,0,0,0,0,0,0,0,0,0,4,0.0,3.9,1.0,0.5,1,54,7.1,1941,120269,Pedro,Porro Sauceda,Pedro Porro,2,19,441164,Spurs,TOT,2,3,0,0,0,0
500,2026/27,5,0,0,0,0,0,0,0,0,0,0,0,0,0,0.0,0.0,0.0,0.0,0,50,0.1,0,357,Cristian,Romero,Romero,2,19,221632,Spurs,TOT,2,3,0,0,0,0
501,2026/27,5,90,0,0,0,5,0,0,0,0,0,0,0,-8,17.6,11.0,19.0,4.8,0,50,0.2,1702,1083,Kevin,Danso,Danso,2,20,135720,Sunderland,SUN,3,3,0,0,0,0
502,2026/27,5,90,0,1,0,3,0,0,0,0,0,0,0,15,29.8,56.1,6.0,9.2,4,44,2.5,10751,23120,Andrew,Robertson,Robertson,2,19,122798,Spurs,TOT,2,3,0,0,0,0
503,2026/27,5,90,0,0,0,3,0,0,0,0,0,0,0,7,24.2,2.3,4.0,3.1,1,50,3.8,10504,29130,Micky,van de Ven,Van de Ven,2,19,491279,Spurs,TOT,2,3,0,0,0,0
504,2026/27,5,90,0,0,1,0,0,0,0,0,0,0,0,27,20.6,1.6,2.0,2.4,8,50,4.0,99118,25279,Luka,Vušković,Vuskovic,2,5,610799,Brighton,BHA,3,4,0,0,0,0
505,2026/27,5,0,0,0,0,0,0,0,0,0,0,0,0,0,0.0,0.0,0.0,0.0,0,45,0.2,0,1495,Djed,Spence,Spence,2,19,232859,Spurs,TOT,2,3,0,0,0,0
506,2026/27,5,0,0,0,0,0,0,0,0,0,0,0,0,0,0.0,0.0,0.0,0.0,0,44,0.3,493,2252,Destiny,Udogie,Udogie,2,19,487053,Spurs,TOT,2,3,0,0,0,0
507,2026/27,5,0,0,0,0,0,0,0,0,0,0,0,0,0,0.0,0.0,0.0,0.0,0,45,0.0,0,68,Ashley,Phillips,Phillips,2,19,548308,Spurs,TOT,2,3,0,0,0,0
508,2026/27,5,0,0,0,0,0,0,0,0,0,0,0,0,0,0.0,0.0,0.0,0.0,0,39,0.9,10629,6032,Ben,Davies,Davies,2,19,115556,Spurs,TOT,2,3,0,0,0,0
509,2026/27,5,0,0,0,0,0,0,0,0,0,0,0,0,0,0.0,0.0,0.0,0.0,0,40,0.1,175,336,Jun'ai,Byfield,Byfield,2,19,640419,Spurs,TOT,2,3,0,0,0,0
510,2026/27,5,0,0,0,0,0,0,0,0,0,0,0,0,0,0.0,0.0,0.0,0.0,0,40,0.1,219,462,James,Rowswell,Rowswell,2,19,499716,Spurs,TOT,2,3,0,0,0,0
511,2026/27,5,0,0,0,0,0,0,0,0,0,0,0,0,0,0.0,0.0,0.0,0.0,0,40,0.2,0,1301,João Victor,de Souza Menezes,Souza,2,19,616221,Spurs,TOT,2,3,0,0,0,0
512,2026/27,5,45,0,1,0,2,0,0,0,0,0,0,0,24,24.8,17.5,7.0,4.9,4,65,0.2,3845,1846,Mohammed,Kudus,Kudus,3,19,460842,Spurs,TOT,2,3,0,0,0,0
513,2026/27,5,0,0,0,0,0,0,0,0,0,0,0,0,0,0.0,0.0,0.0,0.0,0,59,0.0,68,94,Xavi,Simons,Xavi,3,19,493362,Spurs,TOT,2,3,0,0,0,0
514,2026/27,5,0,0,0,0,0,0,0,0,0,0,0,0,0,0.0,0.0,0.0,0.0,0,57,0.2,307,2867,Mathys,Tel,Tel,3,19,511499,Spurs,TOT,2,3,0,0,0,0
515,2026/27,5,24,0,0,0,2,0,0,0,0,0,0,0,9,10.6,2.4,11.0,2.4,1,63,0.4,1181,2814,James,Maddison,Maddison,3,19,172780,Spurs,TOT,2,3,0,0,0,0
516,2026/27,5,83,0,0,0,3,0,0,0,0,0,0,0,15,19.0,6.3,2.0,2.7,4,55,0.2,609,1289,Rodrigo,Bentancur,Bentancur,3,19,202993,Spurs,TOT,2,3,0,0,0,0
517,2026/27,5,0,0,0,0,0,0,0,0,0,0,0,0,0,0.0,0.0,0.0,0.0,0,55,0.0,45,21,Wilson,Odobert,Odobert,3,19,550839,Spurs,TOT,2,3,0,0,0,0
518,2026/27,5,0,0,0,0,0,0,0,0,0,0,0,0,0,0.0,0.0,0.0,0.0,0,49,0.1,0,945,Pape Matar,Sarr,P.M.Sarr,3,19,482442,Spurs,TOT,2,3,0,0,0,0
519,2026/27,5,6,1,0,0,0,0,0,0,0,0,0,0,24,38.4,2.3,33.0,7.4,6,53,0.2,1066,1063,Conor,Gallagher,Gallagher,3,19,232787,Spurs,TOT,2,3,0,0,0,0
520,2026/27,5,6,0,0,0,0,0,0,0,0,0,0,0,3,3.0,0.9,2.0,0.6,1,53,0.1,143,843,Lucas,Bergvall,Bergvall,3,19,570526,Spurs,TOT,2,3,0,0,0,0
521,2026/27,5,0,0,0,0,0,0,0,0,0,0,0,0,0,0.0,0.0,0.0,0.0,0,65,0.0,150,101,Dejan,Kulusevski,Kulusevski,3,19,445044,Spurs,TOT,2,3,0,0,0,0
522,2026/27,5,71,0,0,0,3,0,0,0,0,0,0,0,14,10.8,3.1,17.0,3.1,2,49,0.2,642,1653,Archie,Gray,Gray,3,19,547701,Spurs,TOT,2,3,0,0,0,0
523,2026/27,5,0,0,0,0,0,0,0,0,0,0,0,0,0,0.0,0.0,0.0,0.0,0,50,0.1,0,810,Mikey,Moore,Moore,3,19,499721,Spurs,TOT,2,3,0,0,0,0
524,2026/27,5,0,0,0,0,0,0,0,0,0,0,0,0,0,0.0,0.0,0.0,0.0,0,44,1.0,6555,9506,Callum,Olusesi,Olusesi,3,19,499726,Spurs,TOT,2,3,0,0,0,0
525,2026/27,5,45,0,0,0,1,0,0,0,0,0,0,0,2,0.0,5.7,9.0,1.1,1,57,0.7,715,9522,Mateus,Fernandes,Fernandes,3,19,551226,Spurs,TOT,2,3,0,0,0,0
526,2026/27,5,65,0,0,0,1,0,0,0,0,0,0,0,9,5.2,12.6,16.0,3.4,2,58,0.8,3228,8178,Dominic,Solanke-Mitchell,Solanke,4,19,154566,Spurs,TOT,2,3,0,0,0,0
527,2026/27,5,0,0,0,0,0,0,0,0,0,0,0,0,0,0.0,0.0,0.0,0.0,0,59,0.6,0,7888,Richarlison,de Andrade,Richarlison,4,19,212319,Spurs,TOT,2,3,0,0,0,0
528,2026/27,5,0,0,0,0,0,0,0,0,0,0,0,0,0,0.0,0.0,0.0,0.0,0,45,1.1,0,10884,Dane,Scarlett,Scarlett,4,19,490145,Spurs,TOT,2,3,0,0,0,0
529,2026/27,5,90,0,0,0,5,0,0,0,0,0,1,0,-8,14.4,0.0,0.0,1.4,0,49,2.4,2918,19086,Robin,Roefs,Roefs,1,20,498016,Sunderland,SUN,3,3,0,0,0,0
530,2026/27,5,0,0,0,0,0,0,0,0,0,0,0,0,0,0.0,0.0,0.0,0.0,0,40,0.1,0,505,Anthony,Patterson,Patterson,1,20,232571,Sunderland,SUN,3,3,0,0,0,0
531,2026/27,5,0,0,0,0,0,0,0,0,0,0,0,0,0,0.0,0.0,0.0,0.0,0,44,0.1,204,361,Melker,Ellborg,Ellborg,1,20,515046,Sunderland,SUN,3,3,0,0,0,0
532,2026/27,5,90,0,0,0,5,0,0,0,0,0,0,0,-12,28.4,0.3,11.0,4.0,2,49,2.2,3757,43152,Daniel,Ballard,Ballard,2,20,223827,Sunderland,SUN,3,3,0,0,0,0
533,2026/27,5,90,0,0,0,5,0,0,0,0,0,0,0,5,30.2,30.5,11.0,7.2,0,54,1.9,7588,13128,Nordi,Mukiele,Mukiele,2,20,200834,Sunderland,SUN,3,3,0,0,0,0
534,2026/27,5,11,0,0,0,1,0,0,0,0,0,0,0,-2,0.4,0.4,8.0,0.9,1,43,2.6,1748,48488,Trai,Hume,Hume,2,20,487676,Sunderland,SUN,3,3,0,0,0,0
535,2026/27,5,0,0,0,0,0,0,0,0,0,0,0,0,0,0.0,0.0,0.0,0.0,0,48,0.2,392,1602,Omar,Alderete,Alderete,2,20,201895,Sunderland,SUN,3,3,0,0,0,0
536,2026/27,5,0,0,0,0,0,0,0,0,0,0,0,0,0,0.0,0.0,0.0,0.0,0,44,0.2,395,2244,Reinildo,Mandava,Reinildo,2,20,434399,Sunderland,SUN,3,3,0,0,0,0
537,2026/27,5,0,0,0,0,0,0,0,0,0,0,0,0,0,0.0,0.0,0.0,0.0,0,45,0.0,0,33,Jenson,Seelt,Seelt,2,20,519634,Sunderland,SUN,3,3,0,0,0,0
538,2026/27,5,0,0,0,0,0,0,0,0,0,0,0,0,0,0.0,0.0,0.0,0.0,0,40,0.0,0,226,Leo Fuhr,Hjelde,Hjelde,2,20,477547,Sunderland,SUN,3,3,0,0,0,0
539,2026/27,5,0,0,0,0,0,0,0,0,0,0,0,0,0,0.0,0.0,0.0,0.0,0,39,2.5,24708,18907,Luke,O'Nien,O'Nien,2,20,167512,Sunderland,SUN,3,3,0,0,0,0
540,2026/27,5,0,0,0,0,0,0,0,0,0,0,0,0,0,0.0,0.0,0.0,0.0,0,40,0.1,0,846,Arthur,Masuaku,Masuaku,2,20,105717,Sunderland,SUN,3,3,0,0,0,0
541,2026/27,5,78,0,1,0,4,0,0,0,0,0,0,0,5,22.8,12.8,2.0,3.8,3,45,0.3,2691,1529,Thomas,Meunier,Meunier,2,20,93605,Sunderland,SUN,3,3,0,0,0,0
542,2026/27,5,90,0,1,0,5,0,0,0,0,0,0,0,33,33.8,72.8,2.0,10.9,5,57,3.3,17603,39844,Enzo,Le Fée,E.Le Fée,3,20,484420,Sunderland,SUN,3,3,0,0,0,0
543,2026/27,5,0,0,0,0,0,0,0,0,0,0,0,0,0,0.0,0.0,0.0,0.0,0,53,0.0,25,313,Habib,Diarra,Diarra,3,20,547027,Sunderland,SUN,3,3,0,0,0,0
544,2026/27,5,90,0,0,0,5,0,0,0,0,0,0,0,25,24.6,37.3,0.0,6.2,2,55,3.5,8995,34327,Granit,Xhaka,Xhaka,3,20,84450,Sunderland,SUN,3,3,0,0,0,0
545,2026/27,5,67,0,0,0,4,0,0,0,0,0,0,0,9,0.0,3.3,1.0,0.3,2,49,0.2,569,2062,Noah,Sadiki,Sadiki,3,20,577669,Sunderland,SUN,3,3,0,0,0,0
546,2026/27,5,0,0,0,0,0,0,0,0,0,0,0,0,0,0.0,0.0,0.0,0.0,0,49,0.0,0,286,Simon,Adingra,Adingra,3,20,535818,Sunderland,SUN,3,3,0,0,0,0
547,2026/27,5,0,0,0,0,0,0,0,0,0,0,0,0,0,0.0,0.0,0.0,0.0,0,49,0.0,13,65,Romaine,Mundle,Mundle,3,20,461199,Sunderland,SUN,3,3,0,0,0,0
548,2026/27,5,0,0,0,0,0,0,0,0,0,0,0,0,0,0.0,0.0,0.0,0.0,0,49,0.0,50,334,Chris,Rigg,Rigg,3,20,554197,Sunderland,SUN,3,3,0,0,0,0
549,2026/27,5,0,0,0,0,0,0,0,0,0,0,0,0,0,0.0,0.0,0.0,0.0,0,53,0.1,151,779,Chemsdine,Talbi,Talbi,3,20,549912,Sunderland,SUN,3,3,0,0,0,0
550,2026/27,5,0,0,0,0,0,0,0,0,0,0,0,0,0,0.0,0.0,0.0,0.0,0,50,0.0,60,65,Djiamgone Jocelin Ta,Bi,Jocelin.T,3,20,699989,Sunderland,SUN,3,3,0,0,0,0
551,2026/27,5,59,0,1,0,4,0,0,0,0,0,0,0,13,21.4,11.7,13.0,4.6,4,50,0.1,766,1082,Nilson,Angulo,N.Angulo,3,20,536661,Sunderland,SUN,3,3,0,0,0,0
552,2026/27,5,90,3,0,0,5,0,0,0,0,0,0,3,92,104.0,16.1,84.0,20.4,17,57,6.4,203749,108213,Brian,Brobbey,Brobbey,4,20,441264,Sunderland,SUN,3,3,0,0,0,0
553,2026/27,5,22,0,0,0,1,0,0,0,0,0,0,0,3,0.2,0.3,0.0,0.1,1,55,1.3,7867,15663,Wilson,Isidor,Isidor,4,20,437505,Sunderland,SUN,3,3,0,0,0,0
554,2026/27,5,0,0,0,0,0,0,0,0,0,0,0,0,0,0.0,0.0,0.0,0.0,0,45,0.0,0,132,Kayne,van Oevelen,Van Oevelen,1,12,546600,Ipswich Town,IPS,2,2,0,0,0,0
555,2026/27,5,0,0,0,0,0,0,0,0,0,0,0,0,0,0.0,0.0,0.0,0.0,0,40,1.7,1731,4155,Remi,Matthews,Matthews,1,8,169593,Crystal Palace,CRY,2,3,0,0,0,0
556,2026/27,5,0,0,0,0,0,0,0,0,0,0,0,0,0,0.0,0.0,0.0,0.0,0,40,1.6,153,15102,Matt,Targett,Targett,2,11,169359,Hull City,HUL,2,2,0,0,0,0
557,2026/27,5,72,0,0,0,3,0,0,0,0,0,0,0,9,5.0,6.2,6.0,1.7,2,63,10.4,13019,312963,Christos,Tzolis,Tzolis,3,1,439509,Arsenal,ARS,4,5,0,0,0,0
558,2026/27,5,90,0,0,0,1,0,0,0,0,0,0,0,16,13.6,5.8,4.0,2.3,2,50,0.1,301,1204,Xaver,Schlager,Schlager,3,18,204561,Nott'm Forest,NFO,3,3,0,0,0,0
559,2026/27,5,3,0,0,0,0,0,0,0,0,0,0,0,3,6.2,0.1,0.0,0.6,1,49,0.1,162,689,Aladji,Bamba,Bamba,3,17,632794,Newcastle,NEW,3,3,0,0,0,0
560,2026/27,5,0,0,0,0,0,0,0,0,0,0,0,0,0,0.0,0.0,0.0,0.0,0,44,0.1,295,393,Mike,Penders,Penders,1,6,549939,Chelsea,CHE,4,4,0,0,0,0
561,2026/27,5,0,0,0,0,0,0,0,0,0,0,0,0,0,0.0,0.0,0.0,0.0,0,45,0.0,91,130,Aaron,Anselmino,Anselmino,2,6,622758,Chelsea,CHE,4,4,0,0,0,0
562,2026/27,5,16,0,0,0,0,0,0,0,0,0,0,0,5,2.2,0.3,4.0,0.7,1,53,0.2,208,2308,Daizen,Maeda,Maeda,3,12,442967,Ipswich Town,IPS,2,2,0,0,0,0
563,2026/27,5,0,0,0,0,0,0,0,0,0,0,0,0,0,0.0,0.0,0.0,0.0,0,49,0.0,25,240,Hidemasa,Morita,Morita,3,11,445028,Hull City,HUL,2,2,0,0,0,0
564,2026/27,5,0,0,0,0,0,0,0,0,0,0,0,0,0,0.0,0.0,0.0,0.0,0,45,0.6,1236,3962,Kjell,Scherpen,Scherpen,1,12,240514,Ipswich Town,IPS,2,2,0,0,0,0
565,2026/27,5,21,0,0,0,0,0,0,0,1,0,0,0,0,2.2,0.0,0.0,0.2,0,56,9.3,12128,197839,Mamadou,Sangaré,M.Sangaré,3,4,513545,Brentford,BRE,3,3,0,0,0,0
566,2026/27,5,90,0,0,0,1,0,0,0,1,0,0,0,8,32.8,1.5,2.0,3.6,3,50,0.5,21103,9563,António João,Pereira de Albuquerque Tavares da Silva,Silva,2,3,483067,Bournemouth,BOU,3,3,0,0,0,0
567,2026/27,5,90,0,0,0,1,0,0,0,0,0,3,0,14,17.0,0.0,0.0,1.7,3,50,1.5,11201,8488,Lukás,Hornícek,Horníček,1,17,470551,Newcastle,NEW,3,3,0,0,0,0
568,2026/27,5,86,0,0,0,2,0,0,0,0,0,0,0,21,11.2,4.3,5.0,2.1,2,54,0.1,313,599,Valentín,Barco,Barco,3,6,543158,Chelsea,CHE,4,4,0,0,0,0
569,2026/27,5,79,0,0,1,0,0,0,0,0,0,0,0,3,0.0,14.8,12.0,2.3,2,60,5.4,226755,52355,Gonzalo,García,Gonzalo,4,10,551466,Fulham,FUL,2,3,0,0,0,0
570,2026/27,5,19,0,0,0,1,0,0,0,0,0,0,0,5,5.8,10.3,0.0,1.6,1,54,0.2,1041,1397,César,Palacios,Palacios,3,10,571779,Fulham,FUL,2,3,0,0,0,0
571,2026/27,5,17,0,0,0,0,0,0,0,0,0,0,0,1,0.0,1.0,0.0,0.0,1,48,0.1,156,553,Florentino Ibrain,Morris Luís,Florentino,3,12,216055,Ipswich Town,IPS,2,2,0,0,0,0
572,2026/27,5,90,0,0,0,2,0,1,0,1,0,3,0,16,48.2,0.0,0.0,4.8,6,47,13.1,176216,40182,Konstantinos,Tzolakis,Tzolakis,1,11,473284,Hull City,HUL,2,2,0,0,0,0
573,2026/27,5,0,0,0,0,0,0,0,0,0,0,0,0,0,0.0,0.0,0.0,0.0,0,44,0.2,194,602,Juanlu,Sánchez,Sanchez,2,3,494928,Bournemouth,BOU,3,3,0,0,0,0
574,2026/27,5,0,0,0,0,0,0,0,0,0,0,0,0,0,0.0,0.0,0.0,0.0,0,49,0.1,94,467,Jens,Hjertø-Dahl,Hjertø-Dahl,3,11,552946,Hull City,HUL,2,2,0,0,0,0
575,2026/27,5,90,0,0,1,0,0,0,0,0,0,0,0,10,5.0,11.7,0.0,1.7,3,48,0.1,431,1505,Caleb,Yirenkyi,Yirenkyi,3,7,661888,Coventry City,COV,2,2,0,0,0,0
576,2026/27,5,0,0,0,0,0,0,0,0,0,0,0,0,0,0.0,0.0,0.0,0.0,0,50,0.1,194,672,Elliot,Stroud,Stroud,3,11,608227,Hull City,HUL,2,2,0,0,0,0
577,2026/27,5,45,0,0,0,0,0,0,0,0,0,0,0,4,10.6,10.6,2.0,2.3,1,44,0.2,157,2072,Takehiro,Tomiyasu,Tomiyasu,2,8,223723,Crystal Palace,CRY,2,3,0,0,0,0
578,2026/27,5,0,0,0,0,0,0,0,0,0,0,0,0,0,0.0,0.0,0.0,0.0,0,53,0.0,34,714,Mykhailo,Mudryk,Mudryk,3,19,465920,Spurs,TOT,2,3,0,0,0,0
579,2026/27,5,90,0,0,1,0,0,0,0,0,0,0,1,28,12.0,2.8,2.0,1.7,7,54,3.1,26826,14843,Ronald,Araujo,Araujo,2,14,445087,Liverpool,LIV,4,4,0,0,0,0
580,2026/27,5,90,0,0,0,1,0,0,0,0,0,0,0,16,40.0,3.4,0.0,4.3,4,50,0.1,2081,804,Shea,Charles,Charles,3,10,463210,Fulham,FUL,2,3,0,0,0,0
581,2026/27,5,72,0,0,0,1,0,0,0,0,0,0,0,4,7.8,0.6,8.0,1.6,2,54,0.5,2133,3063,Ousmane,Diomande,Diomande,2,18,568420,Nott'm Forest,NFO,3,3,0,0,0,0
582,2026/27,5,0,0,0,0,0,0,0,0,0,0,0,0,0,0.0,0.0,0.0,0.0,0,54,0.2,547,2729,Brian,Madjo,Madjo,4,2,690838,Aston Villa,AVL,3,3,0,0,0,0
583,2026/27,5,90,0,0,0,3,0,0,0,0,0,0,0,7,17.6,27.2,4.0,4.9,1,49,0.2,783,799,Pep,Chavarría,Chavarria,2,6,498444,Chelsea,CHE,4,4,0,0,0,0
584,2026/27,5,0,0,0,0,0,0,0,0,0,0,0,0,0,0.0,0.0,0.0,0.0,0,54,0.1,68,587,Gustavo,Hamer,Hamer,3,7,196100,Coventry City,COV,2,2,0,0,0,0
585,2026/27,5,90,0,0,0,2,0,0,0,0,0,0,0,11,23.6,22.4,11.0,5.7,1,40,0.6,1387,2439,Lucas,Herrington,Herrington,2,11,597462,Hull City,HUL,2,2,0,0,0,0
586,2026/27,5,0,0,0,0,0,0,0,0,0,0,0,0,0,0.0,0.0,0.0,0.0,0,41,6.2,12424,41043,Nobel,Mendy,Mendy,2,11,606930,Hull City,HUL,2,2,0,0,0,0
587,2026/27,5,0,0,0,0,0,0,0,0,0,0,0,0,0,0.0,0.0,0.0,0.0,0,50,0.0,93,128,Gerónimo,Rulli,Rulli,1,15,106921,Man City,MCI,4,5,0,0,0,0
588,2026/27,5,90,0,0,1,0,0,0,0,0,0,0,0,23,15.8,2.5,2.0,2.0,6,50,0.3,2601,2953,Anan,Khalaili,Khalaili,2,8,570794,Crystal Palace,CRY,2,3,0,0,0,0
589,2026/27,5,12,0,0,0,0,0,0,0,0,0,0,0,5,3.2,11.0,2.0,1.6,1,50,0.0,42,148,Lucas,Gourna-Douath,Gourna-Douath,3,11,469266,Hull City,HUL,2,2,0,0,0,0
590,2026/27,5,0,0,0,0,0,0,0,0,0,0,0,0,0,0.0,0.0,0.0,0.0,0,45,0.1,174,309,Steven,Benda,Benda,1,18,428971,Nott'm Forest,NFO,3,3,0,0,0,0
591,2026/27,5,73,0,0,0,1,0,0,0,0,0,0,0,11,4.4,12.9,25.0,4.2,2,55,0.8,5050,9296,Julio,Enciso,Enciso,3,12,474120,Ipswich Town,IPS,2,2,0,0,0,0
592,2026/27,5,90,0,0,0,1,0,0,0,0,0,0,0,17,20.0,11.4,9.0,4.0,2,40,0.8,1063,3015,Abdoul,Ouattara,Ouattara,2,12,572584,Ipswich Town,IPS,2,2,0,0,0,0
593,2026/27,5,0,0,0,0,0,0,0,0,0,0,0,0,0,0.0,0.0,0.0,0.0,0,45,1.6,428,57155,Amar,Dedic,Dedić,2,17,463726,Newcastle,NEW,3,3,0,0,0,0
594,2026/27,5,0,0,0,0,0,0,0,0,0,0,0,0,0,0.0,0.0,0.0,0.0,0,59,0.2,4074,2875,Promise,David,David,4,5,538007,Brighton,BHA,3,4,0,0,0,0
595,2026/27,5,0,0,0,0,0,0,0,0,0,0,0,0,0,0.0,0.0,0.0,0.0,0,49,0.0,50,121,Zavier,Gozo,Gozo,3,8,559152,Crystal Palace,CRY,2,3,0,0,0,0
596,2026/27,5,90,0,0,0,2,0,0,0,0,0,0,0,11,19.4,11.5,1.0,3.2,3,45,0.1,1184,550,Matteo,Ruggeri,Ruggeri,2,2,487992,Aston Villa,AVL,3,3,0,0,0,0
597,2026/27,5,90,0,0,0,2,0,0,0,0,0,5,0,17,36.2,0.0,0.0,3.6,2,50,1.9,19399,10350,Zion,Suzuki,Suzuki,1,2,433969,Aston Villa,AVL,3,3,0,0,0,0
598,2026/27,5,90,0,0,1,0,0,0,0,0,0,0,0,27,20.8,2.3,17.0,4.0,6,45,0.1,447,383,Nico,Elvedi,Elvedi,2,13,173774,Leeds,LEE,3,3,0,0,0,0
599,2026/27,5,0,0,0,0,0,0,0,0,0,0,0,0,0,0.0,0.0,0.0,0.0,0,50,0.1,769,1041,Sidiki,Cherif,Cherif,4,7,627221,Coventry City,COV,2,2,0,0,0,0
600,2026/27,5,0,0,0,0,0,0,0,0,0,0,0,0,0,0.0,0.0,0.0,0.0,0,50,0.0,139,161,Ibrahim,Osman,Osman,3,5,612855,Brighton,BHA,3,4,0,0,0,0
601,2026/27,5,0,0,0,0,0,0,0,0,0,0,0,0,0,0.0,0.0,0.0,0.0,0,45,0.1,229,903,Luca,Williams-Barnett,Williams-Barnett,3,19,611917,Spurs,TOT,2,3,0,0,0,0
602,2026/27,5,0,0,0,0,0,0,0,0,0,0,0,0,0,0.0,0.0,0.0,0.0,0,45,0.0,0,278,Cameron,Humphreys,Humphreys,3,12,524180,Ipswich Town,IPS,2,2,0,0,0,0
603,2026/27,5,0,0,0,0,0,0,0,0,0,0,0,0,0,0.0,0.0,0.0,0.0,0,40,0.1,318,634,Jayden,Lienou,Lienou,2,13,643970,Leeds,LEE,3,3,0,0,0,0
604,2026/27,5,0,0,0,0,0,0,0,0,0,0,0,0,0,0.0,0.0,0.0,0.0,0,45,0.1,436,1115,Alfie,Cresswell,Cresswell,3,13,592740,Leeds,LEE,3,3,0,0,0,0
605,2026/27,5,5,0,0,0,0,0,0,0,0,0,0,0,9,2.2,10.3,6.0,1.9,1,45,3.9,38376,48133,Malick,Yalcouyé,Yalcouyé,3,5,611695,Brighton,BHA,3,4,0,0,0,0
606,2026/27,5,0,0,0,0,0,0,0,0,0,0,0,0,0,0.0,0.0,0.0,0.0,0,40,0.2,413,1066,Triston,Rowe,Rowe,2,2,569577,Aston Villa,AVL,3,3,0,0,0,0
607,2026/27,5,0,0,0,0,0,0,0,0,0,0,0,0,0,0.0,0.0,0.0,0.0,0,45,0.1,0,822,Luka,Lynch,Lynch,3,2,571380,Aston Villa,AVL,3,3,0,0,0,0
608,2026/27,5,15,0,0,0,0,0,0,0,0,0,0,0,3,0.2,0.8,4.0,0.5,1,50,0.1,1246,1186,Daniel,Jebbison,Jebbison,4,3,523700,Bournemouth,BOU,3,3,0,0,0,0
609,2026/27,5,0,0,0,0,0,0,0,0,0,0,0,0,0,0.0,0.0,0.0,0.0,0,40,0.2,0,2201,Leo,Shahar,Shahar,2,17,553746,Newcastle,NEW,3,3,0,0,0,0
610,2026/27,5,0,0,0,0,0,0,0,0,0,0,0,0,0,0.0,0.0,0.0,0.0,0,40,0.1,0,579,Luc,De Fougerolles,De Fougerolles,2,10,547686,Fulham,FUL,2,3,0,0,0,0
611,2026/27,5,45,0,0,0,0,0,0,0,0,0,0,0,6,10.4,1.4,0.0,1.2,1,45,0.2,2266,1913,Aaron,Wan-Bissaka,Wan-Bissaka,2,2,214590,Aston Villa,AVL,3,3,0,0,0,0
612,2026/27,5,90,0,0,0,5,0,0,0,1,0,0,0,-8,8.0,2.0,2.0,1.2,-1,45,0.0,150,88,Dayann,Méthalie,Methalie,2,20,638411,Sunderland,SUN,3,3,0,0,0,0
613,2026/27,5,0,0,0,0,0,0,0,0,0,0,0,0,0,0.0,0.0,0.0,0.0,0,45,0.2,755,2013,Jules,Ahoka,Ahoka,3,20,696104,Sunderland,SUN,3,3,0,0,0,0
614,2026/27,5,0,0,0,0,0,0,0,0,0,0,0,0,0,0.0,0.0,0.0,0.0,0,45,0.0,306,306,Jaouen,Hadjam,Hadjam,2,5,512123,Brighton,BHA,3,4,0,0,0,0
615,2026/27,5,0,0,0,0,0,0,0,0,0,0,0,0,0,0.0,0.0,0.0,0.0,0,45,0.0,240,246,Michele,Di Gregorio,Di Gregorio,1,3,230650,Bournemouth,BOU,3,3,0,0,0,0
616,2026/27,5,0,0,0,0,0,0,0,0,0,0,0,0,0,0.0,0.0,0.0,0.0,0,55,0.2,1023,2560,Ayyoub,Bouaddi,Bouaddi,3,15,637238,Man City,MCI,4,5,0,0,0,0
617,2026/27,5,27,1,0,0,0,0,0,0,0,0,0,0,25,39.2,25.1,17.0,8.1,6,50,0.0,467,199,Mohamed-Ali,Cho,Cho,3,11,490884,Hull City,HUL,2,2,0,0,0,0
618,2026/27,5,0,0,0,0,0,0,0,0,0,0,0,0,0,0.0,0.0,0.0,0.0,0,59,0.0,37,501,Leon,Goretzka,Goretzka,3,2,119090,Aston Villa,AVL,3,3,0,0,0,0
619,2026/27,5,80,0,0,0,1,0,0,0,0,0,0,0,15,10.0,6.2,0.0,1.6,2,50,0.1,788,1166,Exequiel,Palacios,Palacios,3,12,218543,Ipswich Town,IPS,2,2,0,0,0,0
620,2026/27,5,9,0,0,0,0,0,0,0,0,0,0,0,3,2.2,0.3,0.0,0.3,1,45,0.1,770,924,El Hadji Malick,Diouf,Diouf,2,4,613804,Brentford,BRE,3,3,0,0,0,0
621,2026/27,5,0,0,0,0,0,0,0,0,0,0,0,0,0,0.0,0.0,0.0,0.0,0,44,0.1,454,1331,Ryan,McAidoo,McAidoo,3,15,616288,Man City,MCI,4,5,0,0,0,0
622,2026/27,5,0,0,0,0,0,0,0,0,0,0,0,0,0,0.0,0.0,0.0,0.0,0,40,0.2,723,1879,Kaden,Braithwaite,Braithwaite,2,15,554054,Man City,MCI,4,5,0,0,0,0
623,2026/27,5,0,0,0,0,0,0,0,0,0,0,0,0,0,0.0,0.0,0.0,0.0,0,40,0.7,19767,3759,Dan,Bentley,Bentley,1,7,79602,Coventry City,COV,2,2,0,0,0,0
624,2026/27,5,0,0,0,0,0,0,0,0,0,0,0,0,0,0.0,0.0,0.0,0.0,0,50,0.0,0,6,Amario,Cozier-Duberry,Cozier-Duberry,3,5,519324,Brighton,BHA,3,4,0,0,0,0
625,2026/27,5,0,0,0,0,0,0,0,0,0,0,0,0,0,0.0,0.0,0.0,0.0,0,40,0.2,1185,992,Alex,Cairns,Cairns,1,13,97846,Leeds,LEE,3,3,0,0,0,0
626,2026/27,5,0,0,0,0,0,0,0,0,0,0,0,0,0,0.0,0.0,0.0,0.0,0,44,0.3,2657,3062,Macaulay,Zepa,Zepa,3,10,616069,Fulham,FUL,2,3,0,0,0,0
627,2026/27,5,71,0,0,1,0,0,0,0,0,0,0,0,8,2.2,3.3,21.0,2.7,3,80,1.9,24974,26570,Bradley,Barcola,Barcola,3,14,482616,Liverpool,LIV,4,4,0,0,0,0
628,2026/27,5,0,0,0,0,0,0,0,0,0,0,0,0,0,0.0,0.0,0.0,0.0,0,60,0.0,265,202,Allan,Andrade Elias,Allan,3,15,624777,Man City,MCI,4,5,0,0,0,0
629,2026/27,5,0,0,0,0,0,0,0,0,0,0,0,0,0,0.0,0.0,0.0,0.0,0,40,0.7,4368,3448,Michael,Zetterer,Zetterer,1,13,155465,Leeds,LEE,3,3,0,0,0,0
630,2026/27,5,0,0,0,0,0,0,0,0,0,0,0,0,0,0.0,0.0,0.0,0.0,0,45,0.0,304,262,Taylor,Harwood-Bellis,Harwood-Bellis,2,2,245719,Aston Villa,AVL,3,3,0,0,0,0
631,2026/27,5,6,0,0,0,2,0,0,0,0,0,0,0,2,0.0,0.0,0.0,0.0,1,60,0.1,1329,1572,Ibrahim,Mbaye,Mbaye,3,2,638987,Aston Villa,AVL,3,3,0,0,0,0
632,2026/27,5,0,0,0,0,0,0,0,0,0,0,0,0,0,0.0,0.0,0.0,0.0,0,50,0.0,90,541,Ilyas,Ansah,Ansah,4,11,626751,Hull City,HUL,2,2,0,0,0,0
633,2026/27,5,0,0,0,0,0,0,0,0,0,0,0,0,0,0.0,0.0,0.0,0.0,0,45,0.0,190,150,Honest,Ahanor,Ahanor,2,8,605972,Crystal Palace,CRY,2,3,0,0,0,0
634,2026/27,5,73,0,0,0,1,0,0,0,0,0,0,0,7,1.2,0.8,5.0,0.7,2,60,0.1,3569,2110,Matias,Fernandez-Pardo,Fernandez-Pardo,4,17,613221,Newcastle,NEW,3,3,0,0,0,0
635,2026/27,5,13,0,0,0,1,0,0,0,0,0,0,0,3,3.2,0.1,0.0,0.3,1,50,0.0,136,97,Hugo,Larsson,Larsson,3,10,551050,Fulham,FUL,2,3,0,0,0,0
636,2026/27,5,0,0,0,0,0,0,0,0,0,0,0,0,0,0.0,0.0,0.0,0.0,0,50,0.0,44,36,Manuel Ángel,Morán Ibáñez,Ángel,3,10,500033,Fulham,FUL,2,3,0,0,0,0
637,2026/27,5,12,0,0,0,0,0,0,0,0,0,0,0,5,2.4,11.2,2.0,1.6,1,50,0.1,2488,1509,Robinio,Vaz,Vaz,4,11,631000,Hull City,HUL,2,2,0,0,0,0
638,2026/27,5,0,0,0,0,0,0,0,0,0,0,0,0,0,0.0,0.0,0.0,0.0,0,40,0.2,490,3224,Brooke,Norton-Cuffy,Norton-Cuffy,2,11,496181,Hull City,HUL,2,2,0,0,0,0
639,2026/27,5,84,1,0,1,0,0,0,0,0,0,0,0,27,33.4,4.8,37.0,7.5,8,55,0.1,4224,456,José María,Andrés Baixauli,Andrés,3,5,592984,Brighton,BHA,3,4,0,0,0,0
640,2026/27,5,9,0,0,0,0,0,0,0,1,0,0,0,-2,0.0,10.3,4.0,1.4,0,55,0.1,1644,1442,Zian,Flemming,Flemming,4,12,431639,Ipswich Town,IPS,2,2,0,0,0,0
641,2026/27,5,0,0,0,0,0,0,0,0,0,0,0,0,0,0.0,0.0,0.0,0.0,0,45,0.0,133,100,Melvin,Bard,Bard,2,13,437497,Leeds,LEE,3,3,0,0,0,0
642,2026/27,5,62,0,0,0,2,0,0,0,0,0,0,0,2,0.0,15.3,8.0,2.0,2,55,0.0,666,437,Sorba,Thomas,Thomas,3,11,243951,Hull City,HUL,2,2,0,0,0,0
643,2026/27,5,0,0,0,0,0,0,0,0,0,0,0,0,0,0.0,0.0,0.0,0.0,0,45,0.4,857,4209,Ben,Chilwell,Chilwell,2,8,172850,Crystal Palace,CRY,2,3,0,0,0,0
644,2026/27,5,90,0,0,1,0,0,0,0,0,0,0,0,13,8.4,24.0,6.0,3.8,3,50,0.0,665,430,Quinten,Timber,Timber,3,8,450063,Crystal Palace,CRY,2,3,0,0,0,0
645,2026/27,5,0,0,0,0,0,0,0,0,0,0,0,0,0,0.0,0.0,0.0,0.0,0,50,0.0,116,111,Christos,Mouzakitis,Mouzakitis,3,11,647839,Hull City,HUL,2,2,0,0,0,0
646,2026/27,5,30,0,0,0,1,0,0,0,0,0,0,0,6,12.4,0.8,38.0,5.1,1,55,0.0,442,407,Malick,Fofana,Fofana,3,20,549940,Sunderland,SUN,3,3,0,0,0,0
647,2026/27,5,0,0,0,0,0,0,0,0,0,0,0,0,0,0.0,0.0,0.0,0.0,0,55,0.0,39,98,Darío,Osorio,Osorio,3,8,533646,Crystal Palace,CRY,2,3,0,0,0,0
648,2026/27,5,1,0,0,0,0,0,0,0,0,0,0,0,5,1.0,0.3,0.0,0.1,1,50,0.0,131,251,Jean-Mattéo,Bahoya,Bahoya,3,13,587982,Leeds,LEE,3,3,0,0,0,0
649,2026/27,5,90,0,0,1,0,0,0,0,0,0,0,2,39,23.8,26.0,0.0,5.0,8,45,1.5,29011,7985,Ainsley,Maitland-Niles,Maitland-Niles,2,9,154043,Everton,EVE,3,3,0,0,0,0
650,2026/27,5,90,0,0,0,1,0,0,0,0,0,0,0,17,32.4,11.3,0.0,4.4,4,45,0.3,31843,5581,David,Affengruber,Affengruber,2,10,442299,Fulham,FUL,2,3,0,0,0,0
651,2026/27,5,0,0,0,0,0,0,0,0,0,0,0,0,0,0.0,0.0,0.0,0.0,0,45,0.8,12875,9476,Juan,Angulo,J.Angulo,4,20,661313,Sunderland,SUN,3,3,0,0,0,0
652,2026/27,5,0,0,0,0,0,0,0,0,0,0,0,0,0,0.0,0.0,0.0,0.0,0,55,0.0,26,55,Femi,Azeez,Azeez,3,5,471551,Brighton,BHA,3,4,0,0,0,0
653,2026/27,5,0,0,0,0,0,0,0,0,0,0,0,0,0,0.0,0.0,0.0,0.0,0,45,0.0,291,566,Floyd,Samba,Samba,3,15,595480,Man City,MCI,4,5,0,0,0,0
654,2026/27,5,0,0,0,0,0,0,0,0,0,0,0,0,0,0.0,0.0,0.0,0.0,0,45,0.1,291,1201,Braiden,Graham,Graham,3,9,629068,Everton,EVE,3,3,0,0,0,0
655,2026/27,5,0,0,0,0,0,0,0,0,0,0,0,0,0,0.0,0.0,0.0,0.0,0,55,0.0,90,61,Yann,Gboho,Gboho,3,7,242893,Coventry City,COV,2,2,0,0,0,0
656,2026/27,5,90,0,0,1,0,0,0,0,0,0,0,0,27,17.6,0.7,4.0,2.2,6,40,0.1,2617,1093,Stephen,Mfuni,Mfuni,2,7,566213,Coventry City,COV,2,2,0,0,0,0
657,2026/27,5,0,0,0,0,0,0,0,0,0,0,0,0,0,0.0,0.0,0.0,0.0,0,45,0.0,435,316,Gustavo,Nunes Fernandes Gomes,Nunes,3,4,626464,Brentford,BRE,3,3,0,0,0,0
658,2026/27,5,0,0,0,0,0,0,0,0,0,0,0,0,0,0.0,0.0,0.0,0.0,0,45,0.0,393,247,Younes,Ibrahim,Ibrahim,3,5,661016,Brighton,BHA,3,4,0,0,0,0
659,2026/27,5,0,0,0,0,0,0,0,0,0,0,0,0,0,0.0,0.0,0.0,0.0,0,45,0.0,1862,823,Mason,Miley,Miley,3,17,665243,Newcastle,NEW,3,3,0,0,0,0
660,2026/27,5,0,0,0,0,0,0,0,0,0,0,0,0,0,0.0,0.0,0.0,0.0,0,40,0.0,691,87,Benjamin,Fredrick,Fredrick,2,4,612534,Brentford,BRE,3,3,0,0,0,0
661,2026/27,5,0,0,0,0,0,0,0,0,0,0,0,0,0,0.0,0.0,0.0,0.0,0,40,0.1,4189,832,Ellery,Balcombe,Balcombe,1,4,235448,Brentford,BRE,3,3,0,0,0,0
662,2026/27,5,3,0,0,0,1,0,0,0,0,0,0,0,5,4.6,1.7,0.0,0.6,1,45,0.0,422,96,Mahdi,Nicoll-Jazuli,Nicoll-Jazuli,3,6,636846,Chelsea,CHE,4,4,0,0,0,0
663,2026/27,5,0,0,0,0,0,0,0,0,0,0,0,0,0,0.0,0.0,0.0,0.0,0,40,0.0,514,82,Miodrag,Pivas,Pivas,2,17,578512,Newcastle,NEW,3,3,0,0,0,0
664,2026/27,5,0,0,0,0,0,0,0,0,0,0,0,0,0,0.0,0.0,0.0,0.0,0,45,0.2,13708,2414,Vakhtang,Salia,Salia,4,17,601767,Newcastle,NEW,3,3,0,0,0,0
665,2026/27,5,0,0,0,0,0,0,0,0,0,0,0,0,0,0.0,0.0,0.0,0.0,0,45,0.0,200,39,Michael,Mills,Mills,3,17,655585,Newcastle,NEW,3,3,0,0,0,0
666,2026/27,5,0,0,0,0,0,0,0,0,0,0,0,0,0,0.0,0.0,0.0,0.0,0,45,0.0,291,47,Kyran,Thompson,Thompson,3,17,671875,Newcastle,NEW,3,3,0,0,0,0
667,2026/27,5,0,0,0,0,0,0,0,0,0,0,0,0,0,0.0,0.0,0.0,0.0,0,40,0.2,12290,1565,James,Wright,Wright,1,2,481283,Aston Villa,AVL,3,3,0,0,0,0
